Client ID,Last purchased date,Item name,last_purchase_stage,Purchased product category,Purchased product subcategory,Purchased coach,Item Total,acquisition_date
100000000,2024-09-27,10 Semi Private (1:2 Lesson)  w/ Jasper Park,lesson,lesson,10 group lesson,Jasper Park,2380.0,2024-09-27
100000000,2024-10-07,100 Practice Credits,practice,practice,100 practice,others,0.0,2024-09-27
100000000,2024-10-07,20 Lesson Pack (Jasper Park),lesson,lesson,20 lesson,Jasper Park,0.0,2024-09-27
100000001,2024-12-16,Trial Lesson w/ Jasper,trial,trial,Trial lesson,Jasper Park,0.0,2024-12-16
100000004,2024-10-07,10 Practice Credits,practice,practice,10 practice,others,156.96,2024-10-07
100000004,2024-10-07,20 Lesson Pack (Jiali Khee.),lesson,lesson,20 lesson,Jiali Khee,1853.0,2024-10-07
100000004,2024-10-07,25 Practice Credits,practice,practice,25 practice,others,408.75,2024-10-07
100000004,2025-01-02,50 Lesson Pack  (Jiali Khee),lesson,lesson,50 lesson,Jiali Khee,0.0,2024-10-07
100000004,2025-03-17,Group Trial Jiali,trial,trial,Group Trial,Jiali Khee,196.2,2024-10-07
100000005,2024-11-13,100 Practice Credits,practice,practice,100 practice,others,0.0,2024-11-13
100000005,2024-12-09,10 Lesson Pack (Jasper  Park),lesson,lesson,10 lesson,Jasper Park,0.0,2024-11-13
100000005,2024-12-09,30 Mins 1:1 Lesson W/ Aiko H,lesson,lesson,30 mins lesson,Aiko H,0.0,2024-11-13
100000005,2024-12-09,30 Mins 1:1 Lesson W/ Jasper,lesson,lesson,30 mins lesson,Jasper Park,0.0,2024-11-13
100000005,2024-12-09,Trial Lesson w/ Jasper,trial,trial,Trial lesson,Jasper Park,0.0,2024-11-13
100000005,2025-02-08,Trial Lesson W/ Johnson Poh,trial,trial,Trial lesson,Johnson Poh,119.9,2024-11-13
100000005,2025-03-05,Trial Lesson W/ Joey Poh,trial,trial,Trial lesson,Joey Poh,119.9,2024-11-13
100000005,2025-05-04,30 Mins 1:1 Lesson W/ Joey Poh,lesson,lesson,30 mins lesson,Joey Poh,119.9,2024-11-13
100000005,2025-06-08,30 Mins 1:1 Lesson W/ Johnson Poh,lesson,lesson,30 mins lesson,Johnson Poh,119.9,2024-11-13
100000006,2024-10-16,10 Lesson Pack  (Johnson Poh),lesson,lesson,10 lesson,Johnson Poh,0.0,2024-10-16
100000006,2024-10-16,10 Practice Credits,practice,practice,10 practice,others,0.0,2024-10-16
100000007,2024-12-09,50 Lesson Pack (Jasper Park),lesson,lesson,50 lesson,Jasper Park,0.0,2024-12-09
100000007,2024-12-09,Trial Lesson W/ Joey Poh,trial,trial,Trial lesson,Joey Poh,0.0,2024-12-09
100000007,2024-12-09,Trial Lesson W/ Paul F,trial,trial,Trial lesson,Paul Finch,0.0,2024-12-09
100000007,2024-12-09,Trial Lesson w/ Jasper,trial,trial,Trial lesson,Jasper Park,0.0,2024-12-09
100000007,2024-12-30,100 Practice Credits,practice,practice,100 practice,others,0.0,2024-12-09
100000007,2025-01-05,30 Mins 1:1 Lesson W/ Joey Poh,lesson,lesson,30 mins lesson,Joey Poh,119.9,2024-12-09
100000007,2025-02-18,30 Mins 1:1 Lesson W/ Joey Poh,lesson,lesson,30 mins lesson,Joey Poh,119.9,2024-12-09
100000007,2025-03-02,10 Lesson Pack (Jiali Khee.),lesson,lesson,10 lesson,Jiali Khee,0.0,2024-12-09
100000007,2025-04-03,Trial Lesson W/ Desmond Tan,trial,trial,Trial lesson,Desmond Tan,0.0,2024-12-09
100000007,2025-04-15,Trial Lesson W/ Son Gunwoo,trial,trial,Trial lesson,Son Gunwoo,59.95,2024-12-09
100000008,2024-10-16,100 Practice Credits,practice,practice,100 practice,others,0.0,2024-10-16
100000008,2025-04-09,Trial Lesson W/ Son Gunwoo,trial,trial,Trial lesson,Son Gunwoo,59.95,2024-10-16
100000009,2024-10-21,10 Practice Credits,practice,practice,10 practice,others,0.0,2024-10-21
100000010,2024-10-21,10 Practice Credits,practice,practice,10 practice,others,0.0,2024-10-21
100000010,2025-02-08,25 Practice Credits,practice,practice,25 practice,others,408.75,2024-10-21
100000011,2024-10-21,25 Practice Credits,practice,practice,25 practice,others,0.0,2024-10-21
100000012,2024-10-21,10 Lesson Pack (Paul Finch),lesson,lesson,10 lesson,Paul Finch,0.0,2024-10-21
100000012,2024-10-21,10 Practice Credits,practice,practice,10 practice,others,0.0,2024-10-21
100000012,2025-01-03,10 Practice Credits,practice,practice,10 practice,others,174.4,2024-10-21
100000012,2025-02-16,30 Mins Practice Credit,practice,practice,30 mins practice,others,21.8,2024-10-21
100000013,2024-10-21,10 Lesson Pack (Jasper  Park),lesson,lesson,10 lesson,Jasper Park,0.0,2024-10-21
100000013,2024-10-21,10 Practice Credits,practice,practice,10 practice,others,0.0,2024-10-21
100000014,2024-10-21,100 Practice Credits,practice,practice,100 practice,others,0.0,2024-10-21
100000015,2024-10-21,10 Lesson Pack  (Johnson Poh),lesson,lesson,10 lesson,Johnson Poh,0.0,2024-10-21
100000016,2024-10-21,Trial Lesson w/ Jasper,trial,trial,Trial lesson,Jasper Park,0.0,2024-10-21
100000017,2024-10-21,10 Practice Credits,practice,practice,10 practice,others,0.0,2024-10-21
100000019,2024-10-21,10 Practice Credits,practice,practice,10 practice,others,0.0,2024-10-21
100000019,2024-10-21,20 Lesson Pack  (Joey Poh),lesson,lesson,20 lesson,Joey Poh,0.0,2024-10-21
100000019,2025-04-28,10 Lesson Pack (Joey Poh.),lesson,lesson,10 lesson,Joey Poh,981.0,2024-10-21
100000020,2024-10-21,20 Lesson Pack  (Joey Poh),lesson,lesson,20 lesson,Joey Poh,0.0,2024-10-21
100000020,2024-10-21,50 Practice Credits,practice,practice,50 practice,others,0.0,2024-10-21
100000020,2024-11-15,10 Lesson Pack (Joey Poh.),lesson,lesson,10 lesson,Joey Poh,0.0,2024-10-21
100000020,2025-01-07,50 Practice Credits,practice,practice,50 practice,others,763.0,2024-10-21
100000022,2024-10-21,10 Practice Credits,practice,practice,10 practice,others,0.0,2024-10-21
100000023,2024-10-21,10 Practice Credits,practice,practice,10 practice,others,0.0,2024-10-21
100000024,2024-10-21,10 Practice Credits,practice,practice,10 practice,others,0.0,2024-10-21
100000024,2024-12-02,10 Practice Credits,practice,practice,10 practice,others,0.0,2024-10-21
100000025,2024-10-21,10 Practice Credits,practice,practice,10 practice,others,0.0,2024-10-21
100000026,2024-10-21,10 Practice Credits,practice,practice,10 practice,others,0.0,2024-10-21
100000026,2024-10-21,20 Lesson Pack (Johnson Poh),lesson,lesson,20 lesson,Johnson Poh,0.0,2024-10-21
100000026,2024-10-21,25 Practice Credits,practice,practice,25 practice,others,0.0,2024-10-21
100000026,2024-12-02,20 Lesson Pack (Johnson Poh),lesson,lesson,20 lesson,Johnson Poh,0.0,2024-10-21
100000026,2025-06-08,50 Practice Credits,practice,practice,50 practice,others,763.0,2024-10-21
100000027,2024-10-21,10 Practice Credits,practice,practice,10 practice,others,0.0,2024-10-21
100000029,2024-10-21,10 Practice Credits,practice,practice,10 practice,others,0.0,2024-10-21
100000029,2025-08-02,10 Practice Credits,practice,practice,10 practice,others,174.4,2024-10-21
100000029,2025-08-14,Golfzon 18 Holes - 3 Pax,play,play,Golfzon,others,196.2,2024-10-21
100000030,2024-10-21,10 Practice Credits,practice,practice,10 practice,others,0.0,2024-10-21
100000031,2024-10-21,100 Practice Credits,practice,practice,100 practice,others,0.0,2024-10-21
100000032,2024-10-21,10 Lesson Pack (Paul Finch),lesson,lesson,10 lesson,Paul Finch,0.0,2024-10-21
100000032,2024-10-21,25 Practice Credits,practice,practice,25 practice,others,0.0,2024-10-21
100000033,2024-10-21,25 Practice Credits,practice,practice,25 practice,others,0.0,2024-10-21
100000034,2024-10-21,10 Lesson Pack  (Johnson Poh),lesson,lesson,10 lesson,Johnson Poh,0.0,2024-10-21
100000034,2024-10-21,10 Practice Credits,practice,practice,10 practice,others,0.0,2024-10-21
100000035,2024-10-21,50 Practice Credits,practice,practice,50 practice,others,0.0,2024-10-21
100000036,2024-10-21,10 Practice Credits,practice,practice,10 practice,others,0.0,2024-10-21
100000037,2024-10-21,25 Practice Credits,practice,practice,25 practice,others,0.0,2024-10-21
100000038,2024-10-21,10 Practice Credits,practice,practice,10 practice,others,0.0,2024-10-21
100000038,2025-01-19,10 Practice Credits,practice,practice,10 practice,others,174.4,2024-10-21
100000039,2024-10-21,100 Practice Credits,practice,practice,100 practice,others,0.0,2024-10-21
100000040,2024-10-21,10 Practice Credits,practice,practice,10 practice,others,0.0,2024-10-21
100000040,2025-04-20,10 Practice Credits,practice,practice,10 practice,others,174.4,2024-10-21
100000041,2024-10-21,10 Practice Credits,practice,practice,10 practice,others,0.0,2024-10-21
100000041,2025-02-09,10 Practice Credits,practice,practice,10 practice,others,174.4,2024-10-21
100000041,2025-06-01,10 Practice Credits,practice,practice,10 practice,others,174.4,2024-10-21
100000042,2024-10-21,25 Practice Credits,practice,practice,25 practice,others,0.0,2024-10-21
100000043,2024-10-21,10 Practice Credits,practice,practice,10 practice,others,0.0,2024-10-21
100000044,2024-10-21,100 Practice Credits,practice,practice,100 practice,others,0.0,2024-10-21
100000045,2024-10-21,10 Practice Credits,practice,practice,10 practice,others,0.0,2024-10-21
100000046,2024-10-21,25 Practice Credits,practice,practice,25 practice,others,0.0,2024-10-21
100000046,2025-05-09,Trial Lesson W/ Desmond Tan,trial,trial,Trial lesson,Desmond Tan,59.95,2024-10-21
100000046,2025-06-05,10 Practice Credits,practice,practice,10 practice,others,174.4,2024-10-21
100000047,2024-10-21,10 Practice Credits,practice,practice,10 practice,others,0.0,2024-10-21
100000048,2024-10-21,25 Practice Credits,practice,practice,25 practice,others,0.0,2024-10-21
100000049,2024-10-21,10 Practice Credits,practice,practice,10 practice,others,0.0,2024-10-21
100000050,2024-10-21,25 Practice Credits,practice,practice,25 practice,others,0.0,2024-10-21
100000051,2024-10-21,10 Practice Credits,practice,practice,10 practice,others,0.0,2024-10-21
100000052,2024-10-21,25 Practice Credits,practice,practice,25 practice,others,0.0,2024-10-21
100000052,2024-12-20,25 Practice Credits,practice,practice,25 practice,others,0.0,2024-10-21
100000052,2025-01-02,10 Lesson Pack  (Johnson Poh),lesson,lesson,10 lesson,Johnson Poh,0.0,2024-10-21
100000052,2025-03-19,25 Practice Credits,practice,practice,25 practice,others,408.75,2024-10-21
100000054,2024-10-21,10 Practice Credits,practice,practice,10 practice,others,0.0,2024-10-21
100000055,2024-10-21,10 Practice Credits,practice,practice,10 practice,others,0.0,2024-10-21
100000056,2024-10-21,10 Lesson Pack (Jiali Khee.),lesson,lesson,10 lesson,Jiali Khee,0.0,2024-10-21
100000056,2024-10-21,25 Practice Credits,practice,practice,25 practice,others,0.0,2024-10-21
100000056,2025-03-17,60 Mins Practise,practice,practice,60 mins practice,others,43.6,2024-10-21
100000056,2025-05-04,60 Mins Practise,practice,practice,60 mins practice,others,43.6,2024-10-21
100000059,2024-10-21,10 Practice Credits,practice,practice,10 practice,others,0.0,2024-10-21
100000060,2024-10-21,10 Practice Credits,practice,practice,10 practice,others,0.0,2024-10-21
100000061,2024-10-21,10 Practice Credits,practice,practice,10 practice,others,0.0,2024-10-21
100000061,2024-12-27,25 Practice Credits,practice,practice,25 practice,others,0.0,2024-10-21
100000064,2024-11-15,10 Lesson Pack  (Johnson Poh),lesson,lesson,10 lesson,Johnson Poh,0.0,2024-11-15
100000064,2024-11-15,10 Semi Private (1:2 Lesson) w/ Johnson Poh,lesson,lesson,10 group lesson,Johnson Poh,0.0,2024-11-15
100000064,2024-11-15,100 Practice Credits,practice,practice,100 practice,others,0.0,2024-11-15
100000064,2025-01-19,20 Lesson Pack (Johnson Poh),lesson,lesson,20 lesson,Johnson Poh,1853.0,2024-11-15
100000064,2025-08-09,100 Practice Credits,practice,practice,100 practice,others,1133.6,2024-11-15
100000064,2025-08-09,50 Lesson Pack  (Johnson Poh),lesson,lesson,50 lesson,Johnson Poh,4360.0,2024-11-15
100000065,2024-10-21,20 Lesson Pack (Jiali Khee.),lesson,lesson,20 lesson,Jiali Khee,0.0,2024-10-21
100000065,2024-10-21,25 Practice Credits,practice,practice,25 practice,others,0.0,2024-10-21
100000065,2025-01-23,25 Practice Credits,practice,practice,25 practice,others,408.75,2024-10-21
100000065,2025-02-05,10 Lesson Pack (Jiali Khee.),lesson,lesson,10 lesson,Jiali Khee,981.0,2024-10-21
100000065,2025-04-26,25 Practice Credits,practice,practice,25 practice,others,408.75,2024-10-21
100000065,2025-07-11,10 Lesson Pack (Jiali Khee.),lesson,lesson,10 lesson,Jiali Khee,981.0,2024-10-21
100000065,2025-07-11,25 Practice Credits,practice,practice,25 practice,others,367.88,2024-10-21
100000066,2024-10-21,10 Practice Credits,practice,practice,10 practice,others,0.0,2024-10-21
100000067,2024-10-21,10 Practice Credits,practice,practice,10 practice,others,0.0,2024-10-21
100000068,2024-10-21,10 Practice Credits,practice,practice,10 practice,others,0.0,2024-10-21
100000069,2024-10-21,50 Practice Credits,practice,practice,50 practice,others,0.0,2024-10-21
100000070,2024-10-21,100 Practice Credits,practice,practice,100 practice,others,0.0,2024-10-21
100000071,2024-10-21,25 Practice Credits,practice,practice,25 practice,others,0.0,2024-10-21
100000071,2024-10-21,30 Mins 1:1 Lesson W/ Johnson Poh,lesson,lesson,30 mins lesson,Johnson Poh,0.0,2024-10-21
100000072,2024-10-21,10 Practice Credits,practice,practice,10 practice,others,0.0,2024-10-21
100000073,2024-10-21,20 Lesson Pack (Kim On You),lesson,lesson,20 lesson,Kim On You,0.0,2024-10-21
100000073,2024-10-21,50 Practice Credits,practice,practice,50 practice,others,0.0,2024-10-21
100000074,2024-10-21,10 Practice Credits,practice,practice,10 practice,others,0.0,2024-10-21
100000075,2024-10-21,25 Practice Credits,practice,practice,25 practice,others,0.0,2024-10-21
100000076,2024-10-21,10 Lesson Pack  (Johnson Poh),lesson,lesson,10 lesson,Johnson Poh,0.0,2024-10-21
100000076,2024-10-21,10 Practice Credits,practice,practice,10 practice,others,0.0,2024-10-21
100000077,2024-10-21,10 Practice Credits,practice,practice,10 practice,others,0.0,2024-10-21
100000078,2024-10-21,10 Practice Credits,practice,practice,10 practice,others,0.0,2024-10-21
100000078,2024-12-27,10 Practice Credits,practice,practice,10 practice,others,0.0,2024-10-21
100000078,2025-03-18,10 Practice Credits,practice,practice,10 practice,others,174.4,2024-10-21
100000079,2024-10-21,25 Practice Credits,practice,practice,25 practice,others,0.0,2024-10-21
100000079,2025-05-01,10 Practice Credits,practice,practice,10 practice,others,174.4,2024-10-21
100000080,2024-10-21,10 Practice Credits,practice,practice,10 practice,others,0.0,2024-10-21
100000081,2024-10-21,10 Practice Credits,practice,practice,10 practice,others,0.0,2024-10-21
100000081,2025-03-21,60 Mins Practise,practice,practice,60 mins practice,others,87.2,2024-10-21
100000082,2024-10-21,10 Practice Credits,practice,practice,10 practice,others,0.0,2024-10-21
100000082,2025-08-12,10 Practice Credits,practice,practice,10 practice,others,174.4,2024-10-21
100000083,2024-10-21,10 Practice Credits,practice,practice,10 practice,others,0.0,2024-10-21
100000084,2024-10-21,10 Lesson Pack (Jasper  Park),lesson,lesson,10 lesson,Jasper Park,0.0,2024-10-21
100000084,2024-10-21,10 Practice Credits,practice,practice,10 practice,others,0.0,2024-10-21
100000085,2024-10-21,10 Practice Credits,practice,practice,10 practice,others,0.0,2024-10-21
100000086,2024-10-21,25 Practice Credits,practice,practice,25 practice,others,0.0,2024-10-21
100000086,2025-02-12,25 Practice Credits,practice,practice,25 practice,others,408.75,2024-10-21
100000086,2025-04-04,25 Practice Credits,practice,practice,25 practice,others,408.75,2024-10-21
100000086,2025-05-08,25 Practice Credits,practice,practice,25 practice,others,408.75,2024-10-21
100000086,2025-06-15,50 Practice Credits,practice,practice,50 practice,others,0.0,2024-10-21
100000087,2024-10-21,10 Lesson Pack (Joey Poh.),lesson,lesson,10 lesson,Joey Poh,0.0,2024-10-21
100000087,2024-10-21,10 Practice Credits,practice,practice,10 practice,others,0.0,2024-10-21
100000088,2024-10-21,10 Practice Credits,practice,practice,10 practice,others,0.0,2024-10-21
100000088,2025-05-13,25 Practice Credits,practice,practice,25 practice,others,408.75,2024-10-21
100000089,2024-10-22,10 Practice Credits,practice,practice,10 practice,others,0.0,2024-10-22
100000089,2025-06-15,10 Practice Credits,practice,practice,10 practice,others,174.4,2024-10-22
100000090,2024-10-21,10 Practice Credits,practice,practice,10 practice,others,0.0,2024-10-21
100000091,2024-10-21,10 Practice Credits,practice,practice,10 practice,others,0.0,2024-10-21
100000092,2024-10-21,10 Practice Credits,practice,practice,10 practice,others,0.0,2024-10-21
100000092,2025-02-04,10 Practice Credits,practice,practice,10 practice,others,174.4,2024-10-21
100000092,2025-04-21,10 Practice Credits,practice,practice,10 practice,others,174.4,2024-10-21
100000094,2024-10-21,10 Practice Credits,practice,practice,10 practice,others,0.0,2024-10-21
100000094,2025-01-16,10 Practice Credits,practice,practice,10 practice,others,174.4,2024-10-21
100000095,2024-10-21,25 Practice Credits,practice,practice,25 practice,others,0.0,2024-10-21
100000095,2025-03-20,10 Practice Credits,practice,practice,10 practice,others,174.4,2024-10-21
100000096,2024-10-21,10 Practice Credits,practice,practice,10 practice,others,0.0,2024-10-21
100000096,2025-03-23,10 Practice Credits,practice,practice,10 practice,others,174.4,2024-10-21
100000097,2024-10-21,10 Practice Credits,practice,practice,10 practice,others,0.0,2024-10-21
100000098,2024-10-21,50 Lesson Pack (Jasper Park),lesson,lesson,50 lesson,Jasper Park,0.0,2024-10-21
100000098,2024-10-21,50 Practice Credits,practice,practice,50 practice,others,0.0,2024-10-21
100000099,2024-10-21,50 Practice Credits,practice,practice,50 practice,others,0.0,2024-10-21
100000099,2025-03-19,Trial Lesson W/ Son Gunwoo,trial,trial,Trial lesson,Son Gunwoo,119.9,2024-10-21
100000100,2024-10-21,10 Lesson Pack (Jasper  Park),lesson,lesson,10 lesson,Jasper Park,0.0,2024-10-21
100000100,2024-10-21,50 Practice Credits,practice,practice,50 practice,others,0.0,2024-10-21
100000101,2024-10-21,50 Practice Credits,practice,practice,50 practice,others,0.0,2024-10-21
100000103,2024-10-21,10 Practice Credits,practice,practice,10 practice,others,0.0,2024-10-21
100000104,2024-10-21,10 Practice Credits,practice,practice,10 practice,others,0.0,2024-10-21
100000105,2024-10-21,10 Practice Credits,practice,practice,10 practice,others,0.0,2024-10-21
100000106,2024-10-21,10 Practice Credits,practice,practice,10 practice,others,0.0,2024-10-21
100000106,2025-04-19,10 Practice Credits,practice,practice,10 practice,others,174.4,2024-10-21
100000107,2024-10-21,10 Practice Credits,practice,practice,10 practice,others,0.0,2024-10-21
100000108,2024-10-21,10 Lesson Pack  (Johnson Poh),lesson,lesson,10 lesson,Johnson Poh,0.0,2024-10-21
100000108,2024-10-21,10 Practice Credits,practice,practice,10 practice,others,0.0,2024-10-21
100000109,2024-10-21,10 Practice Credits,practice,practice,10 practice,others,0.0,2024-10-21
100000109,2025-03-03,10 Practice Credits,practice,practice,10 practice,others,174.4,2024-10-21
100000110,2024-10-21,25 Practice Credits,practice,practice,25 practice,others,0.0,2024-10-21
100000111,2024-10-21,100 Practice Credits,practice,practice,100 practice,others,0.0,2024-10-21
100000111,2024-10-21,50 Lesson Pack  (Johnson Poh),lesson,lesson,50 lesson,Johnson Poh,0.0,2024-10-21
100000112,2024-10-21,25 Practice Credits,practice,practice,25 practice,others,0.0,2024-10-21
100000113,2024-10-21,10 Practice Credits,practice,practice,10 practice,others,0.0,2024-10-21
100000113,2025-03-24,30 Mins Practice Credit,practice,practice,30 mins practice,others,21.8,2024-10-21
100000114,2024-10-21,10 Practice Credits,practice,practice,10 practice,others,0.0,2024-10-21
100000115,2024-10-21,10 Practice Credits,practice,practice,10 practice,others,0.0,2024-10-21
100000116,2024-10-21,10 Practice Credits,practice,practice,10 practice,others,0.0,2024-10-21
100000116,2025-03-29,10 Practice Credits,practice,practice,10 practice,others,174.4,2024-10-21
100000118,2024-10-21,10 Practice Credits,practice,practice,10 practice,others,0.0,2024-10-21
100000119,2024-10-21,25 Practice Credits,practice,practice,25 practice,others,0.0,2024-10-21
100000120,2024-10-21,25 Practice Credits,practice,practice,25 practice,others,0.0,2024-10-21
100000121,2024-10-21,10 Practice Credits,practice,practice,10 practice,others,0.0,2024-10-21
100000121,2024-12-14,10 Lesson Pack (Jiali Khee.),lesson,lesson,10 lesson,Jiali Khee,0.0,2024-10-21
100000121,2024-12-14,10 Practice Credits,practice,practice,10 practice,others,0.0,2024-10-21
100000122,2024-10-21,25 Practice Credits,practice,practice,25 practice,others,0.0,2024-10-21
100000122,2025-08-21,Golfzon 18 Holes - 2 Pax,play,play,Golfzon,others,130.8,2024-10-21
100000123,2024-10-21,10 Practice Credits,practice,practice,10 practice,others,0.0,2024-10-21
100000124,2024-10-21,10 Practice Credits,practice,practice,10 practice,others,0.0,2024-10-21
100000125,2024-10-21,10 Practice Credits,practice,practice,10 practice,others,0.0,2024-10-21
100000126,2024-10-21,10 Lesson Pack (Joey Poh.),lesson,lesson,10 lesson,Joey Poh,0.0,2024-10-21
100000126,2024-10-21,10 Practice Credits,practice,practice,10 practice,others,0.0,2024-10-21
100000127,2024-10-21,10 Practice Credits,practice,practice,10 practice,others,0.0,2024-10-21
100000128,2024-10-21,20 Lesson Pack (Johnson Poh),lesson,lesson,20 lesson,Johnson Poh,0.0,2024-10-21
100000128,2024-10-21,50 Practice Credits,practice,practice,50 practice,others,0.0,2024-10-21
100000129,2024-10-21,10 Practice Credits,practice,practice,10 practice,others,0.0,2024-10-21
100000129,2024-10-21,5 Semi Private (1:2 Lesson) w/ Jiali Khee,lesson,lesson,5 group lesson,Jiali Khee,0.0,2024-10-21
100000130,2024-10-21,10 Lesson Pack  (Johnson Poh),lesson,lesson,10 lesson,Johnson Poh,0.0,2024-10-21
100000130,2024-10-21,10 Practice Credits,practice,practice,10 practice,others,0.0,2024-10-21
100000131,2024-10-21,10 Practice Credits,practice,practice,10 practice,others,0.0,2024-10-21
100000131,2025-03-05,10 Practice Credits,practice,practice,10 practice,others,174.4,2024-10-21
100000131,2025-07-19,10 Practice Credits,practice,practice,10 practice,others,174.4,2024-10-21
100000132,2024-10-21,10 Practice Credits,practice,practice,10 practice,others,0.0,2024-10-21
100000132,2025-06-18,10 Practice Credits,practice,practice,10 practice,others,174.4,2024-10-21
100000133,2024-10-21,10 Practice Credits,practice,practice,10 practice,others,0.0,2024-10-21
100000134,2024-10-21,10 Practice Credits,practice,practice,10 practice,others,0.0,2024-10-21
100000135,2024-10-21,25 Practice Credits,practice,practice,25 practice,others,0.0,2024-10-21
100000135,2025-03-23,25 Practice Credits,practice,practice,25 practice,others,408.75,2024-10-21
100000136,2024-10-21,50 Lesson Pack  (Johnson Poh),lesson,lesson,50 lesson,Johnson Poh,0.0,2024-10-21
100000136,2024-10-21,50 Practice Credits,practice,practice,50 practice,others,0.0,2024-10-21
100000137,2024-10-21,10 Practice Credits,practice,practice,10 practice,others,0.0,2024-10-21
100000138,2024-10-21,10 Lesson Pack ( Aiko H),lesson,lesson,10 lesson,Aiko H,0.0,2024-10-21
100000138,2024-10-21,10 Practice Credits,practice,practice,10 practice,others,0.0,2024-10-21
100000139,2024-10-21,10 Lesson Pack (Jasper  Park),lesson,lesson,10 lesson,Jasper Park,0.0,2024-10-21
100000139,2024-10-21,10 Practice Credits,practice,practice,10 practice,others,0.0,2024-10-21
100000140,2024-10-21,10 Practice Credits,practice,practice,10 practice,others,0.0,2024-10-21
100000140,2025-08-14,10 Practice Credits,practice,practice,10 practice,others,174.4,2024-10-21
100000141,2025-07-03,30 Mins Practice Credit,practice,practice,30 mins practice,others,21.8,2025-07-03
100000142,2024-10-21,10 Semi Private (1:2 Lesson) w/ Aiko H,lesson,lesson,10 group lesson,Aiko H,0.0,2024-10-21
100000142,2024-10-21,25 Practice Credits,practice,practice,25 practice,others,0.0,2024-10-21
100000142,2024-10-22,10 Semi Private (1:2 Lesson) w/ Aiko H,lesson,lesson,10 group lesson,Aiko H,0.0,2024-10-21
100000142,2024-12-20,10 Lesson Pack ( Aiko H),lesson,lesson,10 lesson,Aiko H,0.0,2024-10-21
100000143,2024-10-21,10 Practice Credits,practice,practice,10 practice,others,0.0,2024-10-21
100000144,2024-10-21,25 Practice Credits,practice,practice,25 practice,others,0.0,2024-10-21
100000145,2024-10-21,100 Practice Credits,practice,practice,100 practice,others,0.0,2024-10-21
100000148,2024-10-21,25 Practice Credits,practice,practice,25 practice,others,0.0,2024-10-21
100000150,2024-10-21,100 Practice Credits,practice,practice,100 practice,others,0.0,2024-10-21
100000151,2024-10-21,10 Practice Credits,practice,practice,10 practice,others,0.0,2024-10-21
100000153,2024-10-21,10 Practice Credits,practice,practice,10 practice,others,0.0,2024-10-21
100000153,2025-02-16,25 Practice Credits,practice,practice,25 practice,others,408.75,2024-10-21
100000153,2025-04-09,10 Practice Credits,practice,practice,10 practice,others,174.4,2024-10-21
100000153,2025-04-30,10 Practice Credits,practice,practice,10 practice,others,174.4,2024-10-21
100000153,2025-05-09,10 Practice Credits,practice,practice,10 practice,others,174.4,2024-10-21
100000153,2025-05-23,25 Practice Credits,practice,practice,25 practice,others,408.75,2024-10-21
100000153,2025-06-08,25 Practice Credits,practice,practice,25 practice,others,408.75,2024-10-21
100000154,2024-10-21,10 Practice Credits,practice,practice,10 practice,others,0.0,2024-10-21
100000155,2024-10-21,10 Lesson Pack (Paul Finch),lesson,lesson,10 lesson,Paul Finch,0.0,2024-10-21
100000155,2024-10-21,10 Practice Credits,practice,practice,10 practice,others,0.0,2024-10-21
100000156,2024-10-21,10 Lesson Pack (Jasper  Park),lesson,lesson,10 lesson,Jasper Park,0.0,2024-10-21
100000157,2024-10-21,25 Practice Credits,practice,practice,25 practice,others,0.0,2024-10-21
100000158,2024-10-21,10 Practice Credits,practice,practice,10 practice,others,0.0,2024-10-21
100000159,2024-10-21,10 Lesson Pack ( Aiko H),lesson,lesson,10 lesson,Aiko H,0.0,2024-10-21
100000159,2024-10-21,50 Practice Credits,practice,practice,50 practice,others,0.0,2024-10-21
100000159,2025-02-10,10 Practice Credits,practice,practice,10 practice,others,148.24,2024-10-21
100000159,2025-02-10,20 Lesson Pack ( Aiko H),lesson,lesson,20 lesson,Aiko H,1853.0,2024-10-21
100000160,2024-10-21,10 Practice Credits,practice,practice,10 practice,others,0.0,2024-10-21
100000161,2024-12-27,20 Lesson Pack (Kim On You),lesson,lesson,20 lesson,Kim On You,0.0,2024-12-27
100000161,2025-01-12,50 Practice Credits,practice,practice,50 practice,others,0.0,2024-12-27
100000161,2025-01-19,20 Lesson Pack (Kim On You),lesson,lesson,20 lesson,Kim On You,1853.0,2024-12-27
100000162,2024-10-21,10 Practice Credits,practice,practice,10 practice,others,0.0,2024-10-21
100000163,2024-10-21,25 Practice Credits,practice,practice,25 practice,others,0.0,2024-10-21
100000164,2024-10-21,10 Lesson Pack  (Johnson Poh),lesson,lesson,10 lesson,Johnson Poh,0.0,2024-10-21
100000164,2024-10-21,10 Practice Credits,practice,practice,10 practice,others,0.0,2024-10-21
100000164,2025-02-06,10 Lesson Pack  (Johnson Poh),lesson,lesson,10 lesson,Johnson Poh,981.0,2024-10-21
100000164,2025-02-06,10 Practice Credits,practice,practice,10 practice,others,156.96,2024-10-21
100000164,2025-03-25,10 Lesson Pack  (Johnson Poh),lesson,lesson,10 lesson,Johnson Poh,981.0,2024-10-21
100000164,2025-03-25,50 Practice Credits,practice,practice,50 practice,others,686.7,2024-10-21
100000165,2024-10-21,100 Practice Credits,practice,practice,100 practice,others,0.0,2024-10-21
100000166,2024-10-21,100 Practice Credits,practice,practice,100 practice,others,0.0,2024-10-21
100000166,2024-10-21,50 Lesson Pack  (Johnson Poh),lesson,lesson,50 lesson,Johnson Poh,0.0,2024-10-21
100000167,2024-10-21,50 Practice Credits,practice,practice,50 practice,others,0.0,2024-10-21
100000168,2024-10-21,10 Practice Credits,practice,practice,10 practice,others,0.0,2024-10-21
100000169,2024-10-21,10 Lesson Pack (Jasper  Park),lesson,lesson,10 lesson,Jasper Park,0.0,2024-10-21
100000169,2024-10-21,25 Practice Credits,practice,practice,25 practice,others,0.0,2024-10-21
100000170,2024-10-21,10 Lesson Pack ( Aiko H),lesson,lesson,10 lesson,Aiko H,0.0,2024-10-21
100000171,2024-10-21,20 Lesson Pack (Jiali Khee.),lesson,lesson,20 lesson,Jiali Khee,0.0,2024-10-21
100000171,2024-10-21,25 Practice Credits,practice,practice,25 practice,others,0.0,2024-10-21
100000171,2025-03-09,Trial Lesson W/ Johnson Poh,trial,trial,Trial lesson,Johnson Poh,119.9,2024-10-21
100000171,2025-03-10,10 Lesson Pack (Jiali Khee.),lesson,lesson,10 lesson,Jiali Khee,981.0,2024-10-21
100000172,2024-10-21,10 Practice Credits,practice,practice,10 practice,others,0.0,2024-10-21
100000174,2024-10-21,10 Practice Credits,practice,practice,10 practice,others,0.0,2024-10-21
100000175,2024-10-21,10 Practice Credits,practice,practice,10 practice,others,0.0,2024-10-21
100000176,2024-10-21,10 Practice Credits,practice,practice,10 practice,others,0.0,2024-10-21
100000177,2024-12-27,20 Lesson Pack (Kim On You),lesson,lesson,20 lesson,Kim On You,0.0,2024-12-27
100000177,2025-01-21,25 Practice Credits,practice,practice,25 practice,others,0.0,2024-12-27
100000177,2025-03-12,25 Practice Credits,practice,practice,25 practice,others,408.75,2024-12-27
100000178,2024-10-21,10 Lesson Pack  (Chun Leekyung),lesson,lesson,10 lesson,Chun Leekyung,0.0,2024-10-21
100000178,2024-10-21,100 Practice Credits,practice,practice,100 practice,others,0.0,2024-10-21
100000178,2025-01-19,10 Lesson Pack (Kim On You),lesson,lesson,10 lesson,Kim On You,0.0,2024-10-21
100000179,2024-10-21,10 Lesson Pack ( Aiko H),lesson,lesson,10 lesson,Aiko H,0.0,2024-10-21
100000179,2024-10-21,10 Practice Credits,practice,practice,10 practice,others,0.0,2024-10-21
100000179,2025-01-28,10 Practice Credits,practice,practice,10 practice,others,174.4,2024-10-21
100000179,2025-03-10,10 Practice Credits,practice,practice,10 practice,others,174.4,2024-10-21
100000179,2025-04-23,25 Practice Credits,practice,practice,25 practice,others,408.75,2024-10-21
100000180,2024-10-21,10 Practice Credits,practice,practice,10 practice,others,0.0,2024-10-21
100000180,2024-12-11,10 Practice Credits,practice,practice,10 practice,others,0.0,2024-10-21
100000181,2024-10-21,10 Practice Credits,practice,practice,10 practice,others,0.0,2024-10-21
100000181,2025-05-10,10 Practice Credits,practice,practice,10 practice,others,174.4,2024-10-21
100000181,2025-07-06,10 Practice Credits,practice,practice,10 practice,others,174.4,2024-10-21
100000182,2024-10-21,25 Practice Credits,practice,practice,25 practice,others,0.0,2024-10-21
100000182,2025-06-11,10 Practice Credits,practice,practice,10 practice,others,174.4,2024-10-21
100000183,2024-10-21,100 Practice Credits,practice,practice,100 practice,others,0.0,2024-10-21
100000184,2024-10-21,50 Practice Credits,practice,practice,50 practice,others,0.0,2024-10-21
100000184,2025-02-07,50 Practice Credits,practice,practice,50 practice,others,763.0,2024-10-21
100000184,2025-06-06,50 Practice Credits,practice,practice,50 practice,others,763.0,2024-10-21
100000187,2024-10-21,50 Practice Credits,practice,practice,50 practice,others,0.0,2024-10-21
100000187,2024-10-29,10 Lesson Pack (Kim On You),lesson,lesson,10 lesson,Kim On You,0.0,2024-10-21
100000187,2024-10-29,25 Practice Credits,practice,practice,25 practice,others,0.0,2024-10-21
100000187,2024-12-13,10 Lesson Pack (Kim On You),lesson,lesson,10 lesson,Kim On You,0.0,2024-10-21
100000187,2024-12-13,10 Practice Credits,practice,practice,10 practice,others,0.0,2024-10-21
100000187,2025-03-25,10 Lesson Pack (Kim On You),lesson,lesson,10 lesson,Kim On You,981.0,2024-10-21
100000191,2024-10-21,10 Practice Credits,practice,practice,10 practice,others,0.0,2024-10-21
100000192,2024-10-21,10 Lesson Pack (Kim On You),lesson,lesson,10 lesson,Kim On You,0.0,2024-10-21
100000192,2024-10-21,25 Practice Credits,practice,practice,25 practice,others,0.0,2024-10-21
100000192,2025-04-05,10 Lesson Pack (Kim On You),lesson,lesson,10 lesson,Kim On You,981.0,2024-10-21
100000193,2024-10-21,10 Lesson Pack  (Chun Leekyung),lesson,lesson,10 lesson,Chun Leekyung,0.0,2024-10-21
100000193,2024-10-21,25 Practice Credits,practice,practice,25 practice,others,0.0,2024-10-21
100000194,2024-10-21,10 Practice Credits,practice,practice,10 practice,others,0.0,2024-10-21
100000194,2025-01-03,10 Practice Credits,practice,practice,10 practice,others,174.4,2024-10-21
100000195,2024-10-21,20 Lesson Pack (Jasper Park),lesson,lesson,20 lesson,Jasper Park,0.0,2024-10-21
100000196,2024-10-21,50 Practice Credits,practice,practice,50 practice,others,0.0,2024-10-21
100000197,2024-10-21,10 Practice Credits,practice,practice,10 practice,others,0.0,2024-10-21
100000198,2024-10-21,25 Practice Credits,practice,practice,25 practice,others,0.0,2024-10-21
100000199,2024-10-21,10 Lesson Pack (Jiali Khee.),lesson,lesson,10 lesson,Jiali Khee,0.0,2024-10-21
100000199,2024-10-21,50 Practice Credits,practice,practice,50 practice,others,0.0,2024-10-21
100000199,2025-02-21,Trial Lesson W/ Jiali Khee,trial,trial,Trial lesson,Jiali Khee,119.9,2024-10-21
100000200,2024-10-21,50 Practice Credits,practice,practice,50 practice,others,0.0,2024-10-21
100000201,2024-10-21,25 Practice Credits,practice,practice,25 practice,others,0.0,2024-10-21
100000201,2024-12-20,10 Practice Credits,practice,practice,10 practice,others,0.0,2024-10-21
100000201,2025-01-04,25 Practice Credits,practice,practice,25 practice,others,0.0,2024-10-21
100000201,2025-03-08,25 Practice Credits,practice,practice,25 practice,others,408.75,2024-10-21
100000201,2025-05-23,25 Practice Credits,practice,practice,25 practice,others,408.75,2024-10-21
100000201,2025-08-03,25 Practice Credits,practice,practice,25 practice,others,408.75,2024-10-21
100000202,2024-10-21,20 Lesson Pack (Kim On You),lesson,lesson,20 lesson,Kim On You,0.0,2024-10-21
100000202,2024-10-21,25 Practice Credits,practice,practice,25 practice,others,0.0,2024-10-21
100000202,2025-03-25,20 Lesson Pack (Kim On You),lesson,lesson,20 lesson,Kim On You,1853.0,2024-10-21
100000203,2024-10-21,10 Practice Credits,practice,practice,10 practice,others,0.0,2024-10-21
100000204,2024-10-21,10 Practice Credits,practice,practice,10 practice,others,0.0,2024-10-21
100000205,2024-10-21,10 Practice Credits,practice,practice,10 practice,others,0.0,2024-10-21
100000206,2024-10-22,10 Lesson Pack (Joey Poh.),lesson,lesson,10 lesson,Joey Poh,0.0,2024-10-22
100000206,2024-10-22,25 Practice Credits,practice,practice,25 practice,others,0.0,2024-10-22
100000206,2025-03-29,10 Practice Credits,practice,practice,10 practice,others,174.4,2024-10-22
100000207,2024-10-22,10 Practice Credits,practice,practice,10 practice,others,0.0,2024-10-22
100000208,2024-10-22,10 Practice Credits,practice,practice,10 practice,others,0.0,2024-10-22
100000209,2024-10-22,10 Practice Credits,practice,practice,10 practice,others,0.0,2024-10-22
100000209,2025-05-21,30 Mins 1:1 Lesson W/ Johnson Poh,lesson,lesson,30 mins lesson,Johnson Poh,119.9,2024-10-22
100000209,2025-05-21,30 Mins Practice Credit,practice,practice,30 mins practice,others,21.8,2024-10-22
100000210,2024-10-22,10 Lesson Pack (Kim On You),lesson,lesson,10 lesson,Kim On You,0.0,2024-10-22
100000210,2024-10-22,50 Practice Credits,practice,practice,50 practice,others,0.0,2024-10-22
100000210,2025-04-18,10 Lesson Pack (Kim On You),lesson,lesson,10 lesson,Kim On You,981.0,2024-10-22
100000211,2024-10-22,25 Practice Credits,practice,practice,25 practice,others,0.0,2024-10-22
100000212,2024-10-22,10 Lesson Pack (Kim On You),lesson,lesson,10 lesson,Kim On You,0.0,2024-10-22
100000212,2024-10-22,25 Practice Credits,practice,practice,25 practice,others,0.0,2024-10-22
100000212,2024-12-11,10 Practice Credits,practice,practice,10 practice,others,0.0,2024-10-22
100000212,2025-02-08,25 Practice Credits,practice,practice,25 practice,others,408.75,2024-10-22
100000212,2025-04-27,10 Practice Credits,practice,practice,10 practice,others,174.4,2024-10-22
100000212,2025-08-11,25 Practice Credits,practice,practice,25 practice,others,408.75,2024-10-22
100000213,2024-10-22,10 Practice Credits,practice,practice,10 practice,others,0.0,2024-10-22
100000215,2024-10-22,25 Practice Credits,practice,practice,25 practice,others,0.0,2024-10-22
100000216,2024-10-22,10 Practice Credits,practice,practice,10 practice,others,0.0,2024-10-22
100000216,2025-08-15,10 Practice Credits,practice,practice,10 practice,others,174.4,2024-10-22
100000217,2024-10-22,10 Lesson Pack (Joey Poh.),lesson,lesson,10 lesson,Joey Poh,0.0,2024-10-22
100000218,2024-10-22,10 Lesson Pack (Kim On You),lesson,lesson,10 lesson,Kim On You,0.0,2024-10-22
100000218,2024-10-22,10 Practice Credits,practice,practice,10 practice,others,0.0,2024-10-22
100000219,2024-10-22,20 Lesson Pack (Johnson Poh),lesson,lesson,20 lesson,Johnson Poh,0.0,2024-10-22
100000219,2024-10-22,25 Practice Credits,practice,practice,25 practice,others,0.0,2024-10-22
100000219,2025-03-04,10 Practice Credits,practice,practice,10 practice,others,148.24,2024-10-22
100000219,2025-03-04,20 Lesson Pack (Johnson Poh),lesson,lesson,20 lesson,Johnson Poh,1853.0,2024-10-22
100000220,2024-10-22,100 Practice Credits,practice,practice,100 practice,others,0.0,2024-10-22
100000220,2024-10-22,50 Lesson Pack (Kim On You),lesson,lesson,50 lesson,Kim On You,0.0,2024-10-22
100000221,2024-10-22,100 Practice Credits,practice,practice,100 practice,others,0.0,2024-10-22
100000222,2024-10-22,10 Lesson Pack (Joey Poh.),lesson,lesson,10 lesson,Joey Poh,0.0,2024-10-22
100000222,2024-10-22,10 Practice Credits,practice,practice,10 practice,others,0.0,2024-10-22
100000223,2024-10-22,10 Practice Credits,practice,practice,10 practice,others,0.0,2024-10-22
100000223,2025-03-28,10 Practice Credits,practice,practice,10 practice,others,174.4,2024-10-22
100000224,2024-10-22,10 Practice Credits,practice,practice,10 practice,others,0.0,2024-10-22
100000224,2025-02-24,10 Practice Credits,practice,practice,10 practice,others,174.4,2024-10-22
100000225,2024-10-22,10 Practice Credits,practice,practice,10 practice,others,0.0,2024-10-22
100000226,2024-10-22,10 Lesson Pack ( Aiko H),lesson,lesson,10 lesson,Aiko H,0.0,2024-10-22
100000226,2024-10-22,25 Practice Credits,practice,practice,25 practice,others,0.0,2024-10-22
100000227,2024-10-22,100 Practice Credits,practice,practice,100 practice,others,0.0,2024-10-22
100000227,2025-05-29,Trial Lesson W/ Paul F,trial,trial,Trial lesson,Paul Finch,119.9,2024-10-22
100000227,2025-06-13,10 Lesson Pack (Paul Finch),lesson,lesson,10 lesson,Paul Finch,981.0,2024-10-22
100000228,2024-10-22,25 Practice Credits,practice,practice,25 practice,others,0.0,2024-10-22
100000228,2025-07-09,25 Practice Credits,practice,practice,25 practice,others,408.75,2024-10-22
100000229,2024-10-22,25 Practice Credits,practice,practice,25 practice,others,0.0,2024-10-22
100000230,2024-10-22,10 Practice Credits,practice,practice,10 practice,others,0.0,2024-10-22
100000230,2025-06-17,30 Mins Practice Credit,practice,practice,30 mins practice,others,43.6,2024-10-22
100000231,2024-10-22,10 Practice Credits,practice,practice,10 practice,others,0.0,2024-10-22
100000231,2025-02-10,25 Practice Credits,practice,practice,25 practice,others,408.75,2024-10-22
100000232,2024-10-22,10 Practice Credits,practice,practice,10 practice,others,0.0,2024-10-22
100000233,2024-10-22,25 Practice Credits,practice,practice,25 practice,others,0.0,2024-10-22
100000233,2024-10-22,5 Semi Private (1:2 Lesson) w/ Joey Poh,lesson,lesson,5 group lesson,Joey Poh,0.0,2024-10-22
100000234,2024-10-22,10 Lesson Pack (Jasper  Park),lesson,lesson,10 lesson,Jasper Park,0.0,2024-10-22
100000235,2024-10-22,10 Practice Credits,practice,practice,10 practice,others,0.0,2024-10-22
100000236,2024-10-22,10 Lesson Pack (Jasper  Park),lesson,lesson,10 lesson,Jasper Park,0.0,2024-10-22
100000236,2024-10-22,25 Practice Credits,practice,practice,25 practice,others,0.0,2024-10-22
100000237,2024-10-22,10 Practice Credits,practice,practice,10 practice,others,0.0,2024-10-22
100000237,2024-10-22,10 Semi Private (1:2 Lesson) w/ Johnson Poh,lesson,lesson,10 group lesson,Johnson Poh,0.0,2024-10-22
100000238,2024-10-22,25 Practice Credits,practice,practice,25 practice,others,0.0,2024-10-22
100000238,2025-01-17,10 Lesson Pack  (Johnson Poh),lesson,lesson,10 lesson,Johnson Poh,981.0,2024-10-22
100000238,2025-01-17,25 Practice Credits,practice,practice,25 practice,others,367.87,2024-10-22
100000239,2024-10-22,10 Lesson Pack (Joey Poh.),lesson,lesson,10 lesson,Joey Poh,0.0,2024-10-22
100000239,2024-10-22,10 Practice Credits,practice,practice,10 practice,others,0.0,2024-10-22
100000239,2025-02-01,10 Practice Credits,practice,practice,10 practice,others,174.4,2024-10-22
100000239,2025-05-05,25 Practice Credits,practice,practice,25 practice,others,408.75,2024-10-22
100000240,2024-10-22,10 Practice Credits,practice,practice,10 practice,others,0.0,2024-10-22
100000241,2024-10-22,10 Practice Credits,practice,practice,10 practice,others,0.0,2024-10-22
100000241,2024-11-15,50 Practice Credits,practice,practice,50 practice,others,0.0,2024-10-22
100000244,2024-10-22,25 Practice Credits,practice,practice,25 practice,others,0.0,2024-10-22
100000245,2024-10-22,10 Practice Credits,practice,practice,10 practice,others,0.0,2024-10-22
100000246,2024-10-22,25 Practice Credits,practice,practice,25 practice,others,0.0,2024-10-22
100000247,2024-10-22,10 Lesson Pack  (Johnson Poh),lesson,lesson,10 lesson,Johnson Poh,0.0,2024-10-22
100000247,2024-10-22,10 Practice Credits,practice,practice,10 practice,others,0.0,2024-10-22
100000248,2024-10-22,10 Practice Credits,practice,practice,10 practice,others,0.0,2024-10-22
100000248,2024-12-23,10 Practice Credits,practice,practice,10 practice,others,0.0,2024-10-22
100000248,2025-03-05,10 Practice Credits,practice,practice,10 practice,others,174.4,2024-10-22
100000248,2025-05-01,10 Practice Credits,practice,practice,10 practice,others,174.4,2024-10-22
100000248,2025-07-05,10 Practice Credits,practice,practice,10 practice,others,174.4,2024-10-22
100000248,2025-07-11,Golfzon 18 Holes - 3 Pax,play,play,Golfzon,others,196.2,2024-10-22
100000248,2025-08-08,10 Practice Credits,practice,practice,10 practice,others,174.4,2024-10-22
100000249,2024-10-22,100 Practice Credits,practice,practice,100 practice,others,0.0,2024-10-22
100000249,2024-10-22,25 Practice Credits,practice,practice,25 practice,others,0.0,2024-10-22
100000249,2024-10-22,5 Semi Private (1:2 Lesson) w/ Johnson Poh.,lesson,lesson,5 group lesson,Johnson Poh,0.0,2024-10-22
100000250,2024-10-22,20 Lesson Pack (Johnson Poh),lesson,lesson,20 lesson,Johnson Poh,0.0,2024-10-22
100000250,2024-10-22,25 Practice Credits,practice,practice,25 practice,others,0.0,2024-10-22
100000251,2024-10-22,10 Practice Credits,practice,practice,10 practice,others,0.0,2024-10-22
100000252,2024-10-22,10 Practice Credits,practice,practice,10 practice,others,0.0,2024-10-22
100000253,2024-10-22,100 Practice Credits,practice,practice,100 practice,others,0.0,2024-10-22
100000253,2024-10-22,50 Lesson Pack (Jasper Park),lesson,lesson,50 lesson,Jasper Park,0.0,2024-10-22
100000254,2024-10-22,25 Practice Credits,practice,practice,25 practice,others,0.0,2024-10-22
100000254,2024-12-29,25 Practice Credits,practice,practice,25 practice,others,0.0,2024-10-22
100000254,2025-02-15,25 Practice Credits,practice,practice,25 practice,others,408.75,2024-10-22
100000254,2025-04-19,25 Practice Credits,practice,practice,25 practice,others,408.75,2024-10-22
100000254,2025-06-08,25 Practice Credits,practice,practice,25 practice,others,408.75,2024-10-22
100000254,2025-08-10,25 Practice Credits,practice,practice,25 practice,others,408.75,2024-10-22
100000255,2024-10-22,25 Practice Credits,practice,practice,25 practice,others,0.0,2024-10-22
100000256,2024-10-22,25 Practice Credits,practice,practice,25 practice,others,0.0,2024-10-22
100000256,2024-12-13,10 Practice Credits,practice,practice,10 practice,others,0.0,2024-10-22
100000256,2025-02-18,10 Practice Credits,practice,practice,10 practice,others,174.4,2024-10-22
100000256,2025-03-18,10 Practice Credits,practice,practice,10 practice,others,174.4,2024-10-22
100000256,2025-04-13,10 Practice Credits,practice,practice,10 practice,others,174.4,2024-10-22
100000257,2024-10-22,25 Practice Credits,practice,practice,25 practice,others,0.0,2024-10-22
100000258,2024-10-22,10 Practice Credits,practice,practice,10 practice,others,0.0,2024-10-22
100000259,2024-10-22,50 Practice Credits,practice,practice,50 practice,others,0.0,2024-10-22
100000261,2024-10-22,25 Practice Credits,practice,practice,25 practice,others,0.0,2024-10-22
100000262,2024-10-22,10 Practice Credits,practice,practice,10 practice,others,0.0,2024-10-22
100000263,2024-10-22,Trial Lessom W/ Johnson Poh,trial,trial,Trial lesson,Johnson Poh,0.0,2024-10-22
100000264,2024-10-22,10 Practice Credits,practice,practice,10 practice,others,0.0,2024-10-22
100000265,2024-10-22,25 Practice Credits,practice,practice,25 practice,others,0.0,2024-10-22
100000266,2024-10-22,10 Practice Credits,practice,practice,10 practice,others,0.0,2024-10-22
100000267,2024-10-22,10 Practice Credits,practice,practice,10 practice,others,0.0,2024-10-22
100000267,2025-06-25,30 Mins Practice Credit,practice,practice,30 mins practice,others,21.8,2024-10-22
100000268,2024-10-22,10 Practice Credits,practice,practice,10 practice,others,0.0,2024-10-22
100000269,2024-10-22,10 Practice Credits,practice,practice,10 practice,others,0.0,2024-10-22
100000269,2024-12-27,10 Lesson Pack (Kim On You),lesson,lesson,10 lesson,Kim On You,0.0,2024-10-22
100000271,2024-10-22,10 Practice Credits,practice,practice,10 practice,others,0.0,2024-10-22
100000271,2025-06-09,Trial Lesson W/ Kim On You,trial,trial,Trial lesson,Kim On You,119.9,2024-10-22
100000271,2025-07-06,10 Practice Credits,practice,practice,10 practice,others,174.4,2024-10-22
100000272,2024-10-22,10 Practice Credits,practice,practice,10 practice,others,0.0,2024-10-22
100000273,2024-10-22,10 Practice Credits,practice,practice,10 practice,others,0.0,2024-10-22
100000274,2024-10-22,10 Practice Credits,practice,practice,10 practice,others,0.0,2024-10-22
100000275,2024-10-22,10 Lesson Pack (Jasper  Park),lesson,lesson,10 lesson,Jasper Park,0.0,2024-10-22
100000275,2024-10-22,50 Practice Credits,practice,practice,50 practice,others,0.0,2024-10-22
100000275,2024-11-05,10 Lesson Pack (Jasper  Park),lesson,lesson,10 lesson,Jasper Park,0.0,2024-10-22
100000275,2024-11-15,10 Lesson Pack (Jasper  Park),lesson,lesson,10 lesson,Jasper Park,0.0,2024-10-22
100000275,2024-11-15,10 Lesson Pack (Joey Poh.),lesson,lesson,10 lesson,Joey Poh,0.0,2024-10-22
100000275,2025-01-04,10 Lesson Pack (Joey Poh.),lesson,lesson,10 lesson,Joey Poh,981.0,2024-10-22
100000275,2025-01-04,50 Practice Credits,practice,practice,50 practice,others,686.7,2024-10-22
100000275,2025-03-20,10 Lesson Pack (Jasper  Park),lesson,lesson,10 lesson,Jasper Park,981.0,2024-10-22
100000275,2025-03-20,50 Practice Credits,practice,practice,50 practice,others,686.7,2024-10-22
100000275,2025-04-20,10 Lesson Pack (Joey Poh.),lesson,lesson,10 lesson,Joey Poh,981.0,2024-10-22
100000275,2025-07-25,10 Lesson Pack (Jasper  Park),lesson,lesson,10 lesson,Jasper Park,981.0,2024-10-22
100000275,2025-07-25,10 Lesson Pack (Joey Poh.),lesson,lesson,10 lesson,Joey Poh,981.0,2024-10-22
100000275,2025-07-25,50 Practice Credits,practice,practice,50 practice,others,610.4,2024-10-22
100000276,2024-10-22,10 Practice Credits,practice,practice,10 practice,others,0.0,2024-10-22
100000276,2025-01-11,10 Practice Credits,practice,practice,10 practice,others,174.4,2024-10-22
100000276,2025-07-14,10 Practice Credits,practice,practice,10 practice,others,174.4,2024-10-22
100000277,2024-10-22,25 Practice Credits,practice,practice,25 practice,others,0.0,2024-10-22
100000278,2024-10-22,10 Practice Credits,practice,practice,10 practice,others,0.0,2024-10-22
100000279,2024-10-22,10 Practice Credits,practice,practice,10 practice,others,0.0,2024-10-22
100000280,2024-10-22,10 Practice Credits,practice,practice,10 practice,others,0.0,2024-10-22
100000280,2024-12-31,25 Practice Credits,practice,practice,25 practice,others,0.0,2024-10-22
100000280,2025-02-12,Golfzon 9 Holes - 2 Pax,play,play,Golfzon,others,87.2,2024-10-22
100000281,2024-10-22,10 Lesson Pack (Joey Poh.),lesson,lesson,10 lesson,Joey Poh,0.0,2024-10-22
100000281,2024-10-22,25 Practice Credits,practice,practice,25 practice,others,0.0,2024-10-22
100000281,2025-05-31,10 Lesson Pack (Joey Poh.),lesson,lesson,10 lesson,Joey Poh,981.0,2024-10-22
100000281,2025-05-31,10 Practice Credits,practice,practice,10 practice,others,156.96,2024-10-22
100000282,2024-10-22,10 Practice Credits,practice,practice,10 practice,others,0.0,2024-10-22
100000283,2024-10-22,10 Practice Credits,practice,practice,10 practice,others,0.0,2024-10-22
100000284,2024-10-22,10 Lesson Pack (Paul Finch),lesson,lesson,10 lesson,Paul Finch,0.0,2024-10-22
100000284,2024-10-22,25 Practice Credits,practice,practice,25 practice,others,0.0,2024-10-22
100000285,2024-10-25,10 Practice Credits,practice,practice,10 practice,others,0.0,2024-10-25
100000286,2024-10-22,10 Practice Credits,practice,practice,10 practice,others,0.0,2024-10-22
100000287,2024-10-22,25 Practice Credits,practice,practice,25 practice,others,0.0,2024-10-22
100000287,2024-10-22,5 Semi Private (1:2 Lesson) w/ Johnson Poh.,lesson,lesson,5 group lesson,Johnson Poh,0.0,2024-10-22
100000287,2025-01-04,10 Practice Credits,practice,practice,10 practice,others,174.4,2024-10-22
100000287,2025-01-04,25 Practice Credits,practice,practice,25 practice,others,0.0,2024-10-22
100000287,2025-01-04,5 Semi Private (1:2 Lesson) w/ Johnson Poh.,lesson,lesson,5 group lesson,Johnson Poh,0.0,2024-10-22
100000288,2024-10-22,10 Practice Credits,practice,practice,10 practice,others,0.0,2024-10-22
100000289,2024-10-22,10 Practice Credits,practice,practice,10 practice,others,0.0,2024-10-22
100000290,2024-10-22,10 Lesson Pack (Paul Finch),lesson,lesson,10 lesson,Paul Finch,0.0,2024-10-22
100000290,2024-10-22,10 Practice Credits,practice,practice,10 practice,others,0.0,2024-10-22
100000291,2024-10-22,10 Practice Credits,practice,practice,10 practice,others,0.0,2024-10-22
100000292,2024-10-22,10 Practice Credits,practice,practice,10 practice,others,0.0,2024-10-22
100000293,2024-10-22,10 Practice Credits,practice,practice,10 practice,others,0.0,2024-10-22
100000294,2024-10-22,20 Lesson Pack (Chun Leekyung),lesson,lesson,20 lesson,Chun Leekyung,0.0,2024-10-22
100000294,2024-10-22,50 Practice Credits,practice,practice,50 practice,others,0.0,2024-10-22
100000294,2025-01-12,20 Lesson Pack (Kim On You),lesson,lesson,20 lesson,Kim On You,1853.0,2024-10-22
100000294,2025-01-12,50 Practice Credits,practice,practice,50 practice,others,648.55,2024-10-22
100000295,2024-10-22,10 Practice Credits,practice,practice,10 practice,others,0.0,2024-10-22
100000296,2024-10-22,10 Practice Credits,practice,practice,10 practice,others,0.0,2024-10-22
100000296,2025-04-13,10 Practice Credits,practice,practice,10 practice,others,174.4,2024-10-22
100000297,2024-10-22,10 Lesson Pack (Jasper  Park),lesson,lesson,10 lesson,Jasper Park,0.0,2024-10-22
100000297,2024-10-22,10 Practice Credits,practice,practice,10 practice,others,0.0,2024-10-22
100000297,2025-05-06,10 Lesson Pack (Jasper  Park),lesson,lesson,10 lesson,Jasper Park,981.0,2024-10-22
100000298,2024-10-22,10 Practice Credits,practice,practice,10 practice,others,0.0,2024-10-22
100000299,2024-10-22,100 Practice Credits,practice,practice,100 practice,others,0.0,2024-10-22
100000299,2024-10-22,50 Lesson Pack (Kim On You),lesson,lesson,50 lesson,Kim On You,0.0,2024-10-22
100000299,2025-07-19,Golfzon 9 Holes - 2 Pax,play,play,Golfzon,others,87.2,2024-10-22
100000300,2024-10-22,10 Practice Credits,practice,practice,10 practice,others,0.0,2024-10-22
100000301,2025-04-17,Trial Lesson W/ Joey Poh,trial,trial,Trial lesson,Joey Poh,0.0,2025-04-17
100000302,2024-10-22,25 Practice Credits,practice,practice,25 practice,others,0.0,2024-10-22
100000302,2024-10-22,50 Lesson Pack  (Joey Poh),lesson,lesson,50 lesson,Joey Poh,0.0,2024-10-22
100000303,2024-10-22,10 Practice Credits,practice,practice,10 practice,others,0.0,2024-10-22
100000304,2024-10-22,10 Lesson Pack  (Johnson Poh),lesson,lesson,10 lesson,Johnson Poh,0.0,2024-10-22
100000305,2024-10-22,10 Practice Credits,practice,practice,10 practice,others,0.0,2024-10-22
100000306,2024-10-22,10 Practice Credits,practice,practice,10 practice,others,0.0,2024-10-22
100000307,2024-10-22,20 Lesson Pack (Kim On You),lesson,lesson,20 lesson,Kim On You,0.0,2024-10-22
100000307,2024-10-22,25 Practice Credits,practice,practice,25 practice,others,0.0,2024-10-22
100000307,2025-04-08,25 Practice Credits,practice,practice,25 practice,others,408.75,2024-10-22
100000307,2025-05-06,10 Lesson Pack (Kim On You),lesson,lesson,10 lesson,Kim On You,981.0,2024-10-22
100000307,2025-06-05,10 Lesson Pack (Kim On You),lesson,lesson,10 lesson,Kim On You,981.0,2024-10-22
100000307,2025-06-05,30 Mins 1:1 Lesson W/ Kim On You,lesson,lesson,30 mins lesson,Kim On You,239.8,2024-10-22
100000308,2024-10-22,50 Practice Credits,practice,practice,50 practice,others,0.0,2024-10-22
100000308,2025-05-05,50 Practice Credits,practice,practice,50 practice,others,621.3,2024-10-22
100000309,2024-10-22,10 Practice Credits,practice,practice,10 practice,others,0.0,2024-10-22
100000310,2024-10-22,10 Practice Credits,practice,practice,10 practice,others,0.0,2024-10-22
100000311,2024-10-22,10 Practice Credits,practice,practice,10 practice,others,0.0,2024-10-22
100000312,2024-10-22,25 Practice Credits,practice,practice,25 practice,others,0.0,2024-10-22
100000313,2024-10-22,10 Practice Credits,practice,practice,10 practice,others,0.0,2024-10-22
100000314,2024-10-22,10 Practice Credits,practice,practice,10 practice,others,0.0,2024-10-22
100000314,2025-06-24,10 Practice Credits,practice,practice,10 practice,others,174.4,2024-10-22
100000315,2024-10-22,10 Practice Credits,practice,practice,10 practice,others,0.0,2024-10-22
100000316,2024-10-22,20 Lesson Pack (Jasper Park),lesson,lesson,20 lesson,Jasper Park,0.0,2024-10-22
100000316,2024-10-22,25 Practice Credits,practice,practice,25 practice,others,0.0,2024-10-22
100000316,2025-03-21,10 Lesson Pack (Jasper  Park),lesson,lesson,10 lesson,Jasper Park,981.0,2024-10-22
100000317,2024-10-22,20 Lesson Pack  (Joey Poh),lesson,lesson,20 lesson,Joey Poh,0.0,2024-10-22
100000317,2024-10-22,25 Practice Credits,practice,practice,25 practice,others,0.0,2024-10-22
100000318,2024-10-22,10 Lesson Pack (Jiali Khee.),lesson,lesson,10 lesson,Jiali Khee,0.0,2024-10-22
100000319,2024-10-22,10 Practice Credits,practice,practice,10 practice,others,0.0,2024-10-22
100000319,2025-03-23,10 Practice Credits,practice,practice,10 practice,others,174.4,2024-10-22
100000319,2025-07-20,10 Practice Credits,practice,practice,10 practice,others,174.4,2024-10-22
100000320,2024-10-22,10 Practice Credits,practice,practice,10 practice,others,0.0,2024-10-22
100000321,2024-10-22,20 Lesson Pack (Johnson Poh),lesson,lesson,20 lesson,Johnson Poh,0.0,2024-10-22
100000321,2024-10-22,50 Practice Credits,practice,practice,50 practice,others,0.0,2024-10-22
100000322,2024-10-22,50 Practice Credits,practice,practice,50 practice,others,0.0,2024-10-22
100000323,2024-10-22,10 Practice Credits,practice,practice,10 practice,others,0.0,2024-10-22
100000324,2024-10-22,10 Practice Credits,practice,practice,10 practice,others,0.0,2024-10-22
100000325,2024-10-22,25 Practice Credits,practice,practice,25 practice,others,0.0,2024-10-22
100000326,2024-10-22,10 Practice Credits,practice,practice,10 practice,others,0.0,2024-10-22
100000327,2024-10-22,10 Practice Credits,practice,practice,10 practice,others,0.0,2024-10-22
100000328,2024-10-22,10 Practice Credits,practice,practice,10 practice,others,0.0,2024-10-22
100000329,2024-10-22,10 Practice Credits,practice,practice,10 practice,others,0.0,2024-10-22
100000329,2024-12-30,10 Lesson Pack (Jiali Khee.),lesson,lesson,10 lesson,Jiali Khee,0.0,2024-10-22
100000330,2024-10-22,10 Practice Credits,practice,practice,10 practice,others,0.0,2024-10-22
100000331,2024-10-22,25 Practice Credits,practice,practice,25 practice,others,0.0,2024-10-22
100000332,2024-10-22,25 Practice Credits,practice,practice,25 practice,others,0.0,2024-10-22
100000333,2024-10-22,10 Practice Credits,practice,practice,10 practice,others,0.0,2024-10-22
100000334,2024-10-22,10 Practice Credits,practice,practice,10 practice,others,0.0,2024-10-22
100000334,2024-10-22,5 Semi Private (1:2 Lesson) w/ Joey Poh,lesson,lesson,5 group lesson,Joey Poh,0.0,2024-10-22
100000335,2024-10-22,10 Lesson Pack (Joey Poh.),lesson,lesson,10 lesson,Joey Poh,0.0,2024-10-22
100000335,2024-10-22,10 Practice Credits,practice,practice,10 practice,others,0.0,2024-10-22
100000336,2024-10-22,10 Practice Credits,practice,practice,10 practice,others,0.0,2024-10-22
100000337,2024-10-22,10 Practice Credits,practice,practice,10 practice,others,0.0,2024-10-22
100000337,2025-06-23,30 Mins Practice Credit,practice,practice,30 mins practice,others,21.8,2024-10-22
100000338,2024-10-22,10 Practice Credits,practice,practice,10 practice,others,0.0,2024-10-22
100000339,2024-10-22,10 Lesson Pack (Paul Finch),lesson,lesson,10 lesson,Paul Finch,0.0,2024-10-22
100000340,2024-10-22,10 Practice Credits,practice,practice,10 practice,others,0.0,2024-10-22
100000341,2024-10-22,10 Practice Credits,practice,practice,10 practice,others,0.0,2024-10-22
100000342,2024-10-22,50 Practice Credits,practice,practice,50 practice,others,0.0,2024-10-22
100000343,2024-10-22,10 Practice Credits,practice,practice,10 practice,others,0.0,2024-10-22
100000343,2025-03-05,10 Practice Credits,practice,practice,10 practice,others,174.4,2024-10-22
100000344,2024-10-22,25 Practice Credits,practice,practice,25 practice,others,0.0,2024-10-22
100000344,2025-05-24,25 Practice Credits,practice,practice,25 practice,others,408.75,2024-10-22
100000345,2024-10-22,10 Lesson Pack  (Johnson Poh),lesson,lesson,10 lesson,Johnson Poh,0.0,2024-10-22
100000345,2024-10-22,10 Practice Credits,practice,practice,10 practice,others,0.0,2024-10-22
100000345,2025-05-29,30 Mins Practice Credit,practice,practice,30 mins practice,others,21.8,2024-10-22
100000346,2024-10-22,25 Practice Credits,practice,practice,25 practice,others,0.0,2024-10-22
100000346,2025-02-25,10 Practice Credits,practice,practice,10 practice,others,174.4,2024-10-22
100000346,2025-07-26,30 Mins Practice Credit,practice,practice,30 mins practice,others,21.8,2024-10-22
100000347,2024-10-22,25 Practice Credits,practice,practice,25 practice,others,0.0,2024-10-22
100000348,2024-10-22,10 Lesson Pack (Joey Poh.),lesson,lesson,10 lesson,Joey Poh,0.0,2024-10-22
100000348,2024-12-11,10 Lesson Pack (Joey Poh.),lesson,lesson,10 lesson,Joey Poh,0.0,2024-10-22
100000348,2024-12-11,10 Practice Credits,practice,practice,10 practice,others,0.0,2024-10-22
100000349,2024-10-22,10 Practice Credits,practice,practice,10 practice,others,0.0,2024-10-22
100000350,2024-10-22,10 Practice Credits,practice,practice,10 practice,others,0.0,2024-10-22
100000351,2024-10-22,10 Practice Credits,practice,practice,10 practice,others,0.0,2024-10-22
100000351,2025-05-10,10 Practice Credits,practice,practice,10 practice,others,174.4,2024-10-22
100000352,2024-10-22,10 Lesson Pack (Jasper  Park),lesson,lesson,10 lesson,Jasper Park,0.0,2024-10-22
100000352,2024-10-22,50 Practice Credits,practice,practice,50 practice,others,0.0,2024-10-22
100000353,2024-10-22,50 Practice Credits,practice,practice,50 practice,others,0.0,2024-10-22
100000354,2024-12-11,10 Practice Credits,practice,practice,10 practice,others,0.0,2024-12-11
100000355,2024-10-22,25 Practice Credits,practice,practice,25 practice,others,0.0,2024-10-22
100000356,2024-10-22,100 Practice Credits,practice,practice,100 practice,others,0.0,2024-10-22
100000356,2025-03-28,100 Practice Credits,practice,practice,100 practice,others,1417.0,2024-10-22
100000357,2024-10-22,10 Practice Credits,practice,practice,10 practice,others,0.0,2024-10-22
100000359,2024-10-22,10 Practice Credits,practice,practice,10 practice,others,0.0,2024-10-22
100000359,2024-12-11,10 Practice Credits,practice,practice,10 practice,others,0.0,2024-10-22
100000359,2025-01-04,10 Practice Credits,practice,practice,10 practice,others,174.4,2024-10-22
100000359,2025-03-02,10 Practice Credits,practice,practice,10 practice,others,174.4,2024-10-22
100000359,2025-03-23,25 Practice Credits,practice,practice,25 practice,others,408.75,2024-10-22
100000359,2025-05-25,25 Practice Credits,practice,practice,25 practice,others,408.75,2024-10-22
100000359,2025-08-11,25 Practice Credits,practice,practice,25 practice,others,408.75,2024-10-22
100000360,2024-10-22,10 Practice Credits,practice,practice,10 practice,others,0.0,2024-10-22
100000361,2024-10-22,10 Practice Credits,practice,practice,10 practice,others,0.0,2024-10-22
100000361,2024-12-11,10 Practice Credits,practice,practice,10 practice,others,0.0,2024-10-22
100000361,2025-02-11,10 Practice Credits,practice,practice,10 practice,others,174.4,2024-10-22
100000361,2025-03-29,10 Practice Credits,practice,practice,10 practice,others,174.4,2024-10-22
100000361,2025-05-20,10 Practice Credits,practice,practice,10 practice,others,174.4,2024-10-22
100000361,2025-06-10,Trial Lesson W/ Johnson Poh,trial,trial,Trial lesson,Johnson Poh,119.9,2024-10-22
100000361,2025-07-22,10 Practice Credits,practice,practice,10 practice,others,174.4,2024-10-22
100000361,2025-08-20,10 Lesson Pack  (Johnson Poh),lesson,lesson,10 lesson,Johnson Poh,981.0,2024-10-22
100000361,2025-08-20,10 Practice Credits,practice,practice,10 practice,others,156.96,2024-10-22
100000362,2024-10-22,10 Practice Credits,practice,practice,10 practice,others,0.0,2024-10-22
100000363,2024-10-22,10 Lesson Pack (Jasper  Park),lesson,lesson,10 lesson,Jasper Park,0.0,2024-10-22
100000363,2024-10-22,10 Practice Credits,practice,practice,10 practice,others,0.0,2024-10-22
100000364,2024-10-22,10 Practice Credits,practice,practice,10 practice,others,0.0,2024-10-22
100000365,2024-10-22,10 Practice Credits,practice,practice,10 practice,others,0.0,2024-10-22
100000366,2024-10-22,10 Practice Credits,practice,practice,10 practice,others,0.0,2024-10-22
100000366,2025-06-14,30 Mins Practice Credit,practice,practice,30 mins practice,others,21.8,2024-10-22
100000366,2025-06-14,60 Mins Practise,practice,practice,60 mins practice,others,43.6,2024-10-22
100000367,2024-10-22,25 Practice Credits,practice,practice,25 practice,others,0.0,2024-10-22
100000368,2024-10-22,10 Lesson Pack  (Johnson Poh),lesson,lesson,10 lesson,Johnson Poh,0.0,2024-10-22
100000369,2024-12-02,25 Practice Credits,practice,practice,25 practice,others,0.0,2024-12-02
100000370,2024-10-23,25 Practice Credits,practice,practice,25 practice,others,0.0,2024-10-23
100000371,2024-10-23,25 Practice Credits,practice,practice,25 practice,others,0.0,2024-10-23
100000372,2024-10-23,10 Lesson Pack (Jiali Khee.),lesson,lesson,10 lesson,Jiali Khee,0.0,2024-10-23
100000372,2024-10-23,25 Practice Credits,practice,practice,25 practice,others,0.0,2024-10-23
100000373,2024-10-23,10 Lesson Pack (Kim On You),lesson,lesson,10 lesson,Kim On You,0.0,2024-10-23
100000373,2025-05-14,20 Lesson Pack (Kim On You),lesson,lesson,20 lesson,Kim On You,1853.0,2024-10-23
100000373,2025-06-22,10 Practice Credits,practice,practice,10 practice,others,174.4,2024-10-23
100000373,2025-08-12,10 Lesson Pack (Kim On You),lesson,lesson,10 lesson,Kim On You,981.0,2024-10-23
100000374,2024-10-23,10 Practice Credits,practice,practice,10 practice,others,0.0,2024-10-23
100000374,2024-10-23,20 Lesson Pack (Paul Finch),lesson,lesson,20 lesson,Paul Finch,0.0,2024-10-23
100000374,2025-02-07,30 Mins Practice Credit,practice,practice,30 mins practice,others,43.6,2024-10-23
100000375,2024-10-23,10 Practice Credits,practice,practice,10 practice,others,0.0,2024-10-23
100000375,2025-06-13,10 Practice Credits,practice,practice,10 practice,others,174.4,2024-10-23
100000375,2025-08-18,10 Lesson Pack  (Johnson Poh),lesson,lesson,10 lesson,Johnson Poh,981.0,2024-10-23
100000376,2024-10-23,10 Practice Credits,practice,practice,10 practice,others,0.0,2024-10-23
100000376,2024-10-29,10 Lesson Pack (Paul Finch),lesson,lesson,10 lesson,Paul Finch,0.0,2024-10-23
100000376,2025-08-12,10 Lesson Pack (Desmond Tan),lesson,lesson,10 lesson,Desmond Tan,0.0,2024-10-23
100000376,2025-08-12,10 Lesson Pack (Paul Finch),lesson,lesson,10 lesson,Paul Finch,0.0,2024-10-23
100000377,2024-10-23,10 Lesson Pack (Jasper  Park),lesson,lesson,10 lesson,Jasper Park,0.0,2024-10-23
100000377,2024-10-23,10 Practice Credits,practice,practice,10 practice,others,0.0,2024-10-23
100000377,2025-08-05,10 Lesson Pack (Jasper  Park),lesson,lesson,10 lesson,Jasper Park,981.0,2024-10-23
100000377,2025-08-05,10 Practice Credits,practice,practice,10 practice,others,156.96,2024-10-23
100000378,2024-10-23,25 Practice Credits,practice,practice,25 practice,others,0.0,2024-10-23
100000379,2024-10-23,10 Practice Credits,practice,practice,10 practice,others,0.0,2024-10-23
100000380,2024-10-23,10 Practice Credits,practice,practice,10 practice,others,0.0,2024-10-23
100000381,2024-10-23,10 Practice Credits,practice,practice,10 practice,others,0.0,2024-10-23
100000382,2024-10-23,50 Practice Credits,practice,practice,50 practice,others,0.0,2024-10-23
100000383,2024-10-23,50 Practice Credits,practice,practice,50 practice,others,0.0,2024-10-23
100000384,2024-10-23,25 Practice Credits,practice,practice,25 practice,others,0.0,2024-10-23
100000385,2024-10-23,10 Practice Credits,practice,practice,10 practice,others,0.0,2024-10-23
100000386,2024-10-23,10 Lesson Pack (Joey Poh.),lesson,lesson,10 lesson,Joey Poh,0.0,2024-10-23
100000390,2024-10-23,10 Lesson Pack (Joey Poh.),lesson,lesson,10 lesson,Joey Poh,0.0,2024-10-23
100000390,2024-10-23,10 Practice Credits,practice,practice,10 practice,others,0.0,2024-10-23
100000390,2025-05-25,10 Practice Credits,practice,practice,10 practice,others,174.4,2024-10-23
100000392,2024-10-23,10 Practice Credits,practice,practice,10 practice,others,0.0,2024-10-23
100000392,2025-05-08,10 Lesson Pack (Kim On You),lesson,lesson,10 lesson,Kim On You,0.0,2024-10-23
100000393,2024-10-23,20 Lesson Pack (Kim On You),lesson,lesson,20 lesson,Kim On You,0.0,2024-10-23
100000393,2024-10-23,25 Practice Credits,practice,practice,25 practice,others,0.0,2024-10-23
100000393,2025-01-12,20 Lesson Pack (Kim On You),lesson,lesson,20 lesson,Kim On You,1853.0,2024-10-23
100000393,2025-01-12,25 Practice Credits,practice,practice,25 practice,others,347.44,2024-10-23
100000393,2025-05-08,10 Lesson Pack (Kim On You),lesson,lesson,10 lesson,Kim On You,981.0,2024-10-23
100000394,2024-10-23,10 Practice Credits,practice,practice,10 practice,others,0.0,2024-10-23
100000395,2024-12-03,25 Practice Credits,practice,practice,25 practice,others,0.0,2024-12-03
100000396,2024-10-23,10 Practice Credits,practice,practice,10 practice,others,0.0,2024-10-23
100000396,2025-05-30,10 Practice Credits,practice,practice,10 practice,others,174.4,2024-10-23
100000397,2024-10-23,10 Lesson Pack  (Johnson Poh),lesson,lesson,10 lesson,Johnson Poh,0.0,2024-10-23
100000397,2024-10-23,10 Practice Credits,practice,practice,10 practice,others,0.0,2024-10-23
100000397,2025-07-20,30 Mins Practice Credit,practice,practice,30 mins practice,others,21.8,2024-10-23
100000398,2024-10-23,50 Practice Credits,practice,practice,50 practice,others,0.0,2024-10-23
100000398,2025-02-03,25 Practice Credits,practice,practice,25 practice,others,408.75,2024-10-23
100000398,2025-03-20,10 Practice Credits,practice,practice,10 practice,others,174.4,2024-10-23
100000399,2024-10-23,20 Lesson Pack (Jasper Park),lesson,lesson,20 lesson,Jasper Park,0.0,2024-10-23
100000399,2024-10-23,25 Practice Credits,practice,practice,25 practice,others,0.0,2024-10-23
100000400,2024-10-23,25 Practice Credits,practice,practice,25 practice,others,0.0,2024-10-23
100000400,2024-11-15,20 Lesson Pack (Jasper Park),lesson,lesson,20 lesson,Jasper Park,0.0,2024-10-23
100000400,2025-06-14,30 Mins 1:1 Lesson W/ Jasper,lesson,lesson,30 mins lesson,Jasper Park,119.9,2024-10-23
100000400,2025-06-15,10 Lesson Pack (Jasper  Park),lesson,lesson,10 lesson,Jasper Park,981.0,2024-10-23
100000401,2024-10-23,25 Practice Credits,practice,practice,25 practice,others,0.0,2024-10-23
100000402,2024-10-23,10 Practice Credits,practice,practice,10 practice,others,0.0,2024-10-23
100000403,2024-10-23,10 Lesson Pack (Jasper  Park),lesson,lesson,10 lesson,Jasper Park,0.0,2024-10-23
100000403,2024-10-23,10 Practice Credits,practice,practice,10 practice,others,0.0,2024-10-23
100000404,2024-11-20,10 Lesson Pack  (Johnson Poh),lesson,lesson,10 lesson,Johnson Poh,0.0,2024-11-20
100000404,2024-11-20,10 Practice Credits,practice,practice,10 practice,others,0.0,2024-11-20
100000404,2025-04-26,10 Lesson Pack  (Johnson Poh),lesson,lesson,10 lesson,Johnson Poh,981.0,2024-11-20
100000404,2025-04-26,10 Practice Credits,practice,practice,10 practice,others,156.96,2024-11-20
100000405,2024-10-23,25 Practice Credits,practice,practice,25 practice,others,0.0,2024-10-23
100000405,2025-04-13,30 Mins Practice Credit,practice,practice,30 mins practice,others,21.8,2024-10-23
100000406,2024-10-23,10 Lesson Pack (Paul Finch),lesson,lesson,10 lesson,Paul Finch,0.0,2024-10-23
100000407,2024-10-23,10 Practice Credits,practice,practice,10 practice,others,0.0,2024-10-23
100000407,2024-10-23,5 Semi Private (1:2 Lesson) w/ Paul Finch,lesson,lesson,5 group lesson,Paul Finch,0.0,2024-10-23
100000408,2024-10-23,25 Practice Credits,practice,practice,25 practice,others,0.0,2024-10-23
100000410,2024-10-23,10 Practice Credits,practice,practice,10 practice,others,0.0,2024-10-23
100000412,2024-10-23,50 Practice Credits,practice,practice,50 practice,others,0.0,2024-10-23
100000413,2024-10-23,25 Practice Credits,practice,practice,25 practice,others,0.0,2024-10-23
100000414,2024-10-23,10 Practice Credits,practice,practice,10 practice,others,0.0,2024-10-23
100000415,2024-10-23,10 Practice Credits,practice,practice,10 practice,others,0.0,2024-10-23
100000416,2024-10-23,10 Practice Credits,practice,practice,10 practice,others,0.0,2024-10-23
100000417,2024-10-23,10 Practice Credits,practice,practice,10 practice,others,0.0,2024-10-23
100000419,2024-10-23,10 Lesson Pack (Joey Poh.),lesson,lesson,10 lesson,Joey Poh,0.0,2024-10-23
100000420,2024-10-23,10 Lesson Pack (Jiali Khee.),lesson,lesson,10 lesson,Jiali Khee,0.0,2024-10-23
100000420,2024-10-23,10 Practice Credits,practice,practice,10 practice,others,0.0,2024-10-23
100000421,2024-10-23,10 Lesson Pack  (Johnson Poh),lesson,lesson,10 lesson,Johnson Poh,0.0,2024-10-23
100000421,2024-10-23,10 Practice Credits,practice,practice,10 practice,others,0.0,2024-10-23
100000422,2024-10-23,10 Lesson Pack  (Johnson Poh),lesson,lesson,10 lesson,Johnson Poh,0.0,2024-10-23
100000422,2024-10-23,10 Practice Credits,practice,practice,10 practice,others,0.0,2024-10-23
100000423,2024-10-23,25 Practice Credits,practice,practice,25 practice,others,0.0,2024-10-23
100000424,2024-10-23,25 Practice Credits,practice,practice,25 practice,others,0.0,2024-10-23
100000425,2024-10-23,10 Lesson Pack (Jasper  Park),lesson,lesson,10 lesson,Jasper Park,0.0,2024-10-23
100000425,2024-10-23,100 Practice Credits,practice,practice,100 practice,others,0.0,2024-10-23
100000426,2024-10-23,25 Practice Credits,practice,practice,25 practice,others,0.0,2024-10-23
100000426,2025-05-04,10 Practice Credits,practice,practice,10 practice,others,174.4,2024-10-23
100000427,2024-10-23,10 Practice Credits,practice,practice,10 practice,others,0.0,2024-10-23
100000428,2024-10-23,25 Practice Credits,practice,practice,25 practice,others,0.0,2024-10-23
100000429,2024-10-23,50 Practice Credits,practice,practice,50 practice,others,0.0,2024-10-23
100000429,2025-01-16,Trial Lesson W/ Kim On You,trial,trial,Trial lesson,Kim On You,119.9,2024-10-23
100000429,2025-05-09,10 Lesson Pack (Kim On You),lesson,lesson,10 lesson,Kim On You,981.0,2024-10-23
100000429,2025-05-09,25 Practice Credits,practice,practice,25 practice,others,367.87,2024-10-23
100000430,2024-10-23,25 Practice Credits,practice,practice,25 practice,others,0.0,2024-10-23
100000431,2024-10-23,10 Lesson Pack (Jasper  Park),lesson,lesson,10 lesson,Jasper Park,0.0,2024-10-23
100000433,2024-10-23,50 Practice Credits,practice,practice,50 practice,others,0.0,2024-10-23
100000434,2024-10-23,10 Practice Credits,practice,practice,10 practice,others,0.0,2024-10-23
100000434,2025-02-28,60 Mins Practise,practice,practice,60 mins practice,others,43.6,2024-10-23
100000435,2024-10-23,10 Practice Credits,practice,practice,10 practice,others,0.0,2024-10-23
100000436,2024-10-23,25 Practice Credits,practice,practice,25 practice,others,0.0,2024-10-23
100000437,2024-10-23,10 Lesson Pack (Joey Poh.),lesson,lesson,10 lesson,Joey Poh,0.0,2024-10-23
100000437,2024-10-23,10 Practice Credits,practice,practice,10 practice,others,0.0,2024-10-23
100000439,2024-10-23,50 Practice Credits,practice,practice,50 practice,others,0.0,2024-10-23
100000440,2024-10-23,100 Practice Credits,practice,practice,100 practice,others,0.0,2024-10-23
100000440,2025-02-01,10 Lesson Pack (Kim On You),lesson,lesson,10 lesson,Kim On You,981.0,2024-10-23
100000441,2024-10-23,10 Practice Credits,practice,practice,10 practice,others,0.0,2024-10-23
100000441,2025-04-27,10 Practice Credits,practice,practice,10 practice,others,174.4,2024-10-23
100000442,2024-10-23,100 Practice Credits,practice,practice,100 practice,others,0.0,2024-10-23
100000443,2024-10-23,25 Practice Credits,practice,practice,25 practice,others,0.0,2024-10-23
100000443,2025-03-31,25 Practice Credits,practice,practice,25 practice,others,408.75,2024-10-23
100000444,2024-10-23,100 Practice Credits,practice,practice,100 practice,others,0.0,2024-10-23
100000445,2024-10-23,50 Practice Credits,practice,practice,50 practice,others,0.0,2024-10-23
100000445,2024-12-20,10 Practice Credits,practice,practice,10 practice,others,0.0,2024-10-23
100000445,2025-01-18,25 Practice Credits,practice,practice,25 practice,others,408.75,2024-10-23
100000445,2025-02-18,50 Practice Credits,practice,practice,50 practice,others,763.0,2024-10-23
100000445,2025-04-01,Trial Lesson W/ Son Gunwoo,trial,trial,Trial lesson,Son Gunwoo,119.9,2024-10-23
100000445,2025-04-08,10 Lesson Pack (Son Gunwoo),lesson,lesson,10 lesson,Son Gunwoo,871.0,2024-10-23
100000445,2025-04-08,10 Practice Credits,practice,practice,10 practice,others,156.96,2024-10-23
100000445,2025-04-24,Golfzon 18 Holes - 2 Pax,play,play,Golfzon,others,130.8,2024-10-23
100000445,2025-04-26,10 Lesson Pack (Kim On You),lesson,lesson,10 lesson,Kim On You,981.0,2024-10-23
100000445,2025-04-26,10 Lesson Pack (Son Gunwoo),lesson,lesson,10 lesson,Son Gunwoo,-871.0,2024-10-23
100000445,2025-04-26,Trial Lesson W/ Son Gunwoo,trial,trial,Trial lesson,Son Gunwoo,-110.0,2024-10-23
100000445,2025-05-30,25 Practice Credits,practice,practice,25 practice,others,408.75,2024-10-23
100000445,2025-06-27,10 Lesson Pack (Kim On You),lesson,lesson,10 lesson,Kim On You,-763.0,2024-10-23
100000445,2025-06-27,10 Practice Credits,practice,practice,10 practice,others,0.0,2024-10-23
100000445,2025-06-27,50 Practice Credits,practice,practice,50 practice,others,763.0,2024-10-23
100000446,2024-10-23,10 Lesson Pack (Jasper  Park),lesson,lesson,10 lesson,Jasper Park,0.0,2024-10-23
100000446,2024-10-23,25 Practice Credits,practice,practice,25 practice,others,0.0,2024-10-23
100000447,2024-10-23,10 Practice Credits,practice,practice,10 practice,others,0.0,2024-10-23
100000448,2024-10-23,50 Practice Credits,practice,practice,50 practice,others,0.0,2024-10-23
100000449,2024-10-23,25 Practice Credits,practice,practice,25 practice,others,0.0,2024-10-23
100000449,2025-03-18,10 Practice Credits,practice,practice,10 practice,others,174.4,2024-10-23
100000450,2024-10-23,50 Practice Credits,practice,practice,50 practice,others,0.0,2024-10-23
100000451,2024-10-23,10 Practice Credits,practice,practice,10 practice,others,0.0,2024-10-23
100000451,2025-01-18,10 Practice Credits,practice,practice,10 practice,others,174.4,2024-10-23
100000451,2025-01-18,Golfzon 9 Holes - 2 Pax,play,play,Golfzon,others,87.2,2024-10-23
100000452,2024-10-23,100 Practice Credits,practice,practice,100 practice,others,0.0,2024-10-23
100000452,2024-12-03,20 Lesson Pack  (Joey Poh),lesson,lesson,20 lesson,Joey Poh,0.0,2024-10-23
100000452,2024-12-03,50 Practice Credits,practice,practice,50 practice,others,0.0,2024-10-23
100000452,2025-06-30,100 Practice Credits,practice,practice,100 practice,others,1133.6,2024-10-23
100000452,2025-06-30,50 Lesson Pack  (Joey Poh),lesson,lesson,50 lesson,Joey Poh,4360.0,2024-10-23
100000453,2024-10-23,10 Practice Credits,practice,practice,10 practice,others,0.0,2024-10-23
100000454,2024-10-23,50 Practice Credits,practice,practice,50 practice,others,0.0,2024-10-23
100000455,2024-10-23,10 Practice Credits,practice,practice,10 practice,others,0.0,2024-10-23
100000456,2025-03-12,10 Practice Credits,practice,practice,10 practice,others,174.4,2025-03-12
100000457,2024-10-24,10 Lesson Pack (Jasper  Park),lesson,lesson,10 lesson,Jasper Park,0.0,2024-10-24
100000457,2024-10-24,25 Practice Credits,practice,practice,25 practice,others,0.0,2024-10-24
100000458,2024-10-24,10 Lesson Pack (Kim On You),lesson,lesson,10 lesson,Kim On You,0.0,2024-10-24
100000458,2024-10-24,10 Practice Credits,practice,practice,10 practice,others,0.0,2024-10-24
100000459,2024-10-24,10 Practice Credits,practice,practice,10 practice,others,0.0,2024-10-24
100000460,2024-10-24,25 Practice Credits,practice,practice,25 practice,others,0.0,2024-10-24
100000461,2024-10-24,10 Lesson Pack (Jasper  Park),lesson,lesson,10 lesson,Jasper Park,0.0,2024-10-24
100000461,2024-10-24,100 Practice Credits,practice,practice,100 practice,others,0.0,2024-10-24
100000462,2024-10-24,10 Practice Credits,practice,practice,10 practice,others,0.0,2024-10-24
100000463,2024-10-24,25 Practice Credits,practice,practice,25 practice,others,0.0,2024-10-24
100000463,2024-10-24,5 Semi Private (1:2 Lesson) w/ Johnson Poh.,lesson,lesson,5 group lesson,Johnson Poh,0.0,2024-10-24
100000463,2024-12-27,10 Practice Credits,practice,practice,10 practice,others,0.0,2024-10-24
100000463,2025-03-14,10 Practice Credits,practice,practice,10 practice,others,174.4,2024-10-24
100000463,2025-06-02,25 Practice Credits,practice,practice,25 practice,others,408.75,2024-10-24
100000464,2024-10-24,50 Practice Credits,practice,practice,50 practice,others,0.0,2024-10-24
100000464,2025-05-24,Trial Lesson W/ Johnson Poh,trial,trial,Trial lesson,Johnson Poh,119.9,2024-10-24
100000465,2024-10-24,100 Practice Credits,practice,practice,100 practice,others,0.0,2024-10-24
100000466,2024-10-24,10 Lesson Pack  (Johnson Poh),lesson,lesson,10 lesson,Johnson Poh,0.0,2024-10-24
100000466,2024-10-24,10 Practice Credits,practice,practice,10 practice,others,0.0,2024-10-24
100000467,2024-10-24,10 Practice Credits,practice,practice,10 practice,others,0.0,2024-10-24
100000467,2025-01-19,Golfzon 9 Holes - 2 Pax,play,play,Golfzon,others,87.2,2024-10-24
100000467,2025-02-04,10 Practice Credits,practice,practice,10 practice,others,174.4,2024-10-24
100000467,2025-04-20,Golfzon 9 Holes - 2 Pax,play,play,Golfzon,others,87.2,2024-10-24
100000467,2025-05-18,10 Practice Credits,practice,practice,10 practice,others,174.4,2024-10-24
100000468,2024-10-24,10 Lesson Pack  (Johnson Poh),lesson,lesson,10 lesson,Johnson Poh,0.0,2024-10-24
100000469,2024-10-24,10 Lesson Pack ( Aiko H),lesson,lesson,10 lesson,Aiko H,0.0,2024-10-24
100000469,2024-10-24,50 Practice Credits,practice,practice,50 practice,others,0.0,2024-10-24
100000469,2025-03-14,10 Practice Credits,practice,practice,10 practice,others,174.4,2024-10-24
100000469,2025-03-17,30 Mins 1:1 Lesson W/ Aiko H,lesson,lesson,30 mins lesson,Aiko H,119.9,2024-10-24
100000469,2025-03-17,60 Mins 1:1 Lesson W/ Aiko H.,lesson,lesson,60 mins lesson,Aiko H,239.8,2024-10-24
100000469,2025-03-20,30 Mins 1:1 Lesson W/ Aiko H,lesson,lesson,30 mins lesson,Aiko H,119.9,2024-10-24
100000470,2024-10-24,10 Lesson Pack  (Johnson Poh),lesson,lesson,10 lesson,Johnson Poh,0.0,2024-10-24
100000470,2024-10-24,10 Practice Credits,practice,practice,10 practice,others,0.0,2024-10-24
100000471,2024-10-24,10 Lesson Pack ( Aiko H),lesson,lesson,10 lesson,Aiko H,0.0,2024-10-24
100000472,2024-10-24,10 Practice Credits,practice,practice,10 practice,others,0.0,2024-10-24
100000473,2024-10-24,25 Practice Credits,practice,practice,25 practice,others,0.0,2024-10-24
100000473,2024-12-11,10 Semi Private (1:2 Lesson) w/ Aiko H,lesson,lesson,10 group lesson,Aiko H,0.0,2024-10-24
100000473,2025-03-18,10 Practice Credits,practice,practice,10 practice,others,174.4,2024-10-24
100000474,2024-10-24,50 Practice Credits,practice,practice,50 practice,others,0.0,2024-10-24
100000476,2024-10-24,10 Lesson Pack ( Aiko H),lesson,lesson,10 lesson,Aiko H,0.0,2024-10-24
100000476,2024-10-24,25 Practice Credits,practice,practice,25 practice,others,0.0,2024-10-24
100000477,2024-10-24,20 Lesson Pack (Jasper Park),lesson,lesson,20 lesson,Jasper Park,0.0,2024-10-24
100000477,2024-10-24,25 Practice Credits,practice,practice,25 practice,others,0.0,2024-10-24
100000478,2024-10-24,10 Practice Credits,practice,practice,10 practice,others,0.0,2024-10-24
100000479,2024-10-24,10 Practice Credits,practice,practice,10 practice,others,0.0,2024-10-24
100000479,2025-03-22,10 Practice Credits,practice,practice,10 practice,others,174.4,2024-10-24
100000479,2025-05-24,10 Practice Credits,practice,practice,10 practice,others,174.4,2024-10-24
100000479,2025-08-03,10 Practice Credits,practice,practice,10 practice,others,174.4,2024-10-24
100000481,2024-10-24,10 Practice Credits,practice,practice,10 practice,others,0.0,2024-10-24
100000481,2025-01-19,30 Mins Practice Credit,practice,practice,30 mins practice,others,21.8,2024-10-24
100000481,2025-01-27,10 Practice Credits,practice,practice,10 practice,others,174.4,2024-10-24
100000482,2024-10-24,50 Practice Credits,practice,practice,50 practice,others,0.0,2024-10-24
100000483,2024-10-24,20 Lesson Pack (Jiali Khee.),lesson,lesson,20 lesson,Jiali Khee,0.0,2024-10-24
100000483,2024-10-24,25 Practice Credits,practice,practice,25 practice,others,0.0,2024-10-24
100000483,2025-03-10,20 Lesson Pack (Jiali Khee.),lesson,lesson,20 lesson,Jiali Khee,1853.0,2024-10-24
100000483,2025-03-10,25 Practice Credits,practice,practice,25 practice,others,347.44,2024-10-24
100000484,2024-10-24,10 Practice Credits,practice,practice,10 practice,others,0.0,2024-10-24
100000484,2025-02-22,10 Practice Credits,practice,practice,10 practice,others,174.4,2024-10-24
100000485,2024-10-24,10 Lesson Pack  (Johnson Poh),lesson,lesson,10 lesson,Johnson Poh,0.0,2024-10-24
100000486,2024-10-24,100 Practice Credits,practice,practice,100 practice,others,0.0,2024-10-24
100000486,2025-02-01,10 Lesson Pack (Jasper  Park),lesson,lesson,10 lesson,Jasper Park,981.0,2024-10-24
100000486,2025-02-01,10 Practice Credits,practice,practice,10 practice,others,156.96,2024-10-24
100000486,2025-02-01,Golfzon 18 Holes - 2 Pax,play,play,Golfzon,others,130.8,2024-10-24
100000486,2025-04-25,100 Practice Credits,practice,practice,100 practice,others,1275.3,2024-10-24
100000487,2024-10-24,25 Practice Credits,practice,practice,25 practice,others,0.0,2024-10-24
100000488,2024-10-24,10 Practice Credits,practice,practice,10 practice,others,0.0,2024-10-24
100000488,2025-04-04,10 Practice Credits,practice,practice,10 practice,others,174.4,2024-10-24
100000489,2024-10-24,10 Practice Credits,practice,practice,10 practice,others,0.0,2024-10-24
100000490,2024-10-24,10 Practice Credits,practice,practice,10 practice,others,0.0,2024-10-24
100000490,2025-03-16,10 Practice Credits,practice,practice,10 practice,others,174.4,2024-10-24
100000491,2024-10-24,10 Practice Credits,practice,practice,10 practice,others,0.0,2024-10-24
100000492,2024-10-24,10 Practice Credits,practice,practice,10 practice,others,0.0,2024-10-24
100000492,2025-04-26,10 Practice Credits,practice,practice,10 practice,others,174.4,2024-10-24
100000493,2024-10-24,10 Practice Credits,practice,practice,10 practice,others,0.0,2024-10-24
100000493,2024-12-11,10 Practice Credits,practice,practice,10 practice,others,0.0,2024-10-24
100000494,2024-10-24,10 Practice Credits,practice,practice,10 practice,others,0.0,2024-10-24
100000495,2024-10-24,25 Practice Credits,practice,practice,25 practice,others,0.0,2024-10-24
100000496,2024-10-24,25 Practice Credits,practice,practice,25 practice,others,0.0,2024-10-24
100000497,2024-10-24,10 Practice Credits,practice,practice,10 practice,others,0.0,2024-10-24
100000498,2024-10-24,10 Practice Credits,practice,practice,10 practice,others,0.0,2024-10-24
100000498,2025-04-11,10 Practice Credits,practice,practice,10 practice,others,174.4,2024-10-24
100000499,2024-10-24,10 Practice Credits,practice,practice,10 practice,others,0.0,2024-10-24
100000499,2024-12-30,10 Practice Credits,practice,practice,10 practice,others,0.0,2024-10-24
100000499,2025-07-11,10 Practice Credits,practice,practice,10 practice,others,174.4,2024-10-24
100000500,2024-10-24,10 Practice Credits,practice,practice,10 practice,others,0.0,2024-10-24
100000501,2024-10-24,10 Lesson Pack (Paul Finch),lesson,lesson,10 lesson,Paul Finch,0.0,2024-10-24
100000501,2024-10-24,10 Practice Credits,practice,practice,10 practice,others,0.0,2024-10-24
100000501,2025-01-10,10 Practice Credits,practice,practice,10 practice,others,174.4,2024-10-24
100000502,2024-10-24,10 Practice Credits,practice,practice,10 practice,others,0.0,2024-10-24
100000503,2024-10-24,25 Practice Credits,practice,practice,25 practice,others,0.0,2024-10-24
100000504,2024-10-24,25 Practice Credits,practice,practice,25 practice,others,0.0,2024-10-24
100000505,2024-10-24,10 Lesson Pack (Jiali Khee.),lesson,lesson,10 lesson,Jiali Khee,0.0,2024-10-24
100000506,2024-10-24,10 Lesson Pack (Joey Poh.),lesson,lesson,10 lesson,Joey Poh,0.0,2024-10-24
100000506,2024-10-24,25 Practice Credits,practice,practice,25 practice,others,0.0,2024-10-24
100000507,2024-10-24,10 Lesson Pack  (Chun Leekyung),lesson,lesson,10 lesson,Chun Leekyung,0.0,2024-10-24
100000507,2024-10-24,10 Practice Credits,practice,practice,10 practice,others,0.0,2024-10-24
100000509,2024-10-24,10 Practice Credits,practice,practice,10 practice,others,0.0,2024-10-24
100000511,2024-10-24,10 Lesson Pack  (Johnson Poh),lesson,lesson,10 lesson,Johnson Poh,0.0,2024-10-24
100000511,2024-10-24,10 Practice Credits,practice,practice,10 practice,others,0.0,2024-10-24
100000512,2025-02-05,30 Mins 1:1 Lesson W/ Jasper,lesson,lesson,30 mins lesson,Jasper Park,239.8,2025-02-05
100000513,2024-10-24,10 Lesson Pack  (Johnson Poh),lesson,lesson,10 lesson,Johnson Poh,0.0,2024-10-24
100000513,2024-10-24,10 Practice Credits,practice,practice,10 practice,others,0.0,2024-10-24
100000514,2024-10-24,10 Practice Credits,practice,practice,10 practice,others,0.0,2024-10-24
100000514,2025-08-12,10 Practice Credits,practice,practice,10 practice,others,174.4,2024-10-24
100000515,2024-10-24,10 Practice Credits,practice,practice,10 practice,others,0.0,2024-10-24
100000515,2024-12-23,10 Practice Credits,practice,practice,10 practice,others,0.0,2024-10-24
100000515,2025-07-13,Trial Lesson W/ Joey Poh,trial,trial,Trial lesson,Joey Poh,119.9,2024-10-24
100000516,2024-10-24,20 Lesson Pack  (Joey Poh),lesson,lesson,20 lesson,Joey Poh,0.0,2024-10-24
100000516,2024-10-24,50 Practice Credits,practice,practice,50 practice,others,0.0,2024-10-24
100000517,2024-10-24,10 Practice Credits,practice,practice,10 practice,others,0.0,2024-10-24
100000517,2025-01-05,10 Practice Credits,practice,practice,10 practice,others,174.4,2024-10-24
100000518,2024-10-24,10 Lesson Pack (Jiali Khee.),lesson,lesson,10 lesson,Jiali Khee,0.0,2024-10-24
100000518,2024-10-24,25 Practice Credits,practice,practice,25 practice,others,0.0,2024-10-24
100000518,2025-01-11,10 Lesson Pack (Jiali Khee.),lesson,lesson,10 lesson,Jiali Khee,981.0,2024-10-24
100000518,2025-03-15,10 Lesson Pack (Jiali Khee.),lesson,lesson,10 lesson,Jiali Khee,981.0,2024-10-24
100000518,2025-03-15,10 Practice Credits,practice,practice,10 practice,others,156.96,2024-10-24
100000518,2025-07-19,10 Lesson Pack (Jiali Khee.),lesson,lesson,10 lesson,Jiali Khee,981.0,2024-10-24
100000519,2024-10-24,10 Practice Credits,practice,practice,10 practice,others,0.0,2024-10-24
100000519,2025-05-24,10 Practice Credits,practice,practice,10 practice,others,174.4,2024-10-24
100000520,2024-10-24,10 Practice Credits,practice,practice,10 practice,others,0.0,2024-10-24
100000521,2024-10-24,10 Practice Credits,practice,practice,10 practice,others,0.0,2024-10-24
100000522,2024-10-24,25 Practice Credits,practice,practice,25 practice,others,0.0,2024-10-24
100000522,2025-04-26,10 Practice Credits,practice,practice,10 practice,others,174.4,2024-10-24
100000523,2024-10-24,25 Practice Credits,practice,practice,25 practice,others,0.0,2024-10-24
100000524,2024-10-24,10 Lesson Pack (Paul Finch),lesson,lesson,10 lesson,Paul Finch,0.0,2024-10-24
100000524,2024-10-24,50 Practice Credits,practice,practice,50 practice,others,0.0,2024-10-24
100000525,2024-10-24,10 Practice Credits,practice,practice,10 practice,others,0.0,2024-10-24
100000526,2024-10-24,10 Practice Credits,practice,practice,10 practice,others,0.0,2024-10-24
100000527,2024-10-24,10 Practice Credits,practice,practice,10 practice,others,0.0,2024-10-24
100000528,2024-10-24,10 Practice Credits,practice,practice,10 practice,others,0.0,2024-10-24
100000529,2024-10-24,10 Lesson Pack ( Aiko H),lesson,lesson,10 lesson,Aiko H,0.0,2024-10-24
100000529,2024-10-24,10 Practice Credits,practice,practice,10 practice,others,0.0,2024-10-24
100000529,2025-02-06,10 Lesson Pack ( Aiko H),lesson,lesson,10 lesson,Aiko H,981.0,2024-10-24
100000530,2024-10-24,10 Practice Credits,practice,practice,10 practice,others,0.0,2024-10-24
100000531,2024-10-24,10 Lesson Pack (Jiali Khee.),lesson,lesson,10 lesson,Jiali Khee,0.0,2024-10-24
100000531,2024-10-24,10 Practice Credits,practice,practice,10 practice,others,0.0,2024-10-24
100000532,2024-10-24,10 Lesson Pack  (Johnson Poh),lesson,lesson,10 lesson,Johnson Poh,0.0,2024-10-24
100000533,2024-10-24,10 Lesson Pack ( Aiko H),lesson,lesson,10 lesson,Aiko H,0.0,2024-10-24
100000534,2024-10-24,10 Lesson Pack (Jiali Khee.),lesson,lesson,10 lesson,Jiali Khee,0.0,2024-10-24
100000534,2024-10-24,25 Practice Credits,practice,practice,25 practice,others,0.0,2024-10-24
100000534,2025-05-01,10 Practice Credits,practice,practice,10 practice,others,174.4,2024-10-24
100000535,2024-10-24,25 Practice Credits,practice,practice,25 practice,others,0.0,2024-10-24
100000535,2024-12-09,5 Semi Private (1:2 Lesson) w/ Johnson Poh.,lesson,lesson,5 group lesson,Johnson Poh,0.0,2024-10-24
100000535,2025-04-14,50 Practice Credits,practice,practice,50 practice,others,763.0,2024-10-24
100000535,2025-06-12,30 Mins 1:1 Lesson W/ Johnson Poh,lesson,lesson,30 mins lesson,Johnson Poh,119.9,2024-10-24
100000536,2024-10-24,10 Practice Credits,practice,practice,10 practice,others,0.0,2024-10-24
100000537,2024-10-24,10 Practice Credits,practice,practice,10 practice,others,0.0,2024-10-24
100000538,2024-10-24,25 Practice Credits,practice,practice,25 practice,others,0.0,2024-10-24
100000539,2024-10-24,10 Practice Credits,practice,practice,10 practice,others,0.0,2024-10-24
100000540,2024-10-24,25 Practice Credits,practice,practice,25 practice,others,0.0,2024-10-24
100000540,2025-05-28,10 Practice Credits,practice,practice,10 practice,others,174.4,2024-10-24
100000541,2024-10-24,10 Practice Credits,practice,practice,10 practice,others,0.0,2024-10-24
100000542,2024-10-24,10 Practice Credits,practice,practice,10 practice,others,0.0,2024-10-24
100000543,2024-10-24,10 Practice Credits,practice,practice,10 practice,others,0.0,2024-10-24
100000544,2024-10-24,10 Practice Credits,practice,practice,10 practice,others,0.0,2024-10-24
100000544,2025-01-25,25 Practice Credits,practice,practice,25 practice,others,408.75,2024-10-24
100000544,2025-03-15,50 Practice Credits,practice,practice,50 practice,others,763.0,2024-10-24
100000544,2025-05-12,10 Practice Credits,practice,practice,10 practice,others,174.4,2024-10-24
100000544,2025-06-04,25 Practice Credits,practice,practice,25 practice,others,408.75,2024-10-24
100000544,2025-06-16,25 Practice Credits,practice,practice,25 practice,others,408.75,2024-10-24
100000545,2024-10-24,10 Practice Credits,practice,practice,10 practice,others,0.0,2024-10-24
100000546,2024-10-24,10 Practice Credits,practice,practice,10 practice,others,0.0,2024-10-24
100000547,2024-10-24,10 Lesson Pack (Paul Finch),lesson,lesson,10 lesson,Paul Finch,0.0,2024-10-24
100000547,2025-02-07,30 Mins Practice Credit,practice,practice,30 mins practice,others,21.8,2024-10-24
100000547,2025-06-01,30 Mins Practice Credit,practice,practice,30 mins practice,others,21.8,2024-10-24
100000549,2024-10-24,10 Lesson Pack (Paul Finch),lesson,lesson,10 lesson,Paul Finch,0.0,2024-10-24
100000549,2024-10-24,25 Practice Credits,practice,practice,25 practice,others,0.0,2024-10-24
100000549,2025-05-18,25 Practice Credits,practice,practice,25 practice,others,408.75,2024-10-24
100000550,2024-10-24,25 Practice Credits,practice,practice,25 practice,others,0.0,2024-10-24
100000550,2025-03-01,10 Lesson Pack (Paul Finch),lesson,lesson,10 lesson,Paul Finch,981.0,2024-10-24
100000551,2024-10-24,10 Practice Credits,practice,practice,10 practice,others,0.0,2024-10-24
100000552,2024-10-24,10 Lesson Pack  (Johnson Poh),lesson,lesson,10 lesson,Johnson Poh,0.0,2024-10-24
100000552,2024-10-24,25 Practice Credits,practice,practice,25 practice,others,0.0,2024-10-24
100000553,2024-10-24,10 Lesson Pack (Jasper  Park),lesson,lesson,10 lesson,Jasper Park,0.0,2024-10-24
100000553,2024-10-24,10 Practice Credits,practice,practice,10 practice,others,0.0,2024-10-24
100000554,2024-10-24,10 Practice Credits,practice,practice,10 practice,others,0.0,2024-10-24
100000554,2025-03-22,Trial Lesson W/ Joey Poh,trial,trial,Trial lesson,Joey Poh,119.9,2024-10-24
100000554,2025-04-05,Trial Lesson W/ Joey Poh,trial,trial,Trial lesson,Joey Poh,0.0,2024-10-24
100000554,2025-08-10,10 Practice Credits,practice,practice,10 practice,others,174.4,2024-10-24
100000555,2024-10-24,10 Practice Credits,practice,practice,10 practice,others,0.0,2024-10-24
100000556,2024-10-24,10 Practice Credits,practice,practice,10 practice,others,0.0,2024-10-24
100000556,2024-12-19,10 Lesson Pack (Paul Finch),lesson,lesson,10 lesson,Paul Finch,0.0,2024-10-24
100000556,2024-12-19,10 Practice Credits,practice,practice,10 practice,others,0.0,2024-10-24
100000557,2024-10-24,100 Practice Credits,practice,practice,100 practice,others,0.0,2024-10-24
100000557,2024-10-24,50 Lesson Pack (Kim On You),lesson,lesson,50 lesson,Kim On You,0.0,2024-10-24
100000558,2024-10-24,10 Practice Credits,practice,practice,10 practice,others,0.0,2024-10-24
100000559,2024-10-24,50 Practice Credits,practice,practice,50 practice,others,0.0,2024-10-24
100000559,2024-12-27,10 Lesson Pack (Kim On You),lesson,lesson,10 lesson,Kim On You,0.0,2024-10-24
100000559,2025-05-14,Trial Lesson W/ Kim On You,trial,trial,Trial lesson,Kim On You,119.9,2024-10-24
100000559,2025-05-20,10 Lesson Pack (Kim On You),lesson,lesson,10 lesson,Kim On You,981.0,2024-10-24
100000560,2024-10-24,10 Practice Credits,practice,practice,10 practice,others,0.0,2024-10-24
100000560,2025-03-08,10 Practice Credits,practice,practice,10 practice,others,174.4,2024-10-24
100000561,2024-10-24,25 Practice Credits,practice,practice,25 practice,others,0.0,2024-10-24
100000561,2025-03-21,30 Mins Practice Credit,practice,practice,30 mins practice,others,21.8,2024-10-24
100000561,2025-05-30,30 Mins Practice Credit,practice,practice,30 mins practice,others,21.8,2024-10-24
100000561,2025-07-16,30 Mins Practice Credit,practice,practice,30 mins practice,others,21.8,2024-10-24
100000561,2025-07-30,30 Mins Practice Credit,practice,practice,30 mins practice,others,21.8,2024-10-24
100000561,2025-08-04,30 Mins Practice Credit,practice,practice,30 mins practice,others,21.8,2024-10-24
100000561,2025-08-05,30 Mins Practice Credit,practice,practice,30 mins practice,others,21.8,2024-10-24
100000561,2025-08-15,60 Mins Practise,practice,practice,60 mins practice,others,43.6,2024-10-24
100000562,2024-10-24,10 Practice Credits,practice,practice,10 practice,others,0.0,2024-10-24
100000562,2024-11-20,10 Lesson Pack (Paul Finch),lesson,lesson,10 lesson,Paul Finch,0.0,2024-10-24
100000562,2024-11-20,10 Practice Credits,practice,practice,10 practice,others,0.0,2024-10-24
100000562,2024-11-20,Trial Lesson W/ Paul F,trial,trial,Trial lesson,Paul Finch,0.0,2024-10-24
100000563,2024-10-24,50 Practice Credits,practice,practice,50 practice,others,0.0,2024-10-24
100000563,2025-01-22,Trial Lesson W/ Joey Poh,trial,trial,Trial lesson,Joey Poh,119.9,2024-10-24
100000564,2024-10-24,10 Practice Credits,practice,practice,10 practice,others,0.0,2024-10-24
100000565,2024-10-24,10 Practice Credits,practice,practice,10 practice,others,0.0,2024-10-24
100000566,2024-10-24,10 Lesson Pack  (Johnson Poh),lesson,lesson,10 lesson,Johnson Poh,0.0,2024-10-24
100000567,2024-10-24,10 Lesson Pack  (Johnson Poh),lesson,lesson,10 lesson,Johnson Poh,0.0,2024-10-24
100000567,2024-10-24,10 Practice Credits,practice,practice,10 practice,others,0.0,2024-10-24
100000568,2024-10-24,10 Practice Credits,practice,practice,10 practice,others,0.0,2024-10-24
100000568,2025-03-02,10 Practice Credits,practice,practice,10 practice,others,174.4,2024-10-24
100000569,2024-10-24,10 Practice Credits,practice,practice,10 practice,others,0.0,2024-10-24
100000570,2024-10-24,10 Semi Private (1:2 Lesson) w/ Johnson Poh,lesson,lesson,10 group lesson,Johnson Poh,0.0,2024-10-24
100000571,2024-10-24,10 Practice Credits,practice,practice,10 practice,others,0.0,2024-10-24
100000572,2024-10-24,50 Practice Credits,practice,practice,50 practice,others,0.0,2024-10-24
100000572,2025-01-20,50 Practice Credits,practice,practice,50 practice,others,763.0,2024-10-24
100000573,2024-10-24,50 Practice Credits,practice,practice,50 practice,others,0.0,2024-10-24
100000574,2024-10-24,10 Practice Credits,practice,practice,10 practice,others,0.0,2024-10-24
100000575,2024-10-24,10 Lesson Pack  (Chun Leekyung),lesson,lesson,10 lesson,Chun Leekyung,0.0,2024-10-24
100000575,2024-10-24,10 Practice Credits,practice,practice,10 practice,others,0.0,2024-10-24
100000576,2024-10-24,10 Practice Credits,practice,practice,10 practice,others,0.0,2024-10-24
100000576,2025-05-17,10 Practice Credits,practice,practice,10 practice,others,174.4,2024-10-24
100000576,2025-06-07,30 Mins Practice Credit,practice,practice,30 mins practice,others,21.8,2024-10-24
100000576,2025-06-08,25 Practice Credits,practice,practice,25 practice,others,408.75,2024-10-24
100000576,2025-07-04,30 Mins Practice Credit,practice,practice,30 mins practice,others,21.8,2024-10-24
100000576,2025-07-06,25 Practice Credits,practice,practice,25 practice,others,408.75,2024-10-24
100000576,2025-07-20,50 Practice Credits,practice,practice,50 practice,others,763.0,2024-10-24
100000577,2024-10-24,10 Practice Credits,practice,practice,10 practice,others,0.0,2024-10-24
100000577,2025-04-26,30 Mins Practice Credit,practice,practice,30 mins practice,others,21.8,2024-10-24
100000577,2025-08-15,30 Mins Practice Credit,practice,practice,30 mins practice,others,21.8,2024-10-24
100000578,2024-10-24,50 Practice Credits,practice,practice,50 practice,others,0.0,2024-10-24
100000579,2024-10-24,10 Practice Credits,practice,practice,10 practice,others,0.0,2024-10-24
100000579,2025-07-22,60 Mins Practise,practice,practice,60 mins practice,others,43.6,2024-10-24
100000580,2024-10-24,10 Practice Credits,practice,practice,10 practice,others,0.0,2024-10-24
100000581,2024-10-24,10 Practice Credits,practice,practice,10 practice,others,0.0,2024-10-24
100000581,2025-01-23,10 Practice Credits,practice,practice,10 practice,others,174.4,2024-10-24
100000581,2025-06-01,25 Practice Credits,practice,practice,25 practice,others,408.75,2024-10-24
100000582,2024-10-24,10 Practice Credits,practice,practice,10 practice,others,0.0,2024-10-24
100000583,2024-10-24,10 Semi Private (1:2 Lesson) w/ Johnson Poh,lesson,lesson,10 group lesson,Johnson Poh,0.0,2024-10-24
100000583,2025-05-21,Golfzon 18 Holes - 2 Pax,play,play,Golfzon,others,261.6,2024-10-24
100000584,2024-10-24,50 Practice Credits,practice,practice,50 practice,others,0.0,2024-10-24
100000585,2024-10-24,10 Lesson Pack  (Johnson Poh),lesson,lesson,10 lesson,Johnson Poh,0.0,2024-10-24
100000585,2024-10-24,25 Practice Credits,practice,practice,25 practice,others,0.0,2024-10-24
100000585,2025-08-09,10 Practice Credits,practice,practice,10 practice,others,174.4,2024-10-24
100000586,2024-10-24,10 Practice Credits,practice,practice,10 practice,others,0.0,2024-10-24
100000587,2024-10-24,10 Practice Credits,practice,practice,10 practice,others,0.0,2024-10-24
100000588,2024-10-24,10 Lesson Pack (Joey Poh.),lesson,lesson,10 lesson,Joey Poh,0.0,2024-10-24
100000588,2024-10-24,25 Practice Credits,practice,practice,25 practice,others,0.0,2024-10-24
100000589,2024-10-24,10 Practice Credits,practice,practice,10 practice,others,0.0,2024-10-24
100000590,2024-10-24,25 Practice Credits,practice,practice,25 practice,others,0.0,2024-10-24
100000591,2024-10-24,10 Lesson Pack (Joey Poh.),lesson,lesson,10 lesson,Joey Poh,0.0,2024-10-24
100000591,2024-10-24,10 Practice Credits,practice,practice,10 practice,others,0.0,2024-10-24
100000591,2025-06-27,10 Lesson Pack  (Johnson Poh),lesson,lesson,10 lesson,Johnson Poh,981.0,2024-10-24
100000591,2025-06-28,10 Practice Credits,practice,practice,10 practice,others,156.96,2024-10-24
100000592,2024-10-24,25 Practice Credits,practice,practice,25 practice,others,0.0,2024-10-24
100000592,2024-12-30,10 Practice Credits,practice,practice,10 practice,others,0.0,2024-10-24
100000593,2024-10-24,25 Practice Credits,practice,practice,25 practice,others,0.0,2024-10-24
100000594,2024-10-24,10 Practice Credits,practice,practice,10 practice,others,0.0,2024-10-24
100000594,2024-12-28,10 Practice Credits,practice,practice,10 practice,others,0.0,2024-10-24
100000594,2025-07-06,10 Practice Credits,practice,practice,10 practice,others,174.4,2024-10-24
100000595,2024-10-24,50 Practice Credits,practice,practice,50 practice,others,0.0,2024-10-24
100000596,2024-10-24,Trial Lesson W/ Joey Poh,trial,trial,Trial lesson,Joey Poh,0.0,2024-10-24
100000596,2024-11-20,10 Lesson Pack (Joey Poh.),lesson,lesson,10 lesson,Joey Poh,0.0,2024-10-24
100000596,2024-11-20,10 Practice Credits,practice,practice,10 practice,others,0.0,2024-10-24
100000596,2025-01-20,10 Practice Credits,practice,practice,10 practice,others,139.52,2024-10-24
100000596,2025-01-20,50 Lesson Pack  (Joey Poh),lesson,lesson,50 lesson,Joey Poh,4360.0,2024-10-24
100000597,2024-10-24,10 Practice Credits,practice,practice,10 practice,others,0.0,2024-10-24
100000597,2025-03-10,25 Practice Credits,practice,practice,25 practice,others,408.75,2024-10-24
100000598,2024-10-24,10 Practice Credits,practice,practice,10 practice,others,0.0,2024-10-24
100000598,2025-01-05,10 Lesson Pack (Jasper  Park),lesson,lesson,10 lesson,Jasper Park,981.0,2024-10-24
100000598,2025-01-05,10 Practice Credits,practice,practice,10 practice,others,156.96,2024-10-24
100000598,2025-02-06,60 Mins Practise,practice,practice,60 mins practice,others,43.6,2024-10-24
100000599,2024-10-24,25 Practice Credits,practice,practice,25 practice,others,0.0,2024-10-24
100000600,2024-10-24,10 Practice Credits,practice,practice,10 practice,others,0.0,2024-10-24
100000600,2025-04-28,Golfzon 9 Holes - 2 Pax,play,play,Golfzon,others,87.2,2024-10-24
100000601,2024-10-24,20 Lesson Pack (Johnson Poh),lesson,lesson,20 lesson,Johnson Poh,0.0,2024-10-24
100000601,2024-10-24,25 Practice Credits,practice,practice,25 practice,others,0.0,2024-10-24
100000602,2024-10-24,10 Practice Credits,practice,practice,10 practice,others,0.0,2024-10-24
100000603,2024-10-24,10 Practice Credits,practice,practice,10 practice,others,0.0,2024-10-24
100000603,2024-10-24,20 Lesson Pack  (Joey Poh),lesson,lesson,20 lesson,Joey Poh,0.0,2024-10-24
100000603,2025-03-26,20 Lesson Pack  (Joey Poh),lesson,lesson,20 lesson,Joey Poh,1853.0,2024-10-24
100000603,2025-05-01,30 Mins Practice Credit,practice,practice,30 mins practice,others,21.8,2024-10-24
100000603,2025-07-23,60 Mins Practise,practice,practice,60 mins practice,others,43.6,2024-10-24
100000603,2025-07-30,30 Mins Practice Credit,practice,practice,30 mins practice,others,21.8,2024-10-24
100000603,2025-08-06,30 Mins Practice Credit,practice,practice,30 mins practice,others,21.8,2024-10-24
100000604,2024-10-24,25 Practice Credits,practice,practice,25 practice,others,0.0,2024-10-24
100000605,2024-10-24,10 Lesson Pack (Jasper  Park),lesson,lesson,10 lesson,Jasper Park,0.0,2024-10-24
100000605,2024-12-03,10 Practice Credits,practice,practice,10 practice,others,0.0,2024-10-24
100000606,2024-10-24,10 Practice Credits,practice,practice,10 practice,others,0.0,2024-10-24
100000607,2024-10-24,25 Practice Credits,practice,practice,25 practice,others,0.0,2024-10-24
100000608,2024-10-24,10 Practice Credits,practice,practice,10 practice,others,0.0,2024-10-24
100000609,2024-10-24,20 Lesson Pack (Jiali Khee.),lesson,lesson,20 lesson,Jiali Khee,0.0,2024-10-24
100000609,2024-10-24,25 Practice Credits,practice,practice,25 practice,others,0.0,2024-10-24
100000611,2024-10-24,25 Practice Credits,practice,practice,25 practice,others,0.0,2024-10-24
100000612,2024-10-24,100 Practice Credits,practice,practice,100 practice,others,0.0,2024-10-24
100000612,2024-10-24,20 Lesson Pack (Kim On You),lesson,lesson,20 lesson,Kim On You,0.0,2024-10-24
100000613,2024-10-24,10 Practice Credits,practice,practice,10 practice,others,0.0,2024-10-24
100000614,2024-10-24,25 Practice Credits,practice,practice,25 practice,others,0.0,2024-10-24
100000615,2024-10-24,25 Practice Credits,practice,practice,25 practice,others,0.0,2024-10-24
100000616,2024-10-24,10 Lesson Pack (Kim On You),lesson,lesson,10 lesson,Kim On You,0.0,2024-10-24
100000616,2024-10-24,50 Practice Credits,practice,practice,50 practice,others,0.0,2024-10-24
100000617,2024-10-24,20 Lesson Pack (Chun Leekyung),lesson,lesson,20 lesson,Chun Leekyung,0.0,2024-10-24
100000617,2024-10-24,25 Practice Credits,practice,practice,25 practice,others,0.0,2024-10-24
100000617,2025-04-13,25 Practice Credits,practice,practice,25 practice,others,408.75,2024-10-24
100000619,2024-10-24,25 Practice Credits,practice,practice,25 practice,others,0.0,2024-10-24
100000620,2024-10-24,10 Lesson Pack (Kim On You),lesson,lesson,10 lesson,Kim On You,0.0,2024-10-24
100000620,2024-10-24,10 Practice Credits,practice,practice,10 practice,others,0.0,2024-10-24
100000621,2024-10-24,10 Lesson Pack (Joey Poh.),lesson,lesson,10 lesson,Joey Poh,0.0,2024-10-24
100000621,2024-10-24,25 Practice Credits,practice,practice,25 practice,others,0.0,2024-10-24
100000621,2025-05-10,10 Practice Credits,practice,practice,10 practice,others,174.4,2024-10-24
100000622,2024-10-24,10 Lesson Pack  (Chun Leekyung),lesson,lesson,10 lesson,Chun Leekyung,0.0,2024-10-24
100000622,2024-10-24,25 Practice Credits,practice,practice,25 practice,others,0.0,2024-10-24
100000623,2024-10-24,25 Practice Credits,practice,practice,25 practice,others,0.0,2024-10-24
100000624,2024-10-24,100 Practice Credits,practice,practice,100 practice,others,0.0,2024-10-24
100000625,2024-10-24,10 Practice Credits,practice,practice,10 practice,others,0.0,2024-10-24
100000626,2024-10-24,10 Practice Credits,practice,practice,10 practice,others,0.0,2024-10-24
100000627,2024-10-24,10 Practice Credits,practice,practice,10 practice,others,0.0,2024-10-24
100000628,2024-10-24,25 Practice Credits,practice,practice,25 practice,others,0.0,2024-10-24
100000630,2024-10-24,50 Practice Credits,practice,practice,50 practice,others,0.0,2024-10-24
100000630,2025-01-05,25 Practice Credits,practice,practice,25 practice,others,408.75,2024-10-24
100000630,2025-04-01,25 Practice Credits,practice,practice,25 practice,others,408.75,2024-10-24
100000630,2025-06-21,25 Practice Credits,practice,practice,25 practice,others,408.75,2024-10-24
100000631,2024-10-24,10 Lesson Pack  (Chun Leekyung),lesson,lesson,10 lesson,Chun Leekyung,0.0,2024-10-24
100000631,2024-10-24,25 Practice Credits,practice,practice,25 practice,others,0.0,2024-10-24
100000632,2024-10-24,10 Practice Credits,practice,practice,10 practice,others,0.0,2024-10-24
100000632,2025-08-16,10 Practice Credits,practice,practice,10 practice,others,174.4,2024-10-24
100000633,2024-10-24,10 Practice Credits,practice,practice,10 practice,others,0.0,2024-10-24
100000633,2025-05-03,10 Practice Credits,practice,practice,10 practice,others,174.4,2024-10-24
100000633,2025-06-14,10 Practice Credits,practice,practice,10 practice,others,174.4,2024-10-24
100000633,2025-07-27,10 Practice Credits,practice,practice,10 practice,others,174.4,2024-10-24
100000634,2024-10-24,10 Practice Credits,practice,practice,10 practice,others,0.0,2024-10-24
100000634,2025-02-07,25 Practice Credits,practice,practice,25 practice,others,408.75,2024-10-24
100000634,2025-07-09,25 Practice Credits,practice,practice,25 practice,others,408.75,2024-10-24
100000635,2024-10-24,10 Practice Credits,practice,practice,10 practice,others,0.0,2024-10-24
100000635,2025-03-30,25 Practice Credits,practice,practice,25 practice,others,408.75,2024-10-24
100000636,2024-10-24,10 Practice Credits,practice,practice,10 practice,others,0.0,2024-10-24
100000637,2024-10-24,10 Lesson Pack (Joey Poh.),lesson,lesson,10 lesson,Joey Poh,0.0,2024-10-24
100000637,2024-10-24,10 Practice Credits,practice,practice,10 practice,others,0.0,2024-10-24
100000638,2024-10-24,25 Practice Credits,practice,practice,25 practice,others,0.0,2024-10-24
100000639,2024-10-24,10 Lesson Pack  (Chun Leekyung),lesson,lesson,10 lesson,Chun Leekyung,0.0,2024-10-24
100000639,2024-10-24,50 Practice Credits,practice,practice,50 practice,others,0.0,2024-10-24
100000639,2024-10-25,10 Lesson Pack (Kim On You),lesson,lesson,10 lesson,Kim On You,0.0,2024-10-24
100000639,2025-07-07,Golfzon 18 Holes - 4 Pax,play,play,Golfzon,others,130.8,2024-10-24
100000639,2025-07-28,Golfzon 18 Holes - 4 Pax,play,play,Golfzon,others,0.0,2024-10-24
100000640,2024-10-24,25 Practice Credits,practice,practice,25 practice,others,0.0,2024-10-24
100000640,2025-03-09,30 Mins Practice Credit,practice,practice,30 mins practice,others,43.6,2024-10-24
100000640,2025-04-07,60 Mins Practise,practice,practice,60 mins practice,others,43.6,2024-10-24
100000640,2025-05-10,30 Mins Practice Credit,practice,practice,30 mins practice,others,21.8,2024-10-24
100000640,2025-07-06,60 Mins Practise,practice,practice,60 mins practice,others,43.6,2024-10-24
100000641,2024-10-24,10 Lesson Pack (Paul Finch),lesson,lesson,10 lesson,Paul Finch,0.0,2024-10-24
100000641,2024-10-24,10 Practice Credits,practice,practice,10 practice,others,0.0,2024-10-24
100000641,2024-10-24,25 Practice Credits,practice,practice,25 practice,others,0.0,2024-10-24
100000642,2024-10-24,10 Practice Credits,practice,practice,10 practice,others,0.0,2024-10-24
100000642,2025-01-09,Golfzon 9 Holes - 2 Pax,play,play,Golfzon,others,87.2,2024-10-24
100000643,2024-10-24,10 Lesson Pack (Jasper  Park),lesson,lesson,10 lesson,Jasper Park,0.0,2024-10-24
100000643,2024-12-03,10 Practice Credits,practice,practice,10 practice,others,0.0,2024-10-24
100000644,2024-10-24,10 Lesson Pack (Joey Poh.),lesson,lesson,10 lesson,Joey Poh,0.0,2024-10-24
100000645,2024-10-24,10 Practice Credits,practice,practice,10 practice,others,0.0,2024-10-24
100000646,2024-10-24,10 Practice Credits,practice,practice,10 practice,others,0.0,2024-10-24
100000647,2024-10-24,10 Practice Credits,practice,practice,10 practice,others,0.0,2024-10-24
100000648,2024-10-24,25 Practice Credits,practice,practice,25 practice,others,0.0,2024-10-24
100000649,2024-10-24,20 Lesson Pack (Johnson Poh),lesson,lesson,20 lesson,Johnson Poh,0.0,2024-10-24
100000649,2024-10-24,25 Practice Credits,practice,practice,25 practice,others,0.0,2024-10-24
100000649,2025-04-06,10 Lesson Pack  (Johnson Poh),lesson,lesson,10 lesson,Johnson Poh,981.0,2024-10-24
100000649,2025-04-06,25 Practice Credits,practice,practice,25 practice,others,367.87,2024-10-24
100000649,2025-08-06,20 Lesson Pack (Johnson Poh),lesson,lesson,20 lesson,Johnson Poh,1853.0,2024-10-24
100000650,2024-10-24,10 Practice Credits,practice,practice,10 practice,others,0.0,2024-10-24
100000651,2024-10-24,10 Practice Credits,practice,practice,10 practice,others,0.0,2024-10-24
100000652,2024-10-24,25 Practice Credits,practice,practice,25 practice,others,0.0,2024-10-24
100000653,2024-10-24,25 Practice Credits,practice,practice,25 practice,others,0.0,2024-10-24
100000653,2025-01-19,10 Practice Credits,practice,practice,10 practice,others,174.4,2024-10-24
100000653,2025-02-11,10 Practice Credits,practice,practice,10 practice,others,174.4,2024-10-24
100000653,2025-04-07,10 Practice Credits,practice,practice,10 practice,others,174.4,2024-10-24
100000654,2024-10-24,10 Practice Credits,practice,practice,10 practice,others,0.0,2024-10-24
100000655,2024-10-24,10 Practice Credits,practice,practice,10 practice,others,0.0,2024-10-24
100000656,2024-10-24,10 Practice Credits,practice,practice,10 practice,others,0.0,2024-10-24
100000657,2024-10-24,5 Semi Private (1:2 Lesson) w/ Paul Finch,lesson,lesson,5 group lesson,Paul Finch,0.0,2024-10-24
100000658,2024-10-24,25 Practice Credits,practice,practice,25 practice,others,0.0,2024-10-24
100000659,2024-10-24,10 Lesson Pack  (Johnson Poh),lesson,lesson,10 lesson,Johnson Poh,0.0,2024-10-24
100000659,2024-10-24,25 Practice Credits,practice,practice,25 practice,others,0.0,2024-10-24
100000660,2024-10-24,10 Lesson Pack (Jiali Khee.),lesson,lesson,10 lesson,Jiali Khee,0.0,2024-10-24
100000660,2024-10-24,25 Practice Credits,practice,practice,25 practice,others,0.0,2024-10-24
100000661,2024-10-24,10 Practice Credits,practice,practice,10 practice,others,0.0,2024-10-24
100000662,2024-10-24,20 Lesson Pack (Paul Finch),lesson,lesson,20 lesson,Paul Finch,0.0,2024-10-24
100000662,2024-10-24,50 Practice Credits,practice,practice,50 practice,others,0.0,2024-10-24
100000663,2024-10-24,50 Practice Credits,practice,practice,50 practice,others,0.0,2024-10-24
100000664,2024-10-24,25 Practice Credits,practice,practice,25 practice,others,0.0,2024-10-24
100000665,2024-12-27,20 Lesson Pack (Kim On You),lesson,lesson,20 lesson,Kim On You,0.0,2024-12-27
100000666,2024-10-24,10 Practice Credits,practice,practice,10 practice,others,0.0,2024-10-24
100000666,2024-11-15,10 Lesson Pack (Kim On You),lesson,lesson,10 lesson,Kim On You,0.0,2024-10-24
100000666,2024-11-15,10 Practice Credits,practice,practice,10 practice,others,0.0,2024-10-24
100000666,2024-12-31,10 Lesson Pack (Kim On You),lesson,lesson,10 lesson,Kim On You,0.0,2024-10-24
100000666,2024-12-31,25 Practice Credits,practice,practice,25 practice,others,0.0,2024-10-24
100000666,2025-01-31,10 Lesson Pack (Kim On You),lesson,lesson,10 lesson,Kim On You,981.0,2024-10-24
100000666,2025-01-31,50 Practice Credits,practice,practice,50 practice,others,686.7,2024-10-24
100000666,2025-08-17,25 Practice Credits,practice,practice,25 practice,others,408.75,2024-10-24
100000667,2024-10-24,10 Practice Credits,practice,practice,10 practice,others,0.0,2024-10-24
100000667,2025-03-25,10 Practice Credits,practice,practice,10 practice,others,174.4,2024-10-24
100000668,2024-10-24,10 Practice Credits,practice,practice,10 practice,others,0.0,2024-10-24
100000668,2024-10-24,20 Lesson Pack (Kim On You),lesson,lesson,20 lesson,Kim On You,0.0,2024-10-24
100000668,2025-02-23,25 Practice Credits,practice,practice,25 practice,others,408.75,2024-10-24
100000669,2024-10-24,25 Practice Credits,practice,practice,25 practice,others,0.0,2024-10-24
100000669,2025-06-09,25 Practice Credits,practice,practice,25 practice,others,408.75,2024-10-24
100000671,2024-10-24,10 Practice Credits,practice,practice,10 practice,others,0.0,2024-10-24
100000672,2024-10-24,10 Lesson Pack (Joey Poh.),lesson,lesson,10 lesson,Joey Poh,0.0,2024-10-24
100000672,2024-10-24,10 Practice Credits,practice,practice,10 practice,others,0.0,2024-10-24
100000674,2024-10-24,10 Lesson Pack ( Aiko H),lesson,lesson,10 lesson,Aiko H,0.0,2024-10-24
100000674,2024-10-24,10 Practice Credits,practice,practice,10 practice,others,0.0,2024-10-24
100000674,2024-12-13,10 Practice Credits,practice,practice,10 practice,others,0.0,2024-10-24
100000674,2025-08-07,30 Mins Practice Credit,practice,practice,30 mins practice,others,21.8,2024-10-24
100000675,2024-10-24,10 Practice Credits,practice,practice,10 practice,others,0.0,2024-10-24
100000675,2024-12-11,10 Practice Credits,practice,practice,10 practice,others,0.0,2024-10-24
100000675,2025-04-17,10 Practice Credits,practice,practice,10 practice,others,174.4,2024-10-24
100000676,2024-10-24,100 Practice Credits,practice,practice,100 practice,others,0.0,2024-10-24
100000677,2024-10-24,50 Practice Credits,practice,practice,50 practice,others,0.0,2024-10-24
100000678,2024-10-24,10 Practice Credits,practice,practice,10 practice,others,0.0,2024-10-24
100000678,2024-12-03,25 Practice Credits,practice,practice,25 practice,others,0.0,2024-10-24
100000678,2025-04-11,10 Practice Credits,practice,practice,10 practice,others,174.4,2024-10-24
100000678,2025-07-01,10 Practice Credits,practice,practice,10 practice,others,174.4,2024-10-24
100000679,2024-10-24,25 Practice Credits,practice,practice,25 practice,others,0.0,2024-10-24
100000679,2025-04-08,25 Practice Credits,practice,practice,25 practice,others,408.75,2024-10-24
100000680,2024-10-24,25 Practice Credits,practice,practice,25 practice,others,0.0,2024-10-24
100000681,2024-10-24,25 Practice Credits,practice,practice,25 practice,others,0.0,2024-10-24
100000682,2024-10-24,10 Practice Credits,practice,practice,10 practice,others,0.0,2024-10-24
100000683,2024-10-24,25 Practice Credits,practice,practice,25 practice,others,0.0,2024-10-24
100000684,2024-10-24,20 Lesson Pack (Jasper Park),lesson,lesson,20 lesson,Jasper Park,0.0,2024-10-24
100000684,2024-10-24,25 Practice Credits,practice,practice,25 practice,others,0.0,2024-10-24
100000684,2025-04-15,25 Practice Credits,practice,practice,25 practice,others,408.75,2024-10-24
100000685,2024-10-24,10 Practice Credits,practice,practice,10 practice,others,0.0,2024-10-24
100000686,2024-12-11,10 Practice Credits,practice,practice,10 practice,others,0.0,2024-12-11
100000686,2024-12-27,10 Lesson Pack (Kim On You),lesson,lesson,10 lesson,Kim On You,0.0,2024-12-11
100000686,2025-01-10,10 Lesson Pack (Kim On You),lesson,lesson,10 lesson,Kim On You,981.0,2024-12-11
100000686,2025-01-10,10 Practice Credits,practice,practice,10 practice,others,156.96,2024-12-11
100000686,2025-02-10,10 Practice Credits,practice,practice,10 practice,others,174.4,2024-12-11
100000686,2025-03-25,10 Practice Credits,practice,practice,10 practice,others,174.4,2024-12-11
100000686,2025-05-09,10 Lesson Pack (Kim On You),lesson,lesson,10 lesson,Kim On You,981.0,2024-12-11
100000686,2025-05-09,25 Practice Credits,practice,practice,25 practice,others,367.87,2024-12-11
100000686,2025-05-09,Golfzon 18 Holes - 2 Pax,play,play,Golfzon,others,65.4,2024-12-11
100000687,2024-10-24,100 Practice Credits,practice,practice,100 practice,others,0.0,2024-10-24
100000687,2025-02-24,50 Practice Credits,practice,practice,50 practice,others,763.0,2024-10-24
100000688,2024-10-24,10 Practice Credits,practice,practice,10 practice,others,0.0,2024-10-24
100000689,2024-10-24,20 Lesson Pack (Jasper Park),lesson,lesson,20 lesson,Jasper Park,0.0,2024-10-24
100000689,2024-10-24,50 Practice Credits,practice,practice,50 practice,others,0.0,2024-10-24
100000689,2025-03-19,10 Practice Credits,practice,practice,10 practice,others,174.4,2024-10-24
100000690,2024-10-24,25 Practice Credits,practice,practice,25 practice,others,0.0,2024-10-24
100000690,2025-04-23,30 Mins Practice Credit,practice,practice,30 mins practice,others,21.8,2024-10-24
100000690,2025-07-14,25 Practice Credits,practice,practice,25 practice,others,408.75,2024-10-24
100000691,2024-10-24,10 Practice Credits,practice,practice,10 practice,others,0.0,2024-10-24
100000692,2025-02-20,30 Mins Practice Credit,practice,practice,30 mins practice,others,21.8,2025-02-20
100000692,2025-03-26,30 Mins Practice Credit,practice,practice,30 mins practice,others,21.8,2025-02-20
100000693,2024-10-24,20 Lesson Pack (Johnson Poh),lesson,lesson,20 lesson,Johnson Poh,0.0,2024-10-24
100000693,2024-10-24,25 Practice Credits,practice,practice,25 practice,others,0.0,2024-10-24
100000693,2025-04-05,Trial Lesson W/ Son Gunwoo,trial,trial,Trial lesson,Son Gunwoo,59.95,2024-10-24
100000694,2024-10-24,10 Lesson Pack (Paul Finch),lesson,lesson,10 lesson,Paul Finch,0.0,2024-10-24
100000694,2024-10-24,25 Practice Credits,practice,practice,25 practice,others,0.0,2024-10-24
100000694,2025-04-24,10 Practice Credits,practice,practice,10 practice,others,174.4,2024-10-24
100000694,2025-06-20,10 Practice Credits,practice,practice,10 practice,others,174.4,2024-10-24
100000695,2024-10-24,50 Practice Credits,practice,practice,50 practice,others,0.0,2024-10-24
100000695,2025-05-29,10 Practice Credits,practice,practice,10 practice,others,174.4,2024-10-24
100000696,2024-10-24,10 Semi Private (1:2 Lesson)  w/ Jasper Park,lesson,lesson,10 group lesson,Jasper Park,0.0,2024-10-24
100000696,2024-10-24,50 Practice Credits,practice,practice,50 practice,others,0.0,2024-10-24
100000696,2025-03-30,Golfzon 9 Holes - 2 Pax,play,play,Golfzon,others,87.2,2024-10-24
100000696,2025-07-18,Golfzon 9 Holes - 2 Pax,play,play,Golfzon,others,87.2,2024-10-24
100000697,2024-10-24,10 Practice Credits,practice,practice,10 practice,others,0.0,2024-10-24
100000697,2025-05-04,10 Practice Credits,practice,practice,10 practice,others,174.4,2024-10-24
100000698,2024-10-24,10 Practice Credits,practice,practice,10 practice,others,0.0,2024-10-24
100000699,2024-10-24,25 Practice Credits,practice,practice,25 practice,others,0.0,2024-10-24
100000700,2024-10-24,25 Practice Credits,practice,practice,25 practice,others,0.0,2024-10-24
100000700,2025-02-22,25 Practice Credits,practice,practice,25 practice,others,408.75,2024-10-24
100000701,2024-10-24,50 Practice Credits,practice,practice,50 practice,others,0.0,2024-10-24
100000701,2025-02-28,50 Practice Credits,practice,practice,50 practice,others,763.0,2024-10-24
100000702,2024-10-24,10 Practice Credits,practice,practice,10 practice,others,0.0,2024-10-24
100000703,2024-10-24,10 Lesson Pack (Jiali Khee.),lesson,lesson,10 lesson,Jiali Khee,0.0,2024-10-24
100000703,2024-10-24,10 Practice Credits,practice,practice,10 practice,others,0.0,2024-10-24
100000704,2024-10-24,10 Practice Credits,practice,practice,10 practice,others,0.0,2024-10-24
100000704,2025-02-21,10 Practice Credits,practice,practice,10 practice,others,174.4,2024-10-24
100000705,2024-10-24,20 Lesson Pack  (Joey Poh),lesson,lesson,20 lesson,Joey Poh,0.0,2024-10-24
100000705,2024-10-24,50 Practice Credits,practice,practice,50 practice,others,0.0,2024-10-24
100000706,2024-12-03,25 Practice Credits,practice,practice,25 practice,others,0.0,2024-12-03
100000706,2025-05-12,100 Practice Credits,practice,practice,100 practice,others,1417.0,2024-12-03
100000707,2024-10-24,25 Practice Credits,practice,practice,25 practice,others,0.0,2024-10-24
100000707,2025-03-14,100 Practice Credits,practice,practice,100 practice,others,1417.0,2024-10-24
100000708,2024-10-24,10 Practice Credits,practice,practice,10 practice,others,0.0,2024-10-24
100000709,2024-10-25,25 Practice Credits,practice,practice,25 practice,others,0.0,2024-10-25
100000709,2025-03-16,25 Practice Credits,practice,practice,25 practice,others,408.75,2024-10-25
100000710,2024-10-25,25 Practice Credits,practice,practice,25 practice,others,0.0,2024-10-25
100000710,2025-01-06,25 Practice Credits,practice,practice,25 practice,others,408.75,2024-10-25
100000710,2025-03-01,25 Practice Credits,practice,practice,25 practice,others,408.75,2024-10-25
100000710,2025-04-19,25 Practice Credits,practice,practice,25 practice,others,408.75,2024-10-25
100000710,2025-06-21,25 Practice Credits,practice,practice,25 practice,others,408.75,2024-10-25
100000711,2024-10-25,10 Practice Credits,practice,practice,10 practice,others,0.0,2024-10-25
100000711,2024-12-23,10 Practice Credits,practice,practice,10 practice,others,0.0,2024-10-25
100000712,2024-10-25,10 Practice Credits,practice,practice,10 practice,others,0.0,2024-10-25
100000713,2024-10-25,10 Lesson Pack (Joey Poh.),lesson,lesson,10 lesson,Joey Poh,0.0,2024-10-25
100000713,2024-10-25,10 Practice Credits,practice,practice,10 practice,others,0.0,2024-10-25
100000714,2024-10-25,20 Lesson Pack (Johnson Poh),lesson,lesson,20 lesson,Johnson Poh,0.0,2024-10-25
100000714,2024-10-25,25 Practice Credits,practice,practice,25 practice,others,0.0,2024-10-25
100000714,2024-12-29,10 Lesson Pack  (Johnson Poh),lesson,lesson,10 lesson,Johnson Poh,0.0,2024-10-25
100000714,2024-12-29,10 Practice Credits,practice,practice,10 practice,others,0.0,2024-10-25
100000714,2025-05-04,20 Lesson Pack (Johnson Poh),lesson,lesson,20 lesson,Johnson Poh,1853.0,2024-10-25
100000714,2025-05-04,25 Practice Credits,practice,practice,25 practice,others,347.44,2024-10-25
100000715,2024-10-25,25 Practice Credits,practice,practice,25 practice,others,0.0,2024-10-25
100000716,2024-10-25,10 Lesson Pack (Jasper  Park),lesson,lesson,10 lesson,Jasper Park,0.0,2024-10-25
100000716,2024-10-25,25 Practice Credits,practice,practice,25 practice,others,0.0,2024-10-25
100000716,2024-11-15,20 Lesson Pack (Jasper Park),lesson,lesson,20 lesson,Jasper Park,0.0,2024-10-25
100000716,2024-11-15,50 Practice Credits,practice,practice,50 practice,others,0.0,2024-10-25
100000716,2025-07-15,10 Practice Credits,practice,practice,10 practice,others,174.4,2024-10-25
100000717,2024-10-25,10 Practice Credits,practice,practice,10 practice,others,0.0,2024-10-25
100000718,2024-10-25,10 Lesson Pack (Paul Finch),lesson,lesson,10 lesson,Paul Finch,0.0,2024-10-25
100000718,2024-10-25,10 Practice Credits,practice,practice,10 practice,others,0.0,2024-10-25
100000718,2024-12-23,10 Practice Credits,practice,practice,10 practice,others,0.0,2024-10-25
100000718,2025-08-06,10 Practice Credits,practice,practice,10 practice,others,174.4,2024-10-25
100000719,2024-10-25,10 Practice Credits,practice,practice,10 practice,others,0.0,2024-10-25
100000719,2025-04-20,Golfzon 18 Holes - 4 Pax,play,play,Golfzon,others,261.6,2024-10-25
100000719,2025-06-13,Golfzon 18 Holes - 4 Pax,play,play,Golfzon,others,261.6,2024-10-25
100000720,2024-10-25,10 Lesson Pack (Jiali Khee.),lesson,lesson,10 lesson,Jiali Khee,0.0,2024-10-25
100000720,2024-10-25,10 Practice Credits,practice,practice,10 practice,others,0.0,2024-10-25
100000720,2025-08-10,10 Lesson Pack (Jiali Khee.),lesson,lesson,10 lesson,Jiali Khee,981.0,2024-10-25
100000720,2025-08-10,10 Practice Credits,practice,practice,10 practice,others,156.96,2024-10-25
100000721,2024-10-25,10 Practice Credits,practice,practice,10 practice,others,0.0,2024-10-25
100000721,2024-12-27,10 Practice Credits,practice,practice,10 practice,others,0.0,2024-10-25
100000721,2025-02-08,10 Lesson Pack (Paul Finch),lesson,lesson,10 lesson,Paul Finch,981.0,2024-10-25
100000721,2025-02-26,10 Practice Credits,practice,practice,10 practice,others,174.4,2024-10-25
100000722,2024-10-25,10 Lesson Pack (Jasper  Park),lesson,lesson,10 lesson,Jasper Park,0.0,2024-10-25
100000722,2024-10-25,50 Practice Credits,practice,practice,50 practice,others,0.0,2024-10-25
100000722,2025-03-01,20 Lesson Pack (Jasper Park),lesson,lesson,20 lesson,Jasper Park,1853.0,2024-10-25
100000722,2025-03-01,25 Practice Credits,practice,practice,25 practice,others,347.44,2024-10-25
100000722,2025-07-19,20 Lesson Pack (Jasper Park),lesson,lesson,20 lesson,Jasper Park,1853.0,2024-10-25
100000722,2025-07-19,50 Practice Credits,practice,practice,50 practice,others,648.55,2024-10-25
100000723,2024-12-16,20 Lesson Pack (Johnson Poh),lesson,lesson,20 lesson,Johnson Poh,0.0,2024-12-16
100000723,2024-12-27,25 Practice Credits,practice,practice,25 practice,others,0.0,2024-12-16
100000724,2024-10-25,10 Practice Credits,practice,practice,10 practice,others,0.0,2024-10-25
100000725,2024-10-25,10 Practice Credits,practice,practice,10 practice,others,0.0,2024-10-25
100000726,2024-10-25,25 Practice Credits,practice,practice,25 practice,others,0.0,2024-10-25
100000729,2024-12-14,10 Practice Credits,practice,practice,10 practice,others,0.0,2024-12-14
100000734,2025-02-06,10 Practice Credits,practice,practice,10 practice,others,174.4,2025-02-06
100000735,2024-10-25,10 Practice Credits,practice,practice,10 practice,others,0.0,2024-10-25
100000736,2024-10-25,25 Practice Credits,practice,practice,25 practice,others,0.0,2024-10-25
100000737,2024-10-25,10 Practice Credits,practice,practice,10 practice,others,0.0,2024-10-25
100000738,2024-10-25,10 Practice Credits,practice,practice,10 practice,others,0.0,2024-10-25
100000739,2024-10-25,10 Lesson Pack  (Johnson Poh),lesson,lesson,10 lesson,Johnson Poh,0.0,2024-10-25
100000739,2024-10-25,10 Practice Credits,practice,practice,10 practice,others,0.0,2024-10-25
100000740,2024-10-25,100 Practice Credits,practice,practice,100 practice,others,0.0,2024-10-25
100000741,2024-10-25,10 Lesson Pack (Jiali Khee.),lesson,lesson,10 lesson,Jiali Khee,0.0,2024-10-25
100000741,2024-10-25,25 Practice Credits,practice,practice,25 practice,others,0.0,2024-10-25
100000742,2024-10-25,10 Practice Credits,practice,practice,10 practice,others,0.0,2024-10-25
100000742,2025-01-18,10 Practice Credits,practice,practice,10 practice,others,174.4,2024-10-25
100000743,2024-10-25,10 Practice Credits,practice,practice,10 practice,others,0.0,2024-10-25
100000743,2025-01-31,25 Practice Credits,practice,practice,25 practice,others,408.75,2024-10-25
100000744,2024-10-25,25 Practice Credits,practice,practice,25 practice,others,0.0,2024-10-25
100000745,2024-10-25,100 Practice Credits,practice,practice,100 practice,others,0.0,2024-10-25
100000745,2024-12-11,10 Lesson Pack (Jiali Khee.),lesson,lesson,10 lesson,Jiali Khee,0.0,2024-10-25
100000746,2024-10-25,10 Practice Credits,practice,practice,10 practice,others,0.0,2024-10-25
100000747,2024-10-25,10 Lesson Pack (Jiali Khee.),lesson,lesson,10 lesson,Jiali Khee,0.0,2024-10-25
100000747,2024-10-25,100 Practice Credits,practice,practice,100 practice,others,0.0,2024-10-25
100000747,2025-03-23,10 Lesson Pack (Jiali Khee.),lesson,lesson,10 lesson,Jiali Khee,981.0,2024-10-25
100000748,2024-10-25,100 Practice Credits,practice,practice,100 practice,others,0.0,2024-10-25
100000750,2024-10-25,100 Practice Credits,practice,practice,100 practice,others,0.0,2024-10-25
100000750,2024-10-25,20 Lesson Pack (Kim On You),lesson,lesson,20 lesson,Kim On You,0.0,2024-10-25
100000751,2024-10-25,100 Practice Credits,practice,practice,100 practice,others,0.0,2024-10-25
100000752,2024-10-25,10 Practice Credits,practice,practice,10 practice,others,0.0,2024-10-25
100000753,2024-10-25,10 Practice Credits,practice,practice,10 practice,others,0.0,2024-10-25
100000754,2024-10-25,100 Practice Credits,practice,practice,100 practice,others,0.0,2024-10-25
100000754,2024-10-25,50 Lesson Pack (Kim On You),lesson,lesson,50 lesson,Kim On You,0.0,2024-10-25
100000755,2024-10-25,10 Lesson Pack  (Johnson Poh),lesson,lesson,10 lesson,Johnson Poh,0.0,2024-10-25
100000755,2024-10-25,25 Practice Credits,practice,practice,25 practice,others,0.0,2024-10-25
100000755,2025-05-24,10 Practice Credits,practice,practice,10 practice,others,174.4,2024-10-25
100000757,2024-10-25,10 Practice Credits,practice,practice,10 practice,others,0.0,2024-10-25
100000758,2024-10-25,10 Practice Credits,practice,practice,10 practice,others,0.0,2024-10-25
100000759,2024-10-25,10 Practice Credits,practice,practice,10 practice,others,0.0,2024-10-25
100000760,2024-10-25,50 Practice Credits,practice,practice,50 practice,others,0.0,2024-10-25
100000761,2024-10-25,50 Practice Credits,practice,practice,50 practice,others,0.0,2024-10-25
100000762,2024-10-25,10 Practice Credits,practice,practice,10 practice,others,0.0,2024-10-25
100000763,2024-10-25,10 Practice Credits,practice,practice,10 practice,others,0.0,2024-10-25
100000763,2024-12-13,10 Practice Credits,practice,practice,10 practice,others,0.0,2024-10-25
100000763,2025-04-30,100 Practice Credits,practice,practice,100 practice,others,1417.0,2024-10-25
100000764,2024-10-25,10 Practice Credits,practice,practice,10 practice,others,0.0,2024-10-25
100000764,2025-05-14,10 Practice Credits,practice,practice,10 practice,others,174.4,2024-10-25
100000765,2024-10-25,10 Practice Credits,practice,practice,10 practice,others,0.0,2024-10-25
100000766,2024-10-25,10 Practice Credits,practice,practice,10 practice,others,0.0,2024-10-25
100000766,2025-05-16,10 Practice Credits,practice,practice,10 practice,others,174.4,2024-10-25
100000767,2024-10-25,10 Lesson Pack (Jasper  Park),lesson,lesson,10 lesson,Jasper Park,0.0,2024-10-25
100000767,2024-10-25,50 Practice Credits,practice,practice,50 practice,others,0.0,2024-10-25
100000768,2024-10-25,10 Practice Credits,practice,practice,10 practice,others,0.0,2024-10-25
100000769,2024-11-15,10 Practice Credits,practice,practice,10 practice,others,0.0,2024-11-15
100000769,2025-01-09,10 Practice Credits,practice,practice,10 practice,others,174.4,2024-11-15
100000769,2025-01-23,10 Practice Credits,practice,practice,10 practice,others,174.4,2024-11-15
100000769,2025-02-08,10 Practice Credits,practice,practice,10 practice,others,174.4,2024-11-15
100000769,2025-02-27,10 Practice Credits,practice,practice,10 practice,others,174.4,2024-11-15
100000769,2025-04-13,10 Practice Credits,practice,practice,10 practice,others,174.4,2024-11-15
100000769,2025-05-03,10 Practice Credits,practice,practice,10 practice,others,174.4,2024-11-15
100000770,2024-10-25,20 Lesson Pack (Paul Finch),lesson,lesson,20 lesson,Paul Finch,0.0,2024-10-25
100000770,2024-10-25,25 Practice Credits,practice,practice,25 practice,others,0.0,2024-10-25
100000770,2025-06-06,10 Lesson Pack (Paul Finch),lesson,lesson,10 lesson,Paul Finch,981.0,2024-10-25
100000771,2024-10-25,25 Practice Credits,practice,practice,25 practice,others,0.0,2024-10-25
100000771,2024-12-23,10 Practice Credits,practice,practice,10 practice,others,0.0,2024-10-25
100000772,2024-10-25,25 Practice Credits,practice,practice,25 practice,others,0.0,2024-10-25
100000772,2025-05-03,10 Practice Credits,practice,practice,10 practice,others,174.4,2024-10-25
100000773,2024-10-25,10 Practice Credits,practice,practice,10 practice,others,0.0,2024-10-25
100000774,2024-10-25,10 Practice Credits,practice,practice,10 practice,others,0.0,2024-10-25
100000775,2024-10-25,10 Practice Credits,practice,practice,10 practice,others,0.0,2024-10-25
100000776,2024-10-25,10 Practice Credits,practice,practice,10 practice,others,0.0,2024-10-25
100000777,2024-10-25,10 Practice Credits,practice,practice,10 practice,others,0.0,2024-10-25
100000778,2024-10-25,10 Practice Credits,practice,practice,10 practice,others,0.0,2024-10-25
100000778,2025-01-25,10 Practice Credits,practice,practice,10 practice,others,174.4,2024-10-25
100000779,2024-10-25,10 Lesson Pack (Joey Poh.),lesson,lesson,10 lesson,Joey Poh,0.0,2024-10-25
100000779,2024-10-25,25 Practice Credits,practice,practice,25 practice,others,0.0,2024-10-25
100000779,2025-04-24,Group Trial Desmond,trial,trial,Group Trial,Desmond Tan,196.2,2024-10-25
100000779,2025-04-26,Group Trial Johnson,trial,trial,Group Trial,Johnson Poh,196.2,2024-10-25
100000779,2025-05-25,25 Practice Credits,practice,practice,25 practice,others,367.87,2024-10-25
100000779,2025-05-25,5 Semi Private (1:2 Lesson) w/ Johnson Poh.,lesson,lesson,5 group lesson,Johnson Poh,1373.4,2024-10-25
100000781,2024-10-25,10 Practice Credits,practice,practice,10 practice,others,0.0,2024-10-25
100000781,2025-01-28,10 Practice Credits,practice,practice,10 practice,others,174.4,2024-10-25
100000782,2024-10-25,10 Lesson Pack (Kim On You),lesson,lesson,10 lesson,Kim On You,0.0,2024-10-25
100000782,2024-10-25,50 Practice Credits,practice,practice,50 practice,others,0.0,2024-10-25
100000782,2025-01-16,10 Lesson Pack (Kim On You),lesson,lesson,10 lesson,Kim On You,981.0,2024-10-25
100000782,2025-01-16,50 Practice Credits,practice,practice,50 practice,others,686.7,2024-10-25
100000783,2024-10-25,25 Practice Credits,practice,practice,25 practice,others,0.0,2024-10-25
100000784,2024-10-25,100 Practice Credits,practice,practice,100 practice,others,0.0,2024-10-25
100000784,2024-10-25,50 Lesson Pack (Kim On You),lesson,lesson,50 lesson,Kim On You,0.0,2024-10-25
100000784,2025-01-21,Golfzon 9 Holes - 3 Pax,play,play,Golfzon,others,130.8,2024-10-25
100000785,2024-10-25,50 Practice Credits,practice,practice,50 practice,others,0.0,2024-10-25
100000786,2024-10-25,10 Lesson Pack ( Aiko H),lesson,lesson,10 lesson,Aiko H,0.0,2024-10-25
100000787,2024-10-25,10 Practice Credits,practice,practice,10 practice,others,0.0,2024-10-25
100000787,2025-08-04,25 Practice Credits,practice,practice,25 practice,others,408.75,2024-10-25
100000788,2024-10-25,25 Practice Credits,practice,practice,25 practice,others,0.0,2024-10-25
100000788,2025-02-22,10 Practice Credits,practice,practice,10 practice,others,174.4,2024-10-25
100000789,2024-10-25,10 Practice Credits,practice,practice,10 practice,others,0.0,2024-10-25
100000790,2024-10-25,10 Practice Credits,practice,practice,10 practice,others,0.0,2024-10-25
100000790,2024-12-23,10 Practice Credits,practice,practice,10 practice,others,0.0,2024-10-25
100000791,2024-10-25,10 Practice Credits,practice,practice,10 practice,others,0.0,2024-10-25
100000791,2025-01-25,10 Practice Credits,practice,practice,10 practice,others,174.4,2024-10-25
100000791,2025-05-24,10 Practice Credits,practice,practice,10 practice,others,174.4,2024-10-25
100000791,2025-06-01,Trial Lesson W/ Johnson Poh,trial,trial,Trial lesson,Johnson Poh,119.9,2024-10-25
100000791,2025-06-04,30 Mins Practice Credit,practice,practice,30 mins practice,others,43.6,2024-10-25
100000791,2025-07-27,10 Practice Credits,practice,practice,10 practice,others,174.4,2024-10-25
100000791,2025-08-15,Golfzon 9 Holes - 2 Pax,play,play,Golfzon,others,87.2,2024-10-25
100000792,2024-10-25,10 Practice Credits,practice,practice,10 practice,others,0.0,2024-10-25
100000792,2024-12-11,10 Practice Credits,practice,practice,10 practice,others,0.0,2024-10-25
100000792,2025-06-14,10 Practice Credits,practice,practice,10 practice,others,174.4,2024-10-25
100000793,2024-10-25,10 Practice Credits,practice,practice,10 practice,others,0.0,2024-10-25
100000794,2024-10-25,10 Practice Credits,practice,practice,10 practice,others,0.0,2024-10-25
100000795,2024-10-25,10 Practice Credits,practice,practice,10 practice,others,0.0,2024-10-25
100000795,2024-10-25,10 Semi Private (1:2 Lesson) w/ Joey Poh,lesson,lesson,10 group lesson,Joey Poh,0.0,2024-10-25
100000796,2024-10-25,25 Practice Credits,practice,practice,25 practice,others,0.0,2024-10-25
100000797,2024-10-25,25 Practice Credits,practice,practice,25 practice,others,0.0,2024-10-25
100000797,2025-04-05,25 Practice Credits,practice,practice,25 practice,others,408.75,2024-10-25
100000798,2024-10-25,25 Practice Credits,practice,practice,25 practice,others,0.0,2024-10-25
100000798,2025-01-12,Trial Lesson W/ Kim On You,trial,trial,Trial lesson,Kim On You,119.9,2024-10-25
100000799,2024-10-25,10 Practice Credits,practice,practice,10 practice,others,0.0,2024-10-25
100000800,2024-10-25,10 Practice Credits,practice,practice,10 practice,others,0.0,2024-10-25
100000802,2024-10-25,10 Practice Credits,practice,practice,10 practice,others,0.0,2024-10-25
100000802,2024-10-25,20 Lesson Pack (Jiali Khee.),lesson,lesson,20 lesson,Jiali Khee,0.0,2024-10-25
100000802,2025-06-07,10 Practice Credits,practice,practice,10 practice,others,148.24,2024-10-25
100000802,2025-06-07,20 Lesson Pack (Jiali Khee.),lesson,lesson,20 lesson,Jiali Khee,1853.0,2024-10-25
100000803,2024-10-25,25 Practice Credits,practice,practice,25 practice,others,0.0,2024-10-25
100000804,2024-10-25,10 Practice Credits,practice,practice,10 practice,others,0.0,2024-10-25
100000804,2024-10-25,20 Lesson Pack  (Joey Poh),lesson,lesson,20 lesson,Joey Poh,0.0,2024-10-25
100000805,2024-10-25,10 Practice Credits,practice,practice,10 practice,others,0.0,2024-10-25
100000806,2024-10-25,10 Practice Credits,practice,practice,10 practice,others,0.0,2024-10-25
100000807,2024-10-25,10 Practice Credits,practice,practice,10 practice,others,0.0,2024-10-25
100000808,2024-10-25,25 Practice Credits,practice,practice,25 practice,others,0.0,2024-10-25
100000810,2024-10-25,50 Practice Credits,practice,practice,50 practice,others,0.0,2024-10-25
100000811,2024-10-25,10 Practice Credits,practice,practice,10 practice,others,0.0,2024-10-25
100000812,2024-10-25,10 Practice Credits,practice,practice,10 practice,others,0.0,2024-10-25
100000813,2024-10-25,10 Practice Credits,practice,practice,10 practice,others,0.0,2024-10-25
100000814,2024-10-25,10 Practice Credits,practice,practice,10 practice,others,0.0,2024-10-25
100000814,2024-12-28,10 Practice Credits,practice,practice,10 practice,others,0.0,2024-10-25
100000814,2025-08-04,10 Practice Credits,practice,practice,10 practice,others,174.4,2024-10-25
100000815,2024-10-25,10 Practice Credits,practice,practice,10 practice,others,0.0,2024-10-25
100000815,2024-10-25,20 Lesson Pack (Johnson Poh),lesson,lesson,20 lesson,Johnson Poh,0.0,2024-10-25
100000816,2024-10-25,10 Practice Credits,practice,practice,10 practice,others,0.0,2024-10-25
100000816,2024-10-25,20 Lesson Pack (Jiali Khee.),lesson,lesson,20 lesson,Jiali Khee,0.0,2024-10-25
100000817,2024-10-25,10 Practice Credits,practice,practice,10 practice,others,0.0,2024-10-25
100000818,2024-10-26,25 Practice Credits,practice,practice,25 practice,others,0.0,2024-10-26
100000819,2024-10-26,10 Lesson Pack (Jasper  Park),lesson,lesson,10 lesson,Jasper Park,0.0,2024-10-26
100000819,2024-10-26,10 Practice Credits,practice,practice,10 practice,others,0.0,2024-10-26
100000819,2025-04-26,60 Mins Practise,practice,practice,60 mins practice,others,43.6,2024-10-26
100000820,2024-10-26,10 Practice Credits,practice,practice,10 practice,others,0.0,2024-10-26
100000821,2024-10-26,10 Practice Credits,practice,practice,10 practice,others,0.0,2024-10-26
100000822,2024-10-26,10 Lesson Pack  (Johnson Poh),lesson,lesson,10 lesson,Johnson Poh,0.0,2024-10-26
100000822,2024-10-26,25 Practice Credits,practice,practice,25 practice,others,0.0,2024-10-26
100000822,2024-12-13,10 Lesson Pack  (Johnson Poh),lesson,lesson,10 lesson,Johnson Poh,0.0,2024-10-26
100000822,2024-12-13,50 Practice Credits,practice,practice,50 practice,others,0.0,2024-10-26
100000823,2024-10-26,10 Practice Credits,practice,practice,10 practice,others,0.0,2024-10-26
100000823,2024-12-20,10 Practice Credits,practice,practice,10 practice,others,0.0,2024-10-26
100000823,2025-06-13,10 Practice Credits,practice,practice,10 practice,others,174.4,2024-10-26
100000824,2024-12-27,20 Lesson Pack (Kim On You),lesson,lesson,20 lesson,Kim On You,0.0,2024-12-27
100000824,2025-02-16,10 Lesson Pack (Kim On You),lesson,lesson,10 lesson,Kim On You,981.0,2024-12-27
100000824,2025-02-16,10 Practice Credits,practice,practice,10 practice,others,0.0,2024-12-27
100000824,2025-08-15,10 Lesson Pack (Kim On You),lesson,lesson,10 lesson,Kim On You,981.0,2024-12-27
100000824,2025-08-15,10 Practice Credits,practice,practice,10 practice,others,156.96,2024-12-27
100000825,2024-10-26,10 Lesson Pack  (Johnson Poh),lesson,lesson,10 lesson,Johnson Poh,0.0,2024-10-26
100000826,2024-10-26,10 Practice Credits,practice,practice,10 practice,others,0.0,2024-10-26
100000826,2025-03-28,60 Mins Practise,practice,practice,60 mins practice,others,43.6,2024-10-26
100000826,2025-05-12,60 Mins Practise,practice,practice,60 mins practice,others,43.6,2024-10-26
100000826,2025-06-09,60 Mins Practise,practice,practice,60 mins practice,others,43.6,2024-10-26
100000827,2024-10-26,100 Practice Credits,practice,practice,100 practice,others,0.0,2024-10-26
100000828,2024-10-26,10 Practice Credits,practice,practice,10 practice,others,0.0,2024-10-26
100000829,2024-10-26,10 Practice Credits,practice,practice,10 practice,others,0.0,2024-10-26
100000830,2024-10-26,10 Practice Credits,practice,practice,10 practice,others,0.0,2024-10-26
100000832,2024-10-26,10 Practice Credits,practice,practice,10 practice,others,0.0,2024-10-26
100000833,2024-10-26,10 Practice Credits,practice,practice,10 practice,others,0.0,2024-10-26
100000834,2024-10-26,10 Practice Credits,practice,practice,10 practice,others,0.0,2024-10-26
100000835,2024-10-26,25 Practice Credits,practice,practice,25 practice,others,0.0,2024-10-26
100000836,2024-10-26,25 Practice Credits,practice,practice,25 practice,others,0.0,2024-10-26
100000837,2024-10-25,25 Practice Credits,practice,practice,25 practice,others,0.0,2024-10-25
100000838,2024-10-26,10 Lesson Pack (Paul Finch),lesson,lesson,10 lesson,Paul Finch,0.0,2024-10-26
100000838,2024-10-26,25 Practice Credits,practice,practice,25 practice,others,0.0,2024-10-26
100000838,2025-01-12,25 Practice Credits,practice,practice,25 practice,others,408.75,2024-10-26
100000838,2025-05-22,30 Mins Practice Credit,practice,practice,30 mins practice,others,21.8,2024-10-26
100000839,2024-10-26,10 Lesson Pack (Jasper  Park),lesson,lesson,10 lesson,Jasper Park,0.0,2024-10-26
100000839,2024-10-26,10 Practice Credits,practice,practice,10 practice,others,0.0,2024-10-26
100000840,2024-10-26,10 Practice Credits,practice,practice,10 practice,others,0.0,2024-10-26
100000840,2025-05-14,10 Practice Credits,practice,practice,10 practice,others,174.4,2024-10-26
100000840,2025-07-12,60 Mins Practise,practice,practice,60 mins practice,others,43.6,2024-10-26
100000841,2024-10-26,25 Practice Credits,practice,practice,25 practice,others,0.0,2024-10-26
100000841,2025-04-05,10 Practice Credits,practice,practice,10 practice,others,174.4,2024-10-26
100000841,2025-07-20,20 Lesson Pack (Kim On You),lesson,lesson,20 lesson,Kim On You,1853.0,2024-10-26
100000841,2025-07-20,50 Practice Credits,practice,practice,50 practice,others,648.55,2024-10-26
100000841,2025-07-20,Trial Lesson W/ Kim On You,trial,trial,Trial lesson,Kim On You,119.9,2024-10-26
100000842,2024-10-26,25 Practice Credits,practice,practice,25 practice,others,0.0,2024-10-26
100000842,2025-01-04,10 Practice Credits,practice,practice,10 practice,others,174.4,2024-10-26
100000842,2025-03-20,Trial Lesson W/ Kim On You,trial,trial,Trial lesson,Kim On You,119.9,2024-10-26
100000842,2025-03-23,10 Lesson Pack (Kim On You),lesson,lesson,10 lesson,Kim On You,981.0,2024-10-26
100000842,2025-03-23,10 Practice Credits,practice,practice,10 practice,others,156.96,2024-10-26
100000842,2025-05-09,10 Lesson Pack (Kim On You),lesson,lesson,10 lesson,Kim On You,981.0,2024-10-26
100000842,2025-05-09,25 Practice Credits,practice,practice,25 practice,others,367.87,2024-10-26
100000844,2024-10-28,10 Practice Credits,practice,practice,10 practice,others,0.0,2024-10-28
100000844,2025-02-02,Trial Lesson W/ Joey Poh,trial,trial,Trial lesson,Joey Poh,119.9,2024-10-28
100000844,2025-02-09,10 Lesson Pack (Joey Poh.),lesson,lesson,10 lesson,Joey Poh,981.0,2024-10-28
100000844,2025-02-09,25 Practice Credits,practice,practice,25 practice,others,367.87,2024-10-28
100000844,2025-06-01,10 Lesson Pack (Joey Poh.),lesson,lesson,10 lesson,Joey Poh,981.0,2024-10-28
100000845,2024-10-28,25 Practice Credits,practice,practice,25 practice,others,0.0,2024-10-28
100000845,2024-12-09,10 Practice Credits,practice,practice,10 practice,others,0.0,2024-10-28
100000845,2025-02-25,100 Practice Credits,practice,practice,100 practice,others,1417.0,2024-10-28
100000845,2025-08-16,60 Mins Practise,practice,practice,60 mins practice,others,43.6,2024-10-28
100000846,2024-10-28,50 Practice Credits,practice,practice,50 practice,others,0.0,2024-10-28
100000846,2025-05-20,30 Mins 1:1 Lesson W/ Aiko H,lesson,lesson,30 mins lesson,Aiko H,119.9,2024-10-28
100000846,2025-05-20,60 Mins Practise,practice,practice,60 mins practice,others,43.6,2024-10-28
100000846,2025-06-16,10 Lesson Pack ( Aiko H),lesson,lesson,10 lesson,Aiko H,981.0,2024-10-28
100000846,2025-06-16,10 Practice Credits,practice,practice,10 practice,others,156.96,2024-10-28
100000847,2024-10-28,10 Practice Credits,practice,practice,10 practice,others,0.0,2024-10-28
100000847,2025-02-21,10 Practice Credits,practice,practice,10 practice,others,174.4,2024-10-28
100000848,2024-10-28,25 Practice Credits,practice,practice,25 practice,others,0.0,2024-10-28
100000849,2024-10-28,10 Lesson Pack  (Johnson Poh),lesson,lesson,10 lesson,Johnson Poh,0.0,2024-10-28
100000849,2024-10-28,10 Practice Credits,practice,practice,10 practice,others,0.0,2024-10-28
100000849,2025-05-26,10 Practice Credits,practice,practice,10 practice,others,174.4,2024-10-28
100000850,2024-10-28,10 Lesson Pack (Jasper  Park),lesson,lesson,10 lesson,Jasper Park,0.0,2024-10-28
100000850,2024-10-28,50 Practice Credits,practice,practice,50 practice,others,0.0,2024-10-28
100000851,2024-10-28,10 Lesson Pack (Jasper  Park),lesson,lesson,10 lesson,Jasper Park,0.0,2024-10-28
100000851,2024-10-28,25 Practice Credits,practice,practice,25 practice,others,0.0,2024-10-28
100000852,2024-10-28,10 Practice Credits,practice,practice,10 practice,others,0.0,2024-10-28
100000853,2024-10-28,5 Semi Private (1:2 Lesson) w/ Jiali Khee,lesson,lesson,5 group lesson,Jiali Khee,0.0,2024-10-28
100000853,2025-03-10,10 Lesson Pack (Joey Poh.),lesson,lesson,10 lesson,Joey Poh,981.0,2024-10-28
100000854,2024-10-28,100 Practice Credits,practice,practice,100 practice,others,0.0,2024-10-28
100000855,2024-10-28,25 Practice Credits,practice,practice,25 practice,others,0.0,2024-10-28
100000855,2025-01-02,25 Practice Credits,practice,practice,25 practice,others,408.75,2024-10-28
100000856,2024-10-28,10 Practice Credits,practice,practice,10 practice,others,0.0,2024-10-28
100000857,2024-10-28,10 Practice Credits,practice,practice,10 practice,others,0.0,2024-10-28
100000858,2024-12-09,10 Practice Credits,practice,practice,10 practice,others,0.0,2024-12-09
100000858,2025-02-11,10 Practice Credits,practice,practice,10 practice,others,174.4,2024-12-09
100000858,2025-04-21,10 Practice Credits,practice,practice,10 practice,others,174.4,2024-12-09
100000859,2024-10-28,50 Lesson Pack  (Johnson Poh),lesson,lesson,50 lesson,Johnson Poh,0.0,2024-10-28
100000859,2024-10-28,50 Practice Credits,practice,practice,50 practice,others,0.0,2024-10-28
100000859,2025-04-20,50 Lesson Pack  (Johnson Poh),lesson,lesson,50 lesson,Johnson Poh,4360.0,2024-10-28
100000859,2025-04-20,50 Practice Credits,practice,practice,50 practice,others,610.4,2024-10-28
100000859,2025-04-23,25 Practice Credits,practice,practice,25 practice,others,0.0,2024-10-28
100000860,2024-10-28,25 Practice Credits,practice,practice,25 practice,others,0.0,2024-10-28
100000861,2024-10-28,10 Practice Credits,practice,practice,10 practice,others,0.0,2024-10-28
100000862,2024-10-28,10 Lesson Pack (Jasper  Park),lesson,lesson,10 lesson,Jasper Park,0.0,2024-10-28
100000862,2024-10-28,25 Practice Credits,practice,practice,25 practice,others,0.0,2024-10-28
100000863,2024-10-28,10 Practice Credits,practice,practice,10 practice,others,0.0,2024-10-28
100000864,2024-10-28,25 Practice Credits,practice,practice,25 practice,others,0.0,2024-10-28
100000865,2024-10-28,10 Practice Credits,practice,practice,10 practice,others,0.0,2024-10-28
100000866,2024-10-28,50 Practice Credits,practice,practice,50 practice,others,0.0,2024-10-28
100000867,2024-10-28,10 Practice Credits,practice,practice,10 practice,others,0.0,2024-10-28
100000867,2025-06-15,10 Practice Credits,practice,practice,10 practice,others,174.4,2024-10-28
100000868,2024-10-28,25 Practice Credits,practice,practice,25 practice,others,0.0,2024-10-28
100000868,2025-02-13,25 Practice Credits,practice,practice,25 practice,others,408.75,2024-10-28
100000868,2025-04-20,25 Practice Credits,practice,practice,25 practice,others,408.75,2024-10-28
100000868,2025-06-25,25 Practice Credits,practice,practice,25 practice,others,408.75,2024-10-28
100000868,2025-07-15,Golfzon 18 Holes - 1 Pax,play,play,Golfzon,others,109.0,2024-10-28
100000868,2025-07-22,25 Practice Credits,practice,practice,25 practice,others,408.75,2024-10-28
100000868,2025-08-08,Golfzon 18 Holes - 1 Pax,play,play,Golfzon,others,109.0,2024-10-28
100000869,2024-10-28,10 Practice Credits,practice,practice,10 practice,others,0.0,2024-10-28
100000869,2025-06-23,10 Practice Credits,practice,practice,10 practice,others,174.4,2024-10-28
100000870,2024-10-28,10 Practice Credits,practice,practice,10 practice,others,0.0,2024-10-28
100000870,2025-05-10,10 Practice Credits,practice,practice,10 practice,others,174.4,2024-10-28
100000871,2024-10-28,25 Practice Credits,practice,practice,25 practice,others,0.0,2024-10-28
100000872,2024-10-28,25 Practice Credits,practice,practice,25 practice,others,0.0,2024-10-28
100000872,2025-06-14,10 Practice Credits,practice,practice,10 practice,others,174.4,2024-10-28
100000873,2024-10-28,20 Lesson Pack (Paul Finch),lesson,lesson,20 lesson,Paul Finch,0.0,2024-10-28
100000873,2024-10-28,25 Practice Credits,practice,practice,25 practice,others,0.0,2024-10-28
100000874,2024-10-28,25 Practice Credits,practice,practice,25 practice,others,408.75,2024-10-28
100000875,2024-10-28,10 Practice Credits,practice,practice,10 practice,others,0.0,2024-10-28
100000876,2024-10-28,10 Practice Credits,practice,practice,10 practice,others,0.0,2024-10-28
100000877,2024-10-28,100 Practice Credits,practice,practice,100 practice,others,0.0,2024-10-28
100000877,2025-08-03,100 Practice Credits,practice,practice,100 practice,others,1417.0,2024-10-28
100000878,2024-10-28,50 Lesson Pack  (Johnson Poh),lesson,lesson,50 lesson,Johnson Poh,0.0,2024-10-28
100000878,2025-01-14,50 Practice Credits,practice,practice,50 practice,others,0.0,2024-10-28
100000879,2024-10-28,50 Practice Credits,practice,practice,50 practice,others,0.0,2024-10-28
100000880,2024-10-28,25 Practice Credits,practice,practice,25 practice,others,0.0,2024-10-28
100000880,2024-12-09,10 Lesson Pack (Kim On You),lesson,lesson,10 lesson,Kim On You,0.0,2024-10-28
100000880,2025-04-18,10 Lesson Pack (Kim On You),lesson,lesson,10 lesson,Kim On You,981.0,2024-10-28
100000880,2025-04-18,10 Practice Credits,practice,practice,10 practice,others,156.96,2024-10-28
100000881,2024-10-28,10 Lesson Pack (Jasper  Park),lesson,lesson,10 lesson,Jasper Park,0.0,2024-10-28
100000881,2024-10-28,10 Practice Credits,practice,practice,10 practice,others,0.0,2024-10-28
100000882,2024-10-28,10 Lesson Pack  (Chun Leekyung),lesson,lesson,10 lesson,Chun Leekyung,0.0,2024-10-28
100000882,2024-10-28,25 Practice Credits,practice,practice,25 practice,others,0.0,2024-10-28
100000883,2024-10-28,10 Lesson Pack (Kim On You),lesson,lesson,10 lesson,Kim On You,0.0,2024-10-28
100000883,2024-10-28,25 Practice Credits,practice,practice,25 practice,others,0.0,2024-10-28
100000884,2024-10-28,10 Practice Credits,practice,practice,10 practice,others,0.0,2024-10-28
100000885,2024-10-28,10 Practice Credits,practice,practice,10 practice,others,0.0,2024-10-28
100000886,2024-11-15,10 Lesson Pack  (Chun Leekyung),lesson,lesson,10 lesson,Chun Leekyung,0.0,2024-11-15
100000887,2024-10-28,10 Practice Credits,practice,practice,10 practice,others,0.0,2024-10-28
100000888,2024-10-28,25 Practice Credits,practice,practice,25 practice,others,0.0,2024-10-28
100000890,2024-12-27,10 Lesson Pack (Kim On You),lesson,lesson,10 lesson,Kim On You,0.0,2024-12-27
100000891,2024-10-28,10 Practice Credits,practice,practice,10 practice,others,0.0,2024-10-28
100000892,2024-10-29,100 Practice Credits,practice,practice,100 practice,others,0.0,2024-10-29
100000892,2025-02-15,Trial Lesson W/ Kim On You,trial,trial,Trial lesson,Kim On You,119.9,2024-10-29
100000892,2025-02-17,10 Lesson Pack (Kim On You),lesson,lesson,10 lesson,Kim On You,981.0,2024-10-29
100000892,2025-06-15,Golfzon 18 Holes - 2 Pax,play,play,Golfzon,others,130.8,2024-10-29
100000893,2024-10-29,10 Lesson Pack (Kim On You),lesson,lesson,10 lesson,Kim On You,0.0,2024-10-29
100000893,2024-10-29,50 Practice Credits,practice,practice,50 practice,others,0.0,2024-10-29
100000894,2024-10-29,10 Lesson Pack (Jasper  Park),lesson,lesson,10 lesson,Jasper Park,0.0,2024-10-29
100000894,2024-10-29,10 Practice Credits,practice,practice,10 practice,others,0.0,2024-10-29
100000895,2024-10-29,25 Practice Credits,practice,practice,25 practice,others,0.0,2024-10-29
100000896,2024-10-29,20 Lesson Pack (Jasper Park),lesson,lesson,20 lesson,Jasper Park,0.0,2024-10-29
100000896,2024-10-29,50 Practice Credits,practice,practice,50 practice,others,0.0,2024-10-29
100000896,2025-02-15,Golfzon 9 Holes - 2 Pax,play,play,Golfzon,others,87.2,2024-10-29
100000896,2025-02-21,Golfzon 9 Holes - 2 Pax,play,play,Golfzon,others,87.2,2024-10-29
100000897,2024-10-29,100 Practice Credits,practice,practice,100 practice,others,0.0,2024-10-29
100000897,2025-07-20,50 Practice Credits,practice,practice,50 practice,others,763.0,2024-10-29
100000898,2024-10-29,20 Lesson Pack (Kim On You),lesson,lesson,20 lesson,Kim On You,0.0,2024-10-29
100000898,2024-10-29,50 Practice Credits,practice,practice,50 practice,others,0.0,2024-10-29
100000899,2024-10-29,10 Practice Credits,practice,practice,10 practice,others,0.0,2024-10-29
100000900,2024-10-29,10 Practice Credits,practice,practice,10 practice,others,0.0,2024-10-29
100000901,2024-10-29,10 Practice Credits,practice,practice,10 practice,others,0.0,2024-10-29
100000902,2024-10-29,10 Lesson Pack  (Chun Leekyung),lesson,lesson,10 lesson,Chun Leekyung,0.0,2024-10-29
100000902,2024-10-29,25 Practice Credits,practice,practice,25 practice,others,0.0,2024-10-29
100000903,2024-10-29,10 Lesson Pack (Jasper  Park),lesson,lesson,10 lesson,Jasper Park,0.0,2024-10-29
100000903,2024-10-29,10 Practice Credits,practice,practice,10 practice,others,0.0,2024-10-29
100000903,2025-02-25,Golfzon 9 Holes - 2 Pax,play,play,Golfzon,others,130.8,2024-10-29
100000903,2025-03-26,Golfzon 18 Holes - 1 Pax,play,play,Golfzon,others,109.0,2024-10-29
100000903,2025-05-07,Golfzon 18 Holes - 1 Pax,play,play,Golfzon,others,109.0,2024-10-29
100000903,2025-06-17,Golfzon 18 Holes - 1 Pax,play,play,Golfzon,others,109.0,2024-10-29
100000903,2025-06-24,Golfzon 9 Holes - 1 Pax,play,play,Golfzon,others,76.3,2024-10-29
100000903,2025-06-27,Golfzon 18 Holes - 1 Pax,play,play,Golfzon,others,109.0,2024-10-29
100000903,2025-07-02,Golfzon 18 Holes - 1 Pax,play,play,Golfzon,others,109.0,2024-10-29
100000903,2025-07-04,Golfzon 18 Holes - 2 Pax,play,play,Golfzon,others,130.8,2024-10-29
100000903,2025-07-29,Golfzon 18 Holes - 1 Pax,play,play,Golfzon,others,109.0,2024-10-29
100000904,2024-10-29,10 Practice Credits,practice,practice,10 practice,others,0.0,2024-10-29
100000904,2025-03-01,60 Mins Practise,practice,practice,60 mins practice,others,43.6,2024-10-29
100000905,2024-10-29,10 Practice Credits,practice,practice,10 practice,others,0.0,2024-10-29
100000905,2025-02-03,10 Practice Credits,practice,practice,10 practice,others,174.4,2024-10-29
100000905,2025-02-16,Trial Lesson w/ Jasper ,trial,trial,Trial lesson,Jasper Park,119.9,2024-10-29
100000905,2025-04-05,30 Mins Practice Credit,practice,practice,30 mins practice,others,21.8,2024-10-29
100000905,2025-04-12,10 Practice Credits,practice,practice,10 practice,others,174.4,2024-10-29
100000905,2025-04-18,Golfzon 9 Holes - 2 Pax,play,play,Golfzon,others,87.2,2024-10-29
100000905,2025-05-13,10 Practice Credits,practice,practice,10 practice,others,174.4,2024-10-29
100000905,2025-06-12,10 Practice Credits,practice,practice,10 practice,others,174.4,2024-10-29
100000905,2025-07-11,10 Practice Credits,practice,practice,10 practice,others,174.4,2024-10-29
100000905,2025-08-03,25 Practice Credits,practice,practice,25 practice,others,408.75,2024-10-29
100000906,2024-10-29,10 Lesson Pack (Joey Poh.),lesson,lesson,10 lesson,Joey Poh,0.0,2024-10-29
100000906,2024-10-29,10 Practice Credits,practice,practice,10 practice,others,0.0,2024-10-29
100000907,2024-10-29,10 Lesson Pack ( Aiko H),lesson,lesson,10 lesson,Aiko H,0.0,2024-10-29
100000907,2024-10-29,25 Practice Credits,practice,practice,25 practice,others,0.0,2024-10-29
100000907,2024-10-29,5 Semi Private (1:2 Lesson) w/ Aiko H,lesson,lesson,5 group lesson,Aiko H,0.0,2024-10-29
100000907,2025-04-12,50 Practice Credits,practice,practice,50 practice,others,763.0,2024-10-29
100000908,2024-10-29,10 Practice Credits,practice,practice,10 practice,others,0.0,2024-10-29
100000908,2025-05-02,10 Practice Credits,practice,practice,10 practice,others,174.4,2024-10-29
100000909,2024-10-29,10 Practice Credits,practice,practice,10 practice,others,0.0,2024-10-29
100000910,2024-10-29,10 Practice Credits,practice,practice,10 practice,others,0.0,2024-10-29
100000912,2024-10-29,10 Practice Credits,practice,practice,10 practice,others,0.0,2024-10-29
100000912,2025-01-30,25 Practice Credits,practice,practice,25 practice,others,408.75,2024-10-29
100000912,2025-08-11,25 Practice Credits,practice,practice,25 practice,others,408.75,2024-10-29
100000913,2024-10-29,10 Semi Private (1:2 Lesson) w/ Joey Poh,lesson,lesson,10 group lesson,Joey Poh,0.0,2024-10-29
100000913,2024-10-29,25 Practice Credits,practice,practice,25 practice,others,0.0,2024-10-29
100000914,2024-10-29,10 Lesson Pack (Jasper  Park),lesson,lesson,10 lesson,Jasper Park,0.0,2024-10-29
100000914,2024-10-29,20 Lesson Pack (Jasper Park),lesson,lesson,20 lesson,Jasper Park,0.0,2024-10-29
100000914,2024-10-29,25 Practice Credits,practice,practice,25 practice,others,0.0,2024-10-29
100000914,2025-04-01,10 Practice Credits,practice,practice,10 practice,others,174.4,2024-10-29
100000916,2024-10-29,25 Practice Credits,practice,practice,25 practice,others,0.0,2024-10-29
100000916,2024-12-11,10 Semi Private (1:2 Lesson) w/ Aiko H,lesson,lesson,10 group lesson,Aiko H,0.0,2024-10-29
100000916,2025-02-07,10 Practice Credits,practice,practice,10 practice,others,174.4,2024-10-29
100000916,2025-03-09,25 Practice Credits,practice,practice,25 practice,others,408.75,2024-10-29
100000916,2025-06-03,10 Practice Credits,practice,practice,10 practice,others,174.4,2024-10-29
100000917,2024-10-29,10 Lesson Pack (Jiali Khee.),lesson,lesson,10 lesson,Jiali Khee,0.0,2024-10-29
100000917,2024-10-29,10 Practice Credits,practice,practice,10 practice,others,0.0,2024-10-29
100000917,2024-12-11,10 Lesson Pack (Jiali Khee.),lesson,lesson,10 lesson,Jiali Khee,0.0,2024-10-29
100000917,2024-12-11,10 Practice Credits,practice,practice,10 practice,others,0.0,2024-10-29
100000917,2025-04-26,10 Lesson Pack (Jiali Khee.),lesson,lesson,10 lesson,Jiali Khee,981.0,2024-10-29
100000917,2025-04-26,10 Practice Credits,practice,practice,10 practice,others,156.96,2024-10-29
100000918,2024-10-29,10 Practice Credits,practice,practice,10 practice,others,0.0,2024-10-29
100000919,2024-10-29,10 Practice Credits,practice,practice,10 practice,others,0.0,2024-10-29
100000920,2024-10-29,10 Lesson Pack (Joey Poh.),lesson,lesson,10 lesson,Joey Poh,0.0,2024-10-29
100000920,2024-10-29,50 Practice Credits,practice,practice,50 practice,others,0.0,2024-10-29
100000922,2024-10-29,20 Lesson Pack (Kim On You),lesson,lesson,20 lesson,Kim On You,0.0,2024-10-29
100000922,2024-10-29,25 Practice Credits,practice,practice,25 practice,others,0.0,2024-10-29
100000925,2024-10-29,10 Practice Credits,practice,practice,10 practice,others,0.0,2024-10-29
100000926,2024-10-29,25 Practice Credits,practice,practice,25 practice,others,0.0,2024-10-29
100000927,2024-10-29,100 Practice Credits,practice,practice,100 practice,others,0.0,2024-10-29
100000927,2024-10-29,50 Lesson Pack  (Jiali Khee),lesson,lesson,50 lesson,Jiali Khee,0.0,2024-10-29
100000927,2025-01-30,100 Practice Credits,practice,practice,100 practice,others,1417.0,2024-10-29
100000927,2025-05-10,30 Mins Practice Credit,practice,practice,30 mins practice,others,0.0,2024-10-29
100000928,2024-10-29,20 Lesson Pack (Johnson Poh),lesson,lesson,20 lesson,Johnson Poh,0.0,2024-10-29
100000928,2024-10-29,50 Practice Credits,practice,practice,50 practice,others,0.0,2024-10-29
100000928,2025-05-11,20 Lesson Pack (Johnson Poh),lesson,lesson,20 lesson,Johnson Poh,1853.0,2024-10-29
100000929,2024-10-29,10 Lesson Pack ( Aiko H),lesson,lesson,10 lesson,Aiko H,0.0,2024-10-29
100000929,2024-10-29,10 Practice Credits,practice,practice,10 practice,others,0.0,2024-10-29
100000930,2024-10-29,10 Practice Credits,practice,practice,10 practice,others,0.0,2024-10-29
100000930,2024-10-29,20 Lesson Pack  (Joey Poh),lesson,lesson,20 lesson,Joey Poh,0.0,2024-10-29
100000931,2024-10-29,25 Practice Credits,practice,practice,25 practice,others,0.0,2024-10-29
100000932,2024-10-29,50 Practice Credits,practice,practice,50 practice,others,0.0,2024-10-29
100000932,2024-12-04,20 Lesson Pack (Jiali Khee.),lesson,lesson,20 lesson,Jiali Khee,0.0,2024-10-29
100000932,2025-05-12,20 Lesson Pack (Jiali Khee.),lesson,lesson,20 lesson,Jiali Khee,1853.0,2024-10-29
100000933,2024-10-29,10 Lesson Pack ( Aiko H),lesson,lesson,10 lesson,Aiko H,0.0,2024-10-29
100000933,2024-10-29,25 Practice Credits,practice,practice,25 practice,others,0.0,2024-10-29
100000934,2024-10-29,10 Practice Credits,practice,practice,10 practice,others,0.0,2024-10-29
100000934,2025-05-25,Trial Lesson W/ Joey Poh,trial,trial,Trial lesson,Joey Poh,119.9,2024-10-29
100000935,2024-10-29,10 Lesson Pack ( Aiko H),lesson,lesson,10 lesson,Aiko H,0.0,2024-10-29
100000935,2024-10-29,25 Practice Credits,practice,practice,25 practice,others,0.0,2024-10-29
100000935,2025-05-03,10 Practice Credits,practice,practice,10 practice,others,174.4,2024-10-29
100000936,2024-10-29,10 Practice Credits,practice,practice,10 practice,others,0.0,2024-10-29
100000937,2024-10-29,10 Lesson Pack (Paul Finch),lesson,lesson,10 lesson,Paul Finch,0.0,2024-10-29
100000937,2024-10-29,25 Practice Credits,practice,practice,25 practice,others,0.0,2024-10-29
100000938,2024-10-29,10 Practice Credits,practice,practice,10 practice,others,0.0,2024-10-29
100000939,2024-10-29,10 Practice Credits,practice,practice,10 practice,others,0.0,2024-10-29
100000939,2025-03-15,Trial Lesson W/ Paul F,trial,trial,Trial lesson,Paul Finch,119.9,2024-10-29
100000939,2025-03-22,10 Lesson Pack (Paul Finch),lesson,lesson,10 lesson,Paul Finch,981.0,2024-10-29
100000939,2025-03-22,10 Practice Credits,practice,practice,10 practice,others,156.96,2024-10-29
100000940,2024-10-29,10 Practice Credits,practice,practice,10 practice,others,0.0,2024-10-29
100000940,2024-10-29,5 Semi Private (1:2 Lesson) w/ Joey Poh,lesson,lesson,5 group lesson,Joey Poh,0.0,2024-10-29
100000941,2024-10-29,100 Practice Credits,practice,practice,100 practice,others,0.0,2024-10-29
100000941,2024-10-29,20 Lesson Pack  (Joey Poh),lesson,lesson,20 lesson,Joey Poh,0.0,2024-10-29
100000941,2025-04-20,20 Lesson Pack (Johnson Poh),lesson,lesson,20 lesson,Johnson Poh,1853.0,2024-10-29
100000941,2025-04-20,Trial Lesson W/ Johnson Poh,trial,trial,Trial lesson,Johnson Poh,119.9,2024-10-29
100000942,2024-10-29,25 Practice Credits,practice,practice,25 practice,others,0.0,2024-10-29
100000942,2025-04-19,10 Practice Credits,practice,practice,10 practice,others,174.4,2024-10-29
100000943,2024-10-29,10 Lesson Pack (Jasper  Park),lesson,lesson,10 lesson,Jasper Park,0.0,2024-10-29
100000943,2024-10-29,10 Practice Credits,practice,practice,10 practice,others,0.0,2024-10-29
100000944,2024-10-29,10 Lesson Pack (Jasper  Park),lesson,lesson,10 lesson,Jasper Park,0.0,2024-10-29
100000944,2024-10-29,10 Practice Credits,practice,practice,10 practice,others,0.0,2024-10-29
100000944,2025-04-05,10 Practice Credits,practice,practice,10 practice,others,174.4,2024-10-29
100000945,2024-10-29,20 Lesson Pack (Paul Finch),lesson,lesson,20 lesson,Paul Finch,0.0,2024-10-29
100000945,2024-10-29,50 Practice Credits,practice,practice,50 practice,others,0.0,2024-10-29
100000945,2024-12-27,20 Lesson Pack (Paul Finch),lesson,lesson,20 lesson,Paul Finch,0.0,2024-10-29
100000945,2024-12-27,25 Practice Credits,practice,practice,25 practice,others,0.0,2024-10-29
100000945,2025-06-26,Golfzon 9 Holes - 2 Pax,play,play,Golfzon,others,87.2,2024-10-29
100000946,2024-10-29,10 Practice Credits,practice,practice,10 practice,others,0.0,2024-10-29
100000947,2024-10-29,10 Lesson Pack  (Johnson Poh),lesson,lesson,10 lesson,Johnson Poh,0.0,2024-10-29
100000947,2024-10-29,10 Practice Credits,practice,practice,10 practice,others,0.0,2024-10-29
100000948,2024-10-29,10 Practice Credits,practice,practice,10 practice,others,0.0,2024-10-29
100000949,2024-10-29,10 Practice Credits,practice,practice,10 practice,others,0.0,2024-10-29
100000949,2025-01-04,10 Practice Credits,practice,practice,10 practice,others,174.4,2024-10-29
100000950,2024-10-29,10 Practice Credits,practice,practice,10 practice,others,0.0,2024-10-29
100000950,2024-12-20,25 Practice Credits,practice,practice,25 practice,others,0.0,2024-10-29
100000950,2025-04-28,30 Mins Practice Credit,practice,practice,30 mins practice,others,21.8,2024-10-29
100000951,2024-10-29,10 Practice Credits,practice,practice,10 practice,others,0.0,2024-10-29
100000952,2024-10-29,50 Practice Credits,practice,practice,50 practice,others,0.0,2024-10-29
100000952,2024-12-04,10 Lesson Pack (Jasper  Park),lesson,lesson,10 lesson,Jasper Park,0.0,2024-10-29
100000953,2024-10-29,10 Lesson Pack (Jiali Khee.),lesson,lesson,10 lesson,Jiali Khee,0.0,2024-10-29
100000953,2024-10-29,25 Practice Credits,practice,practice,25 practice,others,0.0,2024-10-29
100000955,2024-10-29,10 Practice Credits,practice,practice,10 practice,others,0.0,2024-10-29
100000955,2025-01-11,10 Practice Credits,practice,practice,10 practice,others,174.4,2024-10-29
100000955,2025-05-15,10 Practice Credits,practice,practice,10 practice,others,174.4,2024-10-29
100000955,2025-06-16,10 Practice Credits,practice,practice,10 practice,others,174.4,2024-10-29
100000955,2025-07-17,10 Practice Credits,practice,practice,10 practice,others,174.4,2024-10-29
100000956,2024-10-29,10 Practice Credits,practice,practice,10 practice,others,0.0,2024-10-29
100000957,2024-10-29,10 Practice Credits,practice,practice,10 practice,others,0.0,2024-10-29
100000957,2025-02-26,30 Mins Practice Credit,practice,practice,30 mins practice,others,21.8,2024-10-29
100000958,2024-10-29,20 Lesson Pack (Chun Leekyung),lesson,lesson,20 lesson,Chun Leekyung,0.0,2024-10-29
100000958,2024-10-29,25 Practice Credits,practice,practice,25 practice,others,0.0,2024-10-29
100000958,2025-01-07,10 Lesson Pack (Kim On You),lesson,lesson,10 lesson,Kim On You,0.0,2024-10-29
100000959,2024-10-29,10 Practice Credits,practice,practice,10 practice,others,0.0,2024-10-29
100000960,2024-10-29,10 Practice Credits,practice,practice,10 practice,others,0.0,2024-10-29
100000961,2024-10-29,10 Lesson Pack (Jasper  Park),lesson,lesson,10 lesson,Jasper Park,0.0,2024-10-29
100000961,2024-10-29,10 Practice Credits,practice,practice,10 practice,others,0.0,2024-10-29
100000962,2024-10-29,10 Practice Credits,practice,practice,10 practice,others,0.0,2024-10-29
100000962,2025-07-24,30 Mins Practice Credit,practice,practice,30 mins practice,others,21.8,2024-10-29
100000963,2024-10-29,10 Practice Credits,practice,practice,10 practice,others,0.0,2024-10-29
100000963,2024-12-20,50 Practice Credits,practice,practice,50 practice,others,0.0,2024-10-29
100000964,2024-10-29,10 Practice Credits,practice,practice,10 practice,others,0.0,2024-10-29
100000965,2024-10-29,10 Practice Credits,practice,practice,10 practice,others,0.0,2024-10-29
100000965,2025-08-10,30 Mins Practice Credit,practice,practice,30 mins practice,others,21.8,2024-10-29
100000966,2024-10-29,25 Practice Credits,practice,practice,25 practice,others,0.0,2024-10-29
100000967,2024-10-29,10 Lesson Pack (Jiali Khee.),lesson,lesson,10 lesson,Jiali Khee,0.0,2024-10-29
100000967,2024-10-29,10 Practice Credits,practice,practice,10 practice,others,0.0,2024-10-29
100000967,2025-01-28,30 Mins Practice Credit,practice,practice,30 mins practice,others,21.8,2024-10-29
100000967,2025-02-16,10 Lesson Pack (Jiali Khee.),lesson,lesson,10 lesson,Jiali Khee,981.0,2024-10-29
100000967,2025-02-16,10 Practice Credits,practice,practice,10 practice,others,156.96,2024-10-29
100000968,2024-10-29,20 Lesson Pack (Kim On You),lesson,lesson,20 lesson,Kim On You,0.0,2024-10-29
100000968,2024-10-29,50 Practice Credits,practice,practice,50 practice,others,0.0,2024-10-29
100000969,2024-10-29,25 Practice Credits,practice,practice,25 practice,others,0.0,2024-10-29
100000969,2025-03-15,10 Practice Credits,practice,practice,10 practice,others,174.4,2024-10-29
100000969,2025-06-12,10 Practice Credits,practice,practice,10 practice,others,174.4,2024-10-29
100000969,2025-07-18,10 Practice Credits,practice,practice,10 practice,others,174.4,2024-10-29
100000970,2024-10-29,10 Lesson Pack (Kim On You),lesson,lesson,10 lesson,Kim On You,0.0,2024-10-29
100000970,2024-10-29,25 Practice Credits,practice,practice,25 practice,others,0.0,2024-10-29
100000971,2024-10-29,10 Practice Credits,practice,practice,10 practice,others,0.0,2024-10-29
100000971,2025-01-05,10 Practice Credits,practice,practice,10 practice,others,174.4,2024-10-29
100000971,2025-01-05,Trial Lesson W/ Paul F,trial,trial,Trial lesson,Paul Finch,119.9,2024-10-29
100000971,2025-03-25,10 Practice Credits,practice,practice,10 practice,others,174.4,2024-10-29
100000971,2025-06-08,10 Practice Credits,practice,practice,10 practice,others,174.4,2024-10-29
100000971,2025-08-10,30 Mins Practice Credit,practice,practice,30 mins practice,others,21.8,2024-10-29
100000971,2025-08-17,30 Mins Practice Credit,practice,practice,30 mins practice,others,21.8,2024-10-29
100000972,2025-05-02,10 Lesson Pack (Jasper  Park),lesson,lesson,10 lesson,Jasper Park,981.0,2025-05-02
100000972,2025-05-02,10 Practice Credits,practice,practice,10 practice,others,156.96,2025-05-02
100000973,2024-10-29,10 Practice Credits,practice,practice,10 practice,others,0.0,2024-10-29
100000973,2024-10-29,20 Lesson Pack ( Aiko H),lesson,lesson,20 lesson,Aiko H,0.0,2024-10-29
100000974,2024-10-29,10 Lesson Pack  (Chun Leekyung),lesson,lesson,10 lesson,Chun Leekyung,0.0,2024-10-29
100000974,2024-10-29,25 Practice Credits,practice,practice,25 practice,others,0.0,2024-10-29
100000976,2024-10-29,20 Lesson Pack (Kim On You),lesson,lesson,20 lesson,Kim On You,0.0,2024-10-29
100000976,2024-10-29,25 Practice Credits,practice,practice,25 practice,others,0.0,2024-10-29
100000977,2024-10-29,10 Practice Credits,practice,practice,10 practice,others,0.0,2024-10-29
100000977,2024-12-11,25 Practice Credits,practice,practice,25 practice,others,0.0,2024-10-29
100000978,2024-10-29,10 Lesson Pack  (Johnson Poh),lesson,lesson,10 lesson,Johnson Poh,0.0,2024-10-29
100000978,2024-10-29,25 Practice Credits,practice,practice,25 practice,others,0.0,2024-10-29
100000978,2025-02-21,30 Mins 1:1 Lesson W/ Johnson Poh,lesson,lesson,30 mins lesson,Johnson Poh,119.9,2024-10-29
100000979,2024-10-29,10 Lesson Pack (Jasper  Park),lesson,lesson,10 lesson,Jasper Park,0.0,2024-10-29
100000980,2024-10-29,10 Practice Credits,practice,practice,10 practice,others,0.0,2024-10-29
100000981,2024-10-29,10 Lesson Pack ( Aiko H),lesson,lesson,10 lesson,Aiko H,0.0,2024-10-29
100000981,2024-10-29,50 Practice Credits,practice,practice,50 practice,others,0.0,2024-10-29
100000981,2025-01-09,10 Lesson Pack ( Aiko H),lesson,lesson,10 lesson,Aiko H,0.0,2024-10-29
100000981,2025-02-12,10 Practice Credits,practice,practice,10 practice,others,174.4,2024-10-29
100000981,2025-02-13,10 Lesson Pack ( Aiko H),lesson,lesson,10 lesson,Aiko H,981.0,2024-10-29
100000981,2025-04-14,10 Practice Credits,practice,practice,10 practice,others,174.4,2024-10-29
100000981,2025-04-28,10 Lesson Pack ( Aiko H),lesson,lesson,10 lesson,Aiko H,981.0,2024-10-29
100000981,2025-06-02,50 Practice Credits,practice,practice,50 practice,others,763.0,2024-10-29
100000982,2024-10-29,10 Lesson Pack ( Aiko H),lesson,lesson,10 lesson,Aiko H,0.0,2024-10-29
100000982,2024-10-29,50 Practice Credits,practice,practice,50 practice,others,0.0,2024-10-29
100000982,2025-02-10,10 Lesson Pack ( Aiko H),lesson,lesson,10 lesson,Aiko H,981.0,2024-10-29
100000982,2025-04-14,10 Lesson Pack ( Aiko H),lesson,lesson,10 lesson,Aiko H,981.0,2024-10-29
100000982,2025-06-02,10 Lesson Pack ( Aiko H),lesson,lesson,10 lesson,Aiko H,981.0,2024-10-29
100000983,2024-10-29,10 Practice Credits,practice,practice,10 practice,others,0.0,2024-10-29
100000983,2025-06-18,Trial Lesson W/ Paul F,trial,trial,Trial lesson,Paul Finch,119.9,2024-10-29
100000983,2025-06-20,10 Lesson Pack (Paul Finch),lesson,lesson,10 lesson,Paul Finch,981.0,2024-10-29
100000984,2024-10-29,20 Lesson Pack (Jasper Park),lesson,lesson,20 lesson,Jasper Park,0.0,2024-10-29
100000984,2024-10-29,50 Practice Credits,practice,practice,50 practice,others,0.0,2024-10-29
100000985,2024-10-29,25 Practice Credits,practice,practice,25 practice,others,0.0,2024-10-29
100000986,2024-10-29,25 Practice Credits,practice,practice,25 practice,others,0.0,2024-10-29
100000987,2024-10-29,25 Practice Credits,practice,practice,25 practice,others,0.0,2024-10-29
100000987,2025-05-25,10 Practice Credits,practice,practice,10 practice,others,174.4,2024-10-29
100000988,2024-10-29,10 Lesson Pack (Jiali Khee.),lesson,lesson,10 lesson,Jiali Khee,0.0,2024-10-29
100000988,2024-10-29,25 Practice Credits,practice,practice,25 practice,others,0.0,2024-10-29
100000989,2024-10-29,10 Lesson Pack (Paul Finch),lesson,lesson,10 lesson,Paul Finch,0.0,2024-10-29
100000989,2024-10-29,25 Practice Credits,practice,practice,25 practice,others,0.0,2024-10-29
100000989,2025-03-19,10 Practice Credits,practice,practice,10 practice,others,174.4,2024-10-29
100000990,2024-10-29,10 Practice Credits,practice,practice,10 practice,others,0.0,2024-10-29
100000990,2025-06-01,Golfzon 9 Holes - 2 Pax,play,play,Golfzon,others,87.2,2024-10-29
100000991,2024-10-29,50 Practice Credits,practice,practice,50 practice,others,0.0,2024-10-29
100000991,2025-02-15,50 Practice Credits,practice,practice,50 practice,others,763.0,2024-10-29
100000991,2025-04-08,Trial Lesson w/ Jasper ,trial,trial,Trial lesson,Jasper Park,119.9,2024-10-29
100000992,2024-10-29,10 Practice Credits,practice,practice,10 practice,others,0.0,2024-10-29
100000992,2025-05-10,30 Mins Practice Credit,practice,practice,30 mins practice,others,21.8,2024-10-29
100000992,2025-06-29,30 Mins Practice Credit,practice,practice,30 mins practice,others,21.8,2024-10-29
100000992,2025-07-12,30 Mins Practice Credit,practice,practice,30 mins practice,others,21.8,2024-10-29
100000993,2024-11-20,10 Practice Credits,practice,practice,10 practice,others,0.0,2024-11-20
100000994,2024-10-29,10 Practice Credits,practice,practice,10 practice,others,0.0,2024-10-29
100000994,2024-12-27,10 Practice Credits,practice,practice,10 practice,others,0.0,2024-10-29
100000994,2025-07-28,10 Practice Credits,practice,practice,10 practice,others,174.4,2024-10-29
100000995,2024-10-29,10 Practice Credits,practice,practice,10 practice,others,0.0,2024-10-29
100000995,2025-01-21,10 Practice Credits,practice,practice,10 practice,others,174.4,2024-10-29
100000995,2025-04-22,10 Practice Credits,practice,practice,10 practice,others,174.4,2024-10-29
100000996,2024-10-29,10 Lesson Pack ( Aiko H),lesson,lesson,10 lesson,Aiko H,0.0,2024-10-29
100000996,2024-10-29,50 Practice Credits,practice,practice,50 practice,others,0.0,2024-10-29
100000996,2025-05-08,Golfzon 18 Holes - 4 Pax,play,play,Golfzon,others,0.0,2024-10-29
100000996,2025-05-08,Golfzon 9 Holes - 4 Pax,play,play,Golfzon,others,87.2,2024-10-29
100000996,2025-06-10,30 Mins Practice Credit,practice,practice,30 mins practice,others,21.8,2024-10-29
100000997,2024-10-29,10 Practice Credits,practice,practice,10 practice,others,0.0,2024-10-29
100000998,2024-10-29,10 Practice Credits,practice,practice,10 practice,others,0.0,2024-10-29
100000998,2025-06-20,30 Mins Practice Credit,practice,practice,30 mins practice,others,21.8,2024-10-29
100000998,2025-07-18,30 Mins Practice Credit,practice,practice,30 mins practice,others,21.8,2024-10-29
100000998,2025-07-20,10 Practice Credits,practice,practice,10 practice,others,174.4,2024-10-29
100000999,2024-10-29,25 Practice Credits,practice,practice,25 practice,others,0.0,2024-10-29
100000999,2025-03-15,25 Practice Credits,practice,practice,25 practice,others,408.75,2024-10-29
100000999,2025-05-02,Group Trial Desmond,trial,trial,Group Trial,Desmond Tan,98.1,2024-10-29
100000999,2025-05-05,5 Semi Private (1:2 Lesson) W/ Desmond Tan,lesson,lesson,5 group lesson,Desmond Tan,1373.4,2024-10-29
100001001,2024-10-29,10 Lesson Pack (Paul Finch),lesson,lesson,10 lesson,Paul Finch,0.0,2024-10-29
100001002,2024-10-29,10 Practice Credits,practice,practice,10 practice,others,0.0,2024-10-29
100001003,2024-10-29,10 Practice Credits,practice,practice,10 practice,others,0.0,2024-10-29
100001004,2024-10-29,25 Practice Credits,practice,practice,25 practice,others,0.0,2024-10-29
100001005,2024-11-05,100 Practice Credits,practice,practice,100 practice,others,0.0,2024-11-05
100001005,2025-01-12,30 Mins 1:1 Lesson W/ Johnson Poh,lesson,lesson,30 mins lesson,Johnson Poh,119.9,2024-11-05
100001005,2025-01-13,30 Mins 1:1 Lesson W/ Paul Finch,lesson,lesson,30 mins lesson,Paul Finch,65.4,2024-11-05
100001005,2025-01-19,Golfzon 9 Holes - 2 Pax,play,play,Golfzon,others,87.2,2024-11-05
100001005,2025-05-04,30 Mins 1:1 Lesson W/ Johnson Poh,lesson,lesson,30 mins lesson,Johnson Poh,119.9,2024-11-05
100001005,2025-07-13,Golfzon 9 Holes - 2 Pax,play,play,Golfzon,others,87.2,2024-11-05
100001005,2025-07-16,Golfzon 9 Holes - 3 Pax,play,play,Golfzon,others,130.8,2024-11-05
100001005,2025-07-20,100 Practice Credits,practice,practice,100 practice,others,1417.0,2024-11-05
100001005,2025-07-20,30 Mins 1:1 Lesson W/ Paul Finch,lesson,lesson,30 mins lesson,Paul Finch,119.9,2024-11-05
100001005,2025-07-23,30 Mins 1:1 Lesson W/ Johnson Poh,lesson,lesson,30 mins lesson,Johnson Poh,119.9,2024-11-05
100001006,2024-10-29,10 Lesson Pack  (Johnson Poh),lesson,lesson,10 lesson,Johnson Poh,0.0,2024-10-29
100001006,2024-10-29,10 Practice Credits,practice,practice,10 practice,others,0.0,2024-10-29
100001006,2024-12-28,10 Practice Credits,practice,practice,10 practice,others,0.0,2024-10-29
100001006,2025-03-29,10 Lesson Pack  (Johnson Poh),lesson,lesson,10 lesson,Johnson Poh,981.0,2024-10-29
100001006,2025-03-29,10 Practice Credits,practice,practice,10 practice,others,156.96,2024-10-29
100001006,2025-06-01,10 Practice Credits,practice,practice,10 practice,others,65.4,2024-10-29
100001007,2024-10-29,25 Practice Credits,practice,practice,25 practice,others,0.0,2024-10-29
100001007,2025-05-11,25 Practice Credits,practice,practice,25 practice,others,408.75,2024-10-29
100001007,2025-05-25,Trial Lesson w/ Jasper,trial,trial,Trial lesson,Jasper Park,119.9,2024-10-29
100001007,2025-06-11,10 Lesson Pack (Jasper  Park),lesson,lesson,10 lesson,Jasper Park,981.0,2024-10-29
100001007,2025-06-11,10 Practice Credits,practice,practice,10 practice,others,156.96,2024-10-29
100001008,2024-10-29,10 Lesson Pack  (Johnson Poh),lesson,lesson,10 lesson,Johnson Poh,0.0,2024-10-29
100001008,2024-10-29,50 Practice Credits,practice,practice,50 practice,others,0.0,2024-10-29
100001008,2025-06-13,10 Lesson Pack  (Johnson Poh),lesson,lesson,10 lesson,Johnson Poh,981.0,2024-10-29
100001008,2025-06-13,25 Practice Credits,practice,practice,25 practice,others,367.88,2024-10-29
100001009,2024-10-29,10 Practice Credits,practice,practice,10 practice,others,0.0,2024-10-29
100001009,2024-12-28,10 Practice Credits,practice,practice,10 practice,others,0.0,2024-10-29
100001009,2025-02-01,10 Practice Credits,practice,practice,10 practice,others,174.4,2024-10-29
100001009,2025-04-09,30 Mins Practice Credit,practice,practice,30 mins practice,others,21.8,2024-10-29
100001009,2025-04-28,10 Practice Credits,practice,practice,10 practice,others,174.4,2024-10-29
100001009,2025-07-08,30 Mins Practice Credit,practice,practice,30 mins practice,others,21.8,2024-10-29
100001009,2025-08-12,30 Mins Practice Credit,practice,practice,30 mins practice,others,21.8,2024-10-29
100001010,2024-10-29,25 Practice Credits,practice,practice,25 practice,others,0.0,2024-10-29
100001010,2025-04-02,Golfzon 18 Holes - 3 Pax,play,play,Golfzon,others,196.2,2024-10-29
100001010,2025-07-30,25 Practice Credits,practice,practice,25 practice,others,408.75,2024-10-29
100001011,2024-10-29,10 Practice Credits,practice,practice,10 practice,others,0.0,2024-10-29
100001012,2024-10-29,25 Practice Credits,practice,practice,25 practice,others,0.0,2024-10-29
100001012,2025-08-11,30 Mins Practice Credit,practice,practice,30 mins practice,others,65.4,2024-10-29
100001012,2025-08-12,30 Mins Practice Credit,practice,practice,30 mins practice,others,21.8,2024-10-29
100001012,2025-08-16,30 Mins Practice Credit,practice,practice,30 mins practice,others,21.8,2024-10-29
100001013,2024-10-29,10 Practice Credits,practice,practice,10 practice,others,0.0,2024-10-29
100001014,2024-10-29,10 Practice Credits,practice,practice,10 practice,others,0.0,2024-10-29
100001016,2024-10-29,10 Practice Credits,practice,practice,10 practice,others,0.0,2024-10-29
100001016,2025-03-02,10 Practice Credits,practice,practice,10 practice,others,174.4,2024-10-29
100001017,2024-10-29,10 Practice Credits,practice,practice,10 practice,others,0.0,2024-10-29
100001017,2024-10-29,5 Semi Private (1:2 Lesson) w/ Jiali Khee,lesson,lesson,5 group lesson,Jiali Khee,0.0,2024-10-29
100001017,2025-02-25,Golfzon 18 Holes - 2 Pax,play,play,Golfzon,others,130.8,2024-10-29
100001017,2025-04-02,Golfzon 18 Holes - 2 Pax,play,play,Golfzon,others,130.8,2024-10-29
100001018,2024-10-29,10 Practice Credits,practice,practice,10 practice,others,0.0,2024-10-29
100001019,2024-10-29,10 Practice Credits,practice,practice,10 practice,others,0.0,2024-10-29
100001019,2025-08-22,10 Practice Credits,practice,practice,10 practice,others,174.4,2024-10-29
100001020,2024-10-29,10 Practice Credits,practice,practice,10 practice,others,0.0,2024-10-29
100001020,2025-03-12,10 Practice Credits,practice,practice,10 practice,others,174.4,2024-10-29
100001020,2025-07-31,10 Practice Credits,practice,practice,10 practice,others,174.4,2024-10-29
100001021,2024-10-29,10 Lesson Pack (Jasper  Park),lesson,lesson,10 lesson,Jasper Park,0.0,2024-10-29
100001021,2024-10-29,25 Practice Credits,practice,practice,25 practice,others,0.0,2024-10-29
100001021,2025-02-13,10 Lesson Pack (Jasper  Park),lesson,lesson,10 lesson,Jasper Park,981.0,2024-10-29
100001022,2024-10-29,10 Lesson Pack  (Johnson Poh),lesson,lesson,10 lesson,Johnson Poh,0.0,2024-10-29
100001022,2024-10-29,10 Practice Credits,practice,practice,10 practice,others,0.0,2024-10-29
100001023,2024-10-29,10 Practice Credits,practice,practice,10 practice,others,0.0,2024-10-29
100001023,2025-02-22,10 Practice Credits,practice,practice,10 practice,others,174.4,2024-10-29
100001024,2024-10-29,10 Lesson Pack (Paul Finch),lesson,lesson,10 lesson,Paul Finch,0.0,2024-10-29
100001024,2024-10-29,25 Practice Credits,practice,practice,25 practice,others,0.0,2024-10-29
100001025,2024-10-29,10 Practice Credits,practice,practice,10 practice,others,0.0,2024-10-29
100001025,2025-02-04,10 Practice Credits,practice,practice,10 practice,others,174.4,2024-10-29
100001025,2025-05-23,10 Practice Credits,practice,practice,10 practice,others,174.4,2024-10-29
100001025,2025-07-20,10 Practice Credits,practice,practice,10 practice,others,174.4,2024-10-29
100001026,2024-10-29,25 Practice Credits,practice,practice,25 practice,others,0.0,2024-10-29
100001027,2024-10-29,10 Practice Credits,practice,practice,10 practice,others,0.0,2024-10-29
100001027,2025-04-26,10 Practice Credits,practice,practice,10 practice,others,174.4,2024-10-29
100001028,2024-10-29,10 Practice Credits,practice,practice,10 practice,others,0.0,2024-10-29
100001029,2024-10-29,10 Practice Credits,practice,practice,10 practice,others,0.0,2024-10-29
100001029,2025-04-07,10 Practice Credits,practice,practice,10 practice,others,174.4,2024-10-29
100001030,2024-10-29,10 Lesson Pack (Jasper  Park),lesson,lesson,10 lesson,Jasper Park,0.0,2024-10-29
100001030,2024-10-29,25 Practice Credits,practice,practice,25 practice,others,0.0,2024-10-29
100001031,2024-10-29,25 Practice Credits,practice,practice,25 practice,others,0.0,2024-10-29
100001031,2025-08-03,10 Practice Credits,practice,practice,10 practice,others,174.4,2024-10-29
100001032,2024-10-29,25 Practice Credits,practice,practice,25 practice,others,0.0,2024-10-29
100001032,2025-06-09,10 Practice Credits,practice,practice,10 practice,others,174.4,2024-10-29
100001033,2024-10-29,10 Practice Credits,practice,practice,10 practice,others,0.0,2024-10-29
100001034,2024-12-05,10 Practice Credits,practice,practice,10 practice,others,0.0,2024-12-05
100001034,2025-07-19,10 Practice Credits,practice,practice,10 practice,others,174.4,2024-12-05
100001035,2024-10-29,10 Lesson Pack (Jasper  Park),lesson,lesson,10 lesson,Jasper Park,0.0,2024-10-29
100001035,2024-10-29,100 Practice Credits,practice,practice,100 practice,others,0.0,2024-10-29
100001035,2025-07-04,100 Practice Credits,practice,practice,100 practice,others,1417.0,2024-10-29
100001036,2024-10-29,10 Lesson Pack (Jiali Khee.),lesson,lesson,10 lesson,Jiali Khee,0.0,2024-10-29
100001037,2024-10-29,10 Lesson Pack  (Johnson Poh),lesson,lesson,10 lesson,Johnson Poh,0.0,2024-10-29
100001038,2024-10-29,25 Practice Credits,practice,practice,25 practice,others,0.0,2024-10-29
100001038,2025-06-15,25 Practice Credits,practice,practice,25 practice,others,408.75,2024-10-29
100001040,2024-12-27,10 Lesson Pack (Kim On You),lesson,lesson,10 lesson,Kim On You,0.0,2024-12-27
100001040,2025-01-06,25 Practice Credits,practice,practice,25 practice,others,0.0,2024-12-27
100001041,2024-10-29,10 Practice Credits,practice,practice,10 practice,others,0.0,2024-10-29
100001042,2024-10-29,10 Practice Credits,practice,practice,10 practice,others,0.0,2024-10-29
100001043,2024-10-29,100 Practice Credits,practice,practice,100 practice,others,0.0,2024-10-29
100001043,2024-10-29,50 Lesson Pack  (Johnson Poh),lesson,lesson,50 lesson,Johnson Poh,0.0,2024-10-29
100001043,2025-01-04,Golfzon 9 Holes - 3 Pax,play,play,Golfzon,others,130.8,2024-10-29
100001043,2025-03-01,Golfzon 18 Holes - 3 Pax,play,play,Golfzon,others,196.2,2024-10-29
100001043,2025-06-21,Golfzon 18 Holes - 3 Pax,play,play,Golfzon,others,196.2,2024-10-29
100001044,2024-10-29,10 Practice Credits,practice,practice,10 practice,others,0.0,2024-10-29
100001044,2025-03-19,10 Practice Credits,practice,practice,10 practice,others,174.4,2024-10-29
100001044,2025-04-06,Trial Lesson W/ Desmond Tan,trial,trial,Trial lesson,Desmond Tan,59.95,2024-10-29
100001044,2025-04-10,10 Lesson Pack (Desmond Tan),lesson,lesson,10 lesson,Desmond Tan,921.05,2024-10-29
100001044,2025-04-28,10 Lesson Pack (Desmond Tan),lesson,lesson,10 lesson,Desmond Tan,59.950000000000045,2024-10-29
100001044,2025-04-28,Trial Lesson W/ Desmond Tan,trial,trial,Trial lesson,Desmond Tan,-59.95,2024-10-29
100001044,2025-05-18,10 Practice Credits,practice,practice,10 practice,others,174.4,2024-10-29
100001045,2024-10-29,50 Practice Credits,practice,practice,50 practice,others,0.0,2024-10-29
100001045,2025-01-03,10 Practice Credits,practice,practice,10 practice,others,174.4,2024-10-29
100001046,2024-10-29,10 Practice Credits,practice,practice,10 practice,others,0.0,2024-10-29
100001046,2025-03-30,10 Practice Credits,practice,practice,10 practice,others,174.4,2024-10-29
100001047,2024-10-29,10 Practice Credits,practice,practice,10 practice,others,0.0,2024-10-29
100001048,2024-10-29,10 Practice Credits,practice,practice,10 practice,others,0.0,2024-10-29
100001048,2025-02-04,10 Practice Credits,practice,practice,10 practice,others,174.4,2024-10-29
100001048,2025-08-17,10 Practice Credits,practice,practice,10 practice,others,174.4,2024-10-29
100001049,2024-10-29,10 Practice Credits,practice,practice,10 practice,others,0.0,2024-10-29
100001049,2024-12-26,10 Practice Credits,practice,practice,10 practice,others,0.0,2024-10-29
100001050,2024-10-29,10 Lesson Pack (Kim On You),lesson,lesson,10 lesson,Kim On You,0.0,2024-10-29
100001051,2024-10-29,10 Lesson Pack (Joey Poh.),lesson,lesson,10 lesson,Joey Poh,0.0,2024-10-29
100001051,2024-10-29,25 Practice Credits,practice,practice,25 practice,others,0.0,2024-10-29
100001052,2024-10-29,10 Practice Credits,practice,practice,10 practice,others,0.0,2024-10-29
100001054,2024-10-30,10 Practice Credits,practice,practice,10 practice,others,0.0,2024-10-30
100001055,2024-10-30,10 Practice Credits,practice,practice,10 practice,others,0.0,2024-10-30
100001055,2024-10-30,10 Semi Private (1:2 Lesson) w/ Jiali Khee,lesson,lesson,10 group lesson,Jiali Khee,0.0,2024-10-30
100001055,2025-02-19,10 Lesson Pack (Jiali Khee.),lesson,lesson,10 lesson,Jiali Khee,981.0,2024-10-30
100001055,2025-06-12,10 Practice Credits,practice,practice,10 practice,others,174.4,2024-10-30
100001055,2025-08-06,25 Practice Credits,practice,practice,25 practice,others,408.75,2024-10-30
100001056,2024-10-30,10 Practice Credits,practice,practice,10 practice,others,0.0,2024-10-30
100001056,2025-01-27,60 Mins Practise,practice,practice,60 mins practice,others,43.6,2024-10-30
100001057,2024-10-30,25 Practice Credits,practice,practice,25 practice,others,0.0,2024-10-30
100001058,2024-10-30,20 Lesson Pack (Jasper Park),lesson,lesson,20 lesson,Jasper Park,0.0,2024-10-30
100001058,2024-10-30,25 Practice Credits,practice,practice,25 practice,others,0.0,2024-10-30
100001058,2025-07-12,30 Mins Practice Credit,practice,practice,30 mins practice,others,21.8,2024-10-30
100001058,2025-07-14,25 Practice Credits,practice,practice,25 practice,others,408.75,2024-10-30
100001058,2025-07-14,30 Mins Practice Credit,practice,practice,30 mins practice,others,21.8,2024-10-30
100001059,2024-10-30,10 Lesson Pack  (Johnson Poh),lesson,lesson,10 lesson,Johnson Poh,0.0,2024-10-30
100001059,2024-10-30,25 Practice Credits,practice,practice,25 practice,others,0.0,2024-10-30
100001060,2024-10-30,50 Practice Credits,practice,practice,50 practice,others,0.0,2024-10-30
100001061,2024-10-30,10 Lesson Pack ( Aiko H),lesson,lesson,10 lesson,Aiko H,0.0,2024-10-30
100001061,2024-10-30,10 Practice Credits,practice,practice,10 practice,others,0.0,2024-10-30
100001062,2024-10-30,10 Practice Credits,practice,practice,10 practice,others,0.0,2024-10-30
100001064,2024-10-30,10 Practice Credits,practice,practice,10 practice,others,0.0,2024-10-30
100001065,2024-10-30,25 Practice Credits,practice,practice,25 practice,others,0.0,2024-10-30
100001066,2024-10-30,25 Practice Credits,practice,practice,25 practice,others,0.0,2024-10-30
100001067,2024-10-30,10 Practice Credits,practice,practice,10 practice,others,0.0,2024-10-30
100001067,2025-03-28,10 Practice Credits,practice,practice,10 practice,others,174.4,2024-10-30
100001067,2025-07-25,10 Practice Credits,practice,practice,10 practice,others,174.4,2024-10-30
100001068,2024-10-30,10 Lesson Pack (Jiali Khee.),lesson,lesson,10 lesson,Jiali Khee,0.0,2024-10-30
100001068,2024-10-30,25 Practice Credits,practice,practice,25 practice,others,0.0,2024-10-30
100001068,2025-02-01,10 Lesson Pack (Jiali Khee.),lesson,lesson,10 lesson,Jiali Khee,981.0,2024-10-30
100001069,2024-10-30,10 Practice Credits,practice,practice,10 practice,others,0.0,2024-10-30
100001070,2025-04-27,60 Mins Practise,practice,practice,60 mins practice,others,43.6,2025-04-27
100001070,2025-05-20,60 Mins Practise,practice,practice,60 mins practice,others,43.6,2025-04-27
100001070,2025-06-03,60 Mins Practise,practice,practice,60 mins practice,others,43.6,2025-04-27
100001071,2024-10-30,10 Practice Credits,practice,practice,10 practice,others,0.0,2024-10-30
100001072,2024-10-30,10 Practice Credits,practice,practice,10 practice,others,0.0,2024-10-30
100001073,2024-10-30,10 Lesson Pack  (Johnson Poh),lesson,lesson,10 lesson,Johnson Poh,0.0,2024-10-30
100001073,2024-10-30,10 Practice Credits,practice,practice,10 practice,others,0.0,2024-10-30
100001074,2024-12-05,10 Practice Credits,practice,practice,10 practice,others,0.0,2024-12-05
100001074,2025-01-04,10 Practice Credits,practice,practice,10 practice,others,174.4,2024-12-05
100001074,2025-02-20,10 Practice Credits,practice,practice,10 practice,others,174.4,2024-12-05
100001074,2025-03-09,Golfzon 9 Holes - 1 Pax,play,play,Golfzon,others,76.3,2024-12-05
100001074,2025-03-30,10 Practice Credits,practice,practice,10 practice,others,174.4,2024-12-05
100001074,2025-04-13,10 Practice Credits,practice,practice,10 practice,others,174.4,2024-12-05
100001074,2025-04-20,10 Practice Credits,practice,practice,10 practice,others,174.4,2024-12-05
100001074,2025-04-23,10 Practice Credits,practice,practice,10 practice,others,0.0,2024-12-05
100001075,2024-10-30,10 Practice Credits,practice,practice,10 practice,others,0.0,2024-10-30
100001075,2025-06-13,10 Lesson Pack (Paul Finch),lesson,lesson,10 lesson,Paul Finch,981.0,2024-10-30
100001075,2025-06-13,10 Practice Credits,practice,practice,10 practice,others,156.96,2024-10-30
100001076,2024-10-30,25 Practice Credits,practice,practice,25 practice,others,0.0,2024-10-30
100001076,2025-06-25,10 Practice Credits,practice,practice,10 practice,others,174.4,2024-10-30
100001076,2025-07-27,Trial Lesson W/ Paul F,trial,trial,Trial lesson,Paul Finch,119.9,2024-10-30
100001076,2025-07-29,Trial Lesson W/ Johnson Poh,trial,trial,Trial lesson,Johnson Poh,0.0,2024-10-30
100001076,2025-07-29,Trial Lesson W/ Paul F,trial,trial,Trial lesson,Paul Finch,0.0,2024-10-30
100001076,2025-08-19,10 Lesson Pack  (Johnson Poh),lesson,lesson,10 lesson,Johnson Poh,981.0,2024-10-30
100001077,2024-10-30,100 Practice Credits,practice,practice,100 practice,others,0.0,2024-10-30
100001078,2024-10-30,10 Lesson Pack  (Johnson Poh),lesson,lesson,10 lesson,Johnson Poh,0.0,2024-10-30
100001078,2024-10-30,10 Practice Credits,practice,practice,10 practice,others,0.0,2024-10-30
100001078,2025-07-04,10 Lesson Pack  (Johnson Poh),lesson,lesson,10 lesson,Johnson Poh,981.0,2024-10-30
100001079,2024-10-30,10 Lesson Pack (Joey Poh.),lesson,lesson,10 lesson,Joey Poh,0.0,2024-10-30
100001079,2024-10-30,10 Practice Credits,practice,practice,10 practice,others,0.0,2024-10-30
100001080,2024-10-30,10 Lesson Pack ( Aiko H),lesson,lesson,10 lesson,Aiko H,0.0,2024-10-30
100001080,2024-10-30,10 Practice Credits,practice,practice,10 practice,others,0.0,2024-10-30
100001081,2024-10-30,10 Practice Credits,practice,practice,10 practice,others,0.0,2024-10-30
100001082,2024-10-30,25 Practice Credits,practice,practice,25 practice,others,0.0,2024-10-30
100001082,2024-10-30,5 Semi Private (1:2 Lesson) w/ Joey Poh,lesson,lesson,5 group lesson,Joey Poh,0.0,2024-10-30
100001083,2024-10-30,10 Practice Credits,practice,practice,10 practice,others,0.0,2024-10-30
100001084,2024-10-30,10 Lesson Pack  (Johnson Poh),lesson,lesson,10 lesson,Johnson Poh,0.0,2024-10-30
100001084,2024-10-30,10 Practice Credits,practice,practice,10 practice,others,0.0,2024-10-30
100001085,2024-10-30,10 Lesson Pack  (Chun Leekyung),lesson,lesson,10 lesson,Chun Leekyung,0.0,2024-10-30
100001085,2024-10-30,10 Practice Credits,practice,practice,10 practice,others,0.0,2024-10-30
100001085,2024-12-27,10 Lesson Pack (Kim On You),lesson,lesson,10 lesson,Kim On You,0.0,2024-10-30
100001086,2024-10-30,25 Practice Credits,practice,practice,25 practice,others,0.0,2024-10-30
100001087,2024-10-30,10 Practice Credits,practice,practice,10 practice,others,0.0,2024-10-30
100001088,2024-10-30,10 Practice Credits,practice,practice,10 practice,others,0.0,2024-10-30
100001088,2025-03-20,30 Mins Practice Credit,practice,practice,30 mins practice,others,21.8,2024-10-30
100001089,2024-10-30,10 Practice Credits,practice,practice,10 practice,others,0.0,2024-10-30
100001090,2024-10-30,10 Practice Credits,practice,practice,10 practice,others,0.0,2024-10-30
100001091,2024-10-30,10 Practice Credits,practice,practice,10 practice,others,0.0,2024-10-30
100001092,2024-10-30,10 Practice Credits,practice,practice,10 practice,others,0.0,2024-10-30
100001092,2025-01-26,10 Practice Credits,practice,practice,10 practice,others,174.4,2024-10-30
100001092,2025-03-07,10 Practice Credits,practice,practice,10 practice,others,174.4,2024-10-30
100001092,2025-03-08,Golfzon 9 Holes - 2 Pax,play,play,Golfzon,others,87.2,2024-10-30
100001092,2025-05-20,10 Practice Credits,practice,practice,10 practice,others,174.4,2024-10-30
100001093,2024-10-30,10 Practice Credits,practice,practice,10 practice,others,0.0,2024-10-30
100001094,2024-10-30,20 Lesson Pack (Jiali Khee.),lesson,lesson,20 lesson,Jiali Khee,0.0,2024-10-30
100001094,2024-10-30,25 Practice Credits,practice,practice,25 practice,others,0.0,2024-10-30
100001095,2024-10-30,100 Practice Credits,practice,practice,100 practice,others,0.0,2024-10-30
100001095,2024-10-30,50 Lesson Pack  (Joey Poh),lesson,lesson,50 lesson,Joey Poh,0.0,2024-10-30
100001096,2024-10-30,10 Practice Credits,practice,practice,10 practice,others,0.0,2024-10-30
100001096,2025-02-16,10 Practice Credits,practice,practice,10 practice,others,174.4,2024-10-30
100001097,2024-10-30,25 Practice Credits,practice,practice,25 practice,others,0.0,2024-10-30
100001097,2025-06-07,10 Practice Credits,practice,practice,10 practice,others,174.4,2024-10-30
100001098,2024-10-30,10 Lesson Pack (Jasper  Park),lesson,lesson,10 lesson,Jasper Park,0.0,2024-10-30
100001098,2024-10-30,100 Practice Credits,practice,practice,100 practice,others,0.0,2024-10-30
100001099,2024-10-30,10 Practice Credits,practice,practice,10 practice,others,0.0,2024-10-30
100001101,2024-10-30,10 Practice Credits,practice,practice,10 practice,others,0.0,2024-10-30
100001102,2024-10-30,25 Practice Credits,practice,practice,25 practice,others,0.0,2024-10-30
100001103,2024-10-30,25 Practice Credits,practice,practice,25 practice,others,0.0,2024-10-30
100001105,2025-05-05,10 Practice Credits,practice,practice,10 practice,others,174.4,2025-05-05
100001106,2024-11-01,10 Lesson Pack (Kim On You),lesson,lesson,10 lesson,Kim On You,0.0,2024-11-01
100001106,2024-11-01,25 Practice Credits,practice,practice,25 practice,others,0.0,2024-11-01
100001107,2024-11-01,10 Practice Credits,practice,practice,10 practice,others,0.0,2024-11-01
100001108,2024-11-01,Trial Lesson W/ Jiali Khee,trial,trial,Trial lesson,Jiali Khee,0.0,2024-11-01
100001108,2025-04-06,30 Mins Practice Credit,practice,practice,30 mins practice,others,21.8,2024-11-01
100001108,2025-05-25,10 Practice Credits,practice,practice,10 practice,others,156.96,2024-11-01
100001109,2024-11-01,50 Practice Credits,practice,practice,50 practice,others,0.0,2024-11-01
100001110,2024-11-01,25 Practice Credits,practice,practice,25 practice,others,0.0,2024-11-01
100001110,2024-12-20,10 Practice Credits,practice,practice,10 practice,others,0.0,2024-11-01
100001110,2025-02-09,10 Practice Credits,practice,practice,10 practice,others,174.4,2024-11-01
100001110,2025-03-06,10 Practice Credits,practice,practice,10 practice,others,174.4,2024-11-01
100001110,2025-04-19,10 Practice Credits,practice,practice,10 practice,others,174.4,2024-11-01
100001110,2025-05-11,10 Practice Credits,practice,practice,10 practice,others,174.4,2024-11-01
100001110,2025-06-20,10 Practice Credits,practice,practice,10 practice,others,174.4,2024-11-01
100001110,2025-06-29,10 Lesson Pack (Jasper  Park),lesson,lesson,10 lesson,Jasper Park,981.0,2024-11-01
100001110,2025-07-09,25 Practice Credits,practice,practice,25 practice,others,408.75,2024-11-01
100001111,2024-11-01,100 Practice Credits,practice,practice,100 practice,others,0.0,2024-11-01
100001112,2024-11-01,10 Practice Credits,practice,practice,10 practice,others,0.0,2024-11-01
100001113,2024-11-01,10 Lesson Pack  (Johnson Poh),lesson,lesson,10 lesson,Johnson Poh,0.0,2024-11-01
100001113,2024-11-01,10 Practice Credits,practice,practice,10 practice,others,0.0,2024-11-01
100001114,2024-11-01,20 Lesson Pack ( Aiko H),lesson,lesson,20 lesson,Aiko H,0.0,2024-11-01
100001114,2024-11-01,50 Practice Credits,practice,practice,50 practice,others,0.0,2024-11-01
100001114,2025-02-07,25 Practice Credits,practice,practice,25 practice,others,408.75,2024-11-01
100001114,2025-05-11,25 Practice Credits,practice,practice,25 practice,others,408.75,2024-11-01
100001114,2025-06-17,25 Practice Credits,practice,practice,25 practice,others,408.75,2024-11-01
100001115,2024-11-01,25 Practice Credits,practice,practice,25 practice,others,0.0,2024-11-01
100001116,2024-11-01,100 Practice Credits,practice,practice,100 practice,others,0.0,2024-11-01
100001117,2024-11-01,20 Lesson Pack (Jiali Khee.),lesson,lesson,20 lesson,Jiali Khee,0.0,2024-11-01
100001117,2024-11-01,50 Practice Credits,practice,practice,50 practice,others,0.0,2024-11-01
100001118,2024-11-01,10 Practice Credits,practice,practice,10 practice,others,0.0,2024-11-01
100001119,2024-11-01,10 Lesson Pack  (Chun Leekyung),lesson,lesson,10 lesson,Chun Leekyung,0.0,2024-11-01
100001119,2024-11-01,10 Practice Credits,practice,practice,10 practice,others,0.0,2024-11-01
100001119,2025-08-04,10 Practice Credits,practice,practice,10 practice,others,174.4,2024-11-01
100001120,2024-11-01,10 Practice Credits,practice,practice,10 practice,others,0.0,2024-11-01
100001121,2024-11-01,10 Lesson Pack (Jasper  Park),lesson,lesson,10 lesson,Jasper Park,0.0,2024-11-01
100001121,2024-12-05,10 Practice Credits,practice,practice,10 practice,others,0.0,2024-11-01
100001122,2024-11-01,25 Practice Credits,practice,practice,25 practice,others,0.0,2024-11-01
100001123,2024-11-01,10 Practice Credits,practice,practice,10 practice,others,0.0,2024-11-01
100001123,2025-05-18,10 Practice Credits,practice,practice,10 practice,others,174.4,2024-11-01
100001124,2024-11-01,25 Practice Credits,practice,practice,25 practice,others,0.0,2024-11-01
100001126,2024-11-01,10 Practice Credits,practice,practice,10 practice,others,0.0,2024-11-01
100001128,2024-11-01,50 Practice Credits,practice,practice,50 practice,others,0.0,2024-11-01
100001130,2024-11-01,10 Practice Credits,practice,practice,10 practice,others,0.0,2024-11-01
100001131,2024-11-01,50 Practice Credits,practice,practice,50 practice,others,0.0,2024-11-01
100001131,2024-12-13,Trial Lesson W/ Kim On You,trial,trial,Trial lesson,Kim On You,0.0,2024-11-01
100001131,2024-12-20,10 Lesson Pack (Kim On You),lesson,lesson,10 lesson,Kim On You,0.0,2024-11-01
100001131,2025-07-23,50 Practice Credits,practice,practice,50 practice,others,763.0,2024-11-01
100001132,2024-11-01,10 Practice Credits,practice,practice,10 practice,others,0.0,2024-11-01
100001133,2024-11-01,10 Lesson Pack (Joey Poh.),lesson,lesson,10 lesson,Joey Poh,0.0,2024-11-01
100001133,2024-11-01,25 Practice Credits,practice,practice,25 practice,others,0.0,2024-11-01
100001134,2024-11-01,10 Practice Credits,practice,practice,10 practice,others,0.0,2024-11-01
100001135,2024-11-01,20 Lesson Pack (Jiali Khee.),lesson,lesson,20 lesson,Jiali Khee,0.0,2024-11-01
100001135,2024-11-01,25 Practice Credits,practice,practice,25 practice,others,0.0,2024-11-01
100001136,2024-11-01,10 Practice Credits,practice,practice,10 practice,others,0.0,2024-11-01
100001137,2024-11-01,25 Practice Credits,practice,practice,25 practice,others,0.0,2024-11-01
100001138,2024-11-01,25 Practice Credits,practice,practice,25 practice,others,0.0,2024-11-01
100001139,2024-11-20,10 Lesson Pack (Jiali Khee.),lesson,lesson,10 lesson,Jiali Khee,0.0,2024-11-20
100001140,2024-11-01,10 Lesson Pack (Joey Poh.),lesson,lesson,10 lesson,Joey Poh,0.0,2024-11-01
100001140,2024-11-01,10 Practice Credits,practice,practice,10 practice,others,0.0,2024-11-01
100001141,2024-11-01,25 Practice Credits,practice,practice,25 practice,others,0.0,2024-11-01
100001142,2024-11-01,10 Practice Credits,practice,practice,10 practice,others,0.0,2024-11-01
100001142,2024-12-11,10 Lesson Pack (Kim On You),lesson,lesson,10 lesson,Kim On You,0.0,2024-11-01
100001143,2024-11-01,25 Practice Credits,practice,practice,25 practice,others,0.0,2024-11-01
100001144,2024-11-01,20 Lesson Pack (Kim On You),lesson,lesson,20 lesson,Kim On You,0.0,2024-11-01
100001144,2024-11-01,50 Practice Credits,practice,practice,50 practice,others,0.0,2024-11-01
100001144,2025-02-06,30 Mins Practice Credit,practice,practice,30 mins practice,others,21.8,2024-11-01
100001144,2025-02-11,25 Practice Credits,practice,practice,25 practice,others,408.75,2024-11-01
100001144,2025-02-22,Trial Lesson W/ Joey Poh,trial,trial,Trial lesson,Joey Poh,119.9,2024-11-01
100001144,2025-03-01,10 Lesson Pack (Joey Poh.),lesson,lesson,10 lesson,Joey Poh,981.0,2024-11-01
100001144,2025-03-15,20 Lesson Pack (Kim On You),lesson,lesson,20 lesson,Kim On You,1853.0,2024-11-01
100001144,2025-03-15,50 Practice Credits,practice,practice,50 practice,others,648.55,2024-11-01
100001145,2024-11-01,10 Practice Credits,practice,practice,10 practice,others,0.0,2024-11-01
100001145,2025-06-03,10 Practice Credits,practice,practice,10 practice,others,174.4,2024-11-01
100001146,2024-11-01,10 Lesson Pack (Kim On You),lesson,lesson,10 lesson,Kim On You,0.0,2024-11-01
100001146,2024-11-01,25 Practice Credits,practice,practice,25 practice,others,0.0,2024-11-01
100001147,2024-11-01,10 Lesson Pack (Jiali Khee.),lesson,lesson,10 lesson,Jiali Khee,0.0,2024-11-01
100001147,2024-11-01,10 Practice Credits,practice,practice,10 practice,others,0.0,2024-11-01
100001147,2025-01-20,10 Practice Credits,practice,practice,10 practice,others,174.4,2024-11-01
100001148,2024-11-01,50 Practice Credits,practice,practice,50 practice,others,0.0,2024-11-01
100001149,2024-11-01,50 Practice Credits,practice,practice,50 practice,others,0.0,2024-11-01
100001149,2025-02-01,10 Lesson Pack (Joey Poh.),lesson,lesson,10 lesson,Joey Poh,981.0,2024-11-01
100001149,2025-02-01,25 Practice Credits,practice,practice,25 practice,others,367.87,2024-11-01
100001149,2025-02-21,Golfzon 9 Holes - 2 Pax,play,play,Golfzon,others,87.2,2024-11-01
100001149,2025-03-26,Golfzon 9 Holes - 2 Pax,play,play,Golfzon,others,87.2,2024-11-01
100001149,2025-06-01,25 Practice Credits,practice,practice,25 practice,others,408.75,2024-11-01
100001149,2025-06-16,Golfzon 9 Holes - 2 Pax,play,play,Golfzon,others,87.2,2024-11-01
100001150,2024-11-01,10 Lesson Pack (Jasper  Park),lesson,lesson,10 lesson,Jasper Park,0.0,2024-11-01
100001150,2024-11-01,10 Practice Credits,practice,practice,10 practice,others,0.0,2024-11-01
100001151,2024-11-01,25 Practice Credits,practice,practice,25 practice,others,0.0,2024-11-01
100001151,2025-04-05,10 Practice Credits,practice,practice,10 practice,others,174.4,2024-11-01
100001151,2025-07-08,10 Practice Credits,practice,practice,10 practice,others,174.4,2024-11-01
100001151,2025-08-11,10 Practice Credits,practice,practice,10 practice,others,174.4,2024-11-01
100001152,2024-11-01,10 Practice Credits,practice,practice,10 practice,others,0.0,2024-11-01
100001153,2024-11-01,10 Practice Credits,practice,practice,10 practice,others,0.0,2024-11-01
100001153,2025-08-11,10 Practice Credits,practice,practice,10 practice,others,174.4,2024-11-01
100001154,2024-11-01,10 Practice Credits,practice,practice,10 practice,others,0.0,2024-11-01
100001154,2025-08-22,10 Practice Credits,practice,practice,10 practice,others,174.4,2024-11-01
100001154,2025-08-22,Trial Lesson W/ Paul F,trial,trial,Trial lesson,Paul Finch,119.9,2024-11-01
100001155,2024-11-01,25 Practice Credits,practice,practice,25 practice,others,0.0,2024-11-01
100001156,2024-11-01,25 Practice Credits,practice,practice,25 practice,others,0.0,2024-11-01
100001156,2025-02-22,25 Practice Credits,practice,practice,25 practice,others,408.75,2024-11-01
100001157,2024-11-01,10 Practice Credits,practice,practice,10 practice,others,0.0,2024-11-01
100001158,2025-06-29,30 Mins Practice Credit,practice,practice,30 mins practice,others,21.8,2025-06-29
100001158,2025-07-18,30 Mins Practice Credit,practice,practice,30 mins practice,others,21.8,2025-06-29
100001158,2025-08-05,30 Mins Practice Credit,practice,practice,30 mins practice,others,21.8,2025-06-29
100001159,2024-11-01,10 Practice Credits,practice,practice,10 practice,others,0.0,2024-11-01
100001159,2025-07-16,10 Practice Credits,practice,practice,10 practice,others,174.4,2024-11-01
100001160,2024-11-01,25 Practice Credits,practice,practice,25 practice,others,0.0,2024-11-01
100001160,2025-04-11,Trial Lesson W/ Desmond Tan,trial,trial,Trial lesson,Desmond Tan,59.95,2024-11-01
100001161,2024-11-01,10 Lesson Pack (Jiali Khee.),lesson,lesson,10 lesson,Jiali Khee,0.0,2024-11-01
100001161,2024-11-01,10 Practice Credits,practice,practice,10 practice,others,0.0,2024-11-01
100001162,2024-11-01,20 Lesson Pack (Jasper Park),lesson,lesson,20 lesson,Jasper Park,0.0,2024-11-01
100001162,2024-11-01,25 Practice Credits,practice,practice,25 practice,others,0.0,2024-11-01
100001163,2024-11-01,10 Practice Credits,practice,practice,10 practice,others,0.0,2024-11-01
100001164,2024-11-01,10 Lesson Pack  (Johnson Poh),lesson,lesson,10 lesson,Johnson Poh,0.0,2024-11-01
100001164,2024-12-05,10 Practice Credits,practice,practice,10 practice,others,0.0,2024-11-01
100001164,2025-07-06,10 Practice Credits,practice,practice,10 practice,others,174.4,2024-11-01
100001165,2024-11-01,10 Practice Credits,practice,practice,10 practice,others,0.0,2024-11-01
100001165,2025-04-29,10 Practice Credits,practice,practice,10 practice,others,174.4,2024-11-01
100001166,2024-11-01,10 Practice Credits,practice,practice,10 practice,others,0.0,2024-11-01
100001166,2025-02-09,10 Semi Private (1:2 Lesson) w/ Joey Poh,lesson,lesson,10 group lesson,Joey Poh,2594.2,2024-11-01
100001166,2025-03-08,10 Lesson Pack (Jiali Khee.),lesson,lesson,10 lesson,Jiali Khee,981.0,2024-11-01
100001166,2025-06-02,30 Mins Practice Credit,practice,practice,30 mins practice,others,21.8,2024-11-01
100001166,2025-06-07,30 Mins Practice Credit,practice,practice,30 mins practice,others,21.8,2024-11-01
100001166,2025-06-08,20 Lesson Pack (Jiali Khee.),lesson,lesson,20 lesson,Jiali Khee,1853.0,2024-11-01
100001166,2025-06-08,50 Practice Credits,practice,practice,50 practice,others,648.55,2024-11-01
100001166,2025-06-10,25 Practice Credits,practice,practice,25 practice,others,0.0,2024-11-01
100001166,2025-07-04,Golfzon 9 Holes - 4 Pax,play,play,Golfzon,others,174.4,2024-11-01
100001166,2025-07-10,20 Lesson Pack (Jiali Khee.),lesson,lesson,20 lesson,Jiali Khee,1853.0,2024-11-01
100001166,2025-08-08,10 Lesson Pack (Joey Poh.),lesson,lesson,10 lesson,Joey Poh,981.0,2024-11-01
100001167,2024-11-01,10 Lesson Pack  (Johnson Poh),lesson,lesson,10 lesson,Johnson Poh,0.0,2024-11-01
100001167,2024-11-01,25 Practice Credits,practice,practice,25 practice,others,0.0,2024-11-01
100001167,2025-07-23,10 Lesson Pack  (Johnson Poh),lesson,lesson,10 lesson,Johnson Poh,981.0,2024-11-01
100001168,2024-11-01,25 Practice Credits,practice,practice,25 practice,others,0.0,2024-11-01
100001169,2024-11-01,10 Practice Credits,practice,practice,10 practice,others,0.0,2024-11-01
100001170,2024-11-01,25 Practice Credits,practice,practice,25 practice,others,0.0,2024-11-01
100001171,2024-11-01,20 Lesson Pack  (Joey Poh),lesson,lesson,20 lesson,Joey Poh,0.0,2024-11-01
100001171,2024-11-01,50 Practice Credits,practice,practice,50 practice,others,0.0,2024-11-01
100001172,2024-11-01,10 Practice Credits,practice,practice,10 practice,others,0.0,2024-11-01
100001172,2025-05-03,10 Practice Credits,practice,practice,10 practice,others,174.4,2024-11-01
100001173,2024-11-01,10 Lesson Pack (Paul Finch),lesson,lesson,10 lesson,Paul Finch,0.0,2024-11-01
100001173,2024-11-01,25 Practice Credits,practice,practice,25 practice,others,0.0,2024-11-01
100001173,2025-01-05,10 Practice Credits,practice,practice,10 practice,others,174.4,2024-11-01
100001173,2025-04-10,10 Practice Credits,practice,practice,10 practice,others,174.4,2024-11-01
100001173,2025-06-22,10 Practice Credits,practice,practice,10 practice,others,174.4,2024-11-01
100001173,2025-08-05,30 Mins Practice Credit,practice,practice,30 mins practice,others,21.8,2024-11-01
100001174,2024-11-01,10 Practice Credits,practice,practice,10 practice,others,0.0,2024-11-01
100001174,2025-02-20,30 Mins Practice Credit,practice,practice,30 mins practice,others,21.8,2024-11-01
100001174,2025-07-09,10 Practice Credits,practice,practice,10 practice,others,174.4,2024-11-01
100001175,2024-11-01,10 Practice Credits,practice,practice,10 practice,others,0.0,2024-11-01
100001175,2025-06-16,10 Practice Credits,practice,practice,10 practice,others,174.4,2024-11-01
100001176,2024-11-01,10 Practice Credits,practice,practice,10 practice,others,0.0,2024-11-01
100001176,2025-06-05,10 Practice Credits,practice,practice,10 practice,others,174.4,2024-11-01
100001177,2024-11-01,25 Practice Credits,practice,practice,25 practice,others,0.0,2024-11-01
100001177,2025-04-03,Golfzon 18 Holes - 1 Pax,play,play,Golfzon,others,54.5,2024-11-01
100001177,2025-04-28,Golfzon 18 Holes - 1 Pax,play,play,Golfzon,others,54.5,2024-11-01
100001178,2024-11-01,100 Practice Credits,practice,practice,100 practice,others,0.0,2024-11-01
100001179,2024-11-01,10 Lesson Pack ( Aiko H),lesson,lesson,10 lesson,Aiko H,0.0,2024-11-01
100001179,2024-11-01,10 Practice Credits,practice,practice,10 practice,others,0.0,2024-11-01
100001179,2025-01-27,10 Lesson Pack ( Aiko H),lesson,lesson,10 lesson,Aiko H,981.0,2024-11-01
100001179,2025-01-27,10 Practice Credits,practice,practice,10 practice,others,156.96,2024-11-01
100001179,2025-03-10,10 Lesson Pack ( Aiko H),lesson,lesson,10 lesson,Aiko H,981.0,2024-11-01
100001179,2025-06-10,10 Practice Credits,practice,practice,10 practice,others,174.4,2024-11-01
100001180,2024-11-01,10 Practice Credits,practice,practice,10 practice,others,0.0,2024-11-01
100001181,2024-11-01,25 Practice Credits,practice,practice,25 practice,others,0.0,2024-11-01
100001182,2024-11-01,10 Lesson Pack (Joey Poh.),lesson,lesson,10 lesson,Joey Poh,0.0,2024-11-01
100001182,2024-11-01,50 Practice Credits,practice,practice,50 practice,others,0.0,2024-11-01
100001182,2024-12-13,10 Lesson Pack (Joey Poh.),lesson,lesson,10 lesson,Joey Poh,0.0,2024-11-01
100001182,2025-06-08,10 Lesson Pack (Joey Poh.),lesson,lesson,10 lesson,Joey Poh,981.0,2024-11-01
100001182,2025-06-08,10 Practice Credits,practice,practice,10 practice,others,156.96,2024-11-01
100001182,2025-07-27,25 Practice Credits,practice,practice,25 practice,others,408.75,2024-11-01
100001182,2025-07-27,Golfzon 18 Holes - 2 Pax,play,play,Golfzon,others,130.8,2024-11-01
100001183,2024-11-01,10 Practice Credits,practice,practice,10 practice,others,0.0,2024-11-01
100001183,2025-02-25,10 Practice Credits,practice,practice,10 practice,others,174.4,2024-11-01
100001184,2024-11-01,10 Lesson Pack (Jasper  Park),lesson,lesson,10 lesson,Jasper Park,0.0,2024-11-01
100001184,2024-11-01,10 Practice Credits,practice,practice,10 practice,others,0.0,2024-11-01
100001186,2024-10-21,10 Lesson Pack (Kim On You),lesson,lesson,10 lesson,Kim On You,981.0,2024-10-21
100001186,2024-11-01,100 Practice Credits,practice,practice,100 practice,others,0.0,2024-10-21
100001186,2025-03-31,10 Lesson Pack (Son Gunwoo),lesson,lesson,10 lesson,Son Gunwoo,0.0,2024-10-21
100001186,2025-04-28,10 Lesson Pack (Son Gunwoo),lesson,lesson,10 lesson,Son Gunwoo,0.0,2024-10-21
100001186,2025-06-17,10 Practice Credits,practice,practice,10 practice,others,148.24,2024-10-21
100001186,2025-06-17,20 Lesson Pack (Kim On You),lesson,lesson,20 lesson,Kim On You,1853.0,2024-10-21
100001187,2024-11-01,10 Practice Credits,practice,practice,10 practice,others,0.0,2024-11-01
100001188,2024-11-01,10 Lesson Pack  (Chun Leekyung),lesson,lesson,10 lesson,Chun Leekyung,0.0,2024-11-01
100001188,2024-11-01,25 Practice Credits,practice,practice,25 practice,others,0.0,2024-11-01
100001189,2024-11-01,25 Practice Credits,practice,practice,25 practice,others,0.0,2024-11-01
100001190,2024-11-01,10 Lesson Pack (Jasper  Park),lesson,lesson,10 lesson,Jasper Park,0.0,2024-11-01
100001190,2024-11-01,10 Practice Credits,practice,practice,10 practice,others,0.0,2024-11-01
100001191,2024-11-01,10 Practice Credits,practice,practice,10 practice,others,0.0,2024-11-01
100001191,2025-06-11,10 Practice Credits,practice,practice,10 practice,others,174.4,2024-11-01
100001192,2024-11-01,20 Lesson Pack (Johnson Poh),lesson,lesson,20 lesson,Johnson Poh,0.0,2024-11-01
100001192,2024-11-01,25 Practice Credits,practice,practice,25 practice,others,0.0,2024-11-01
100001193,2024-11-01,10 Practice Credits,practice,practice,10 practice,others,0.0,2024-11-01
100001193,2024-12-09,10 Practice Credits,practice,practice,10 practice,others,0.0,2024-11-01
100001193,2025-01-16,10 Practice Credits,practice,practice,10 practice,others,174.4,2024-11-01
100001193,2025-02-20,10 Practice Credits,practice,practice,10 practice,others,174.4,2024-11-01
100001193,2025-04-10,10 Practice Credits,practice,practice,10 practice,others,174.4,2024-11-01
100001193,2025-06-19,10 Practice Credits,practice,practice,10 practice,others,174.4,2024-11-01
100001194,2024-11-01,10 Practice Credits,practice,practice,10 practice,others,0.0,2024-11-01
100001194,2025-04-07,10 Practice Credits,practice,practice,10 practice,others,174.4,2024-11-01
100001195,2024-11-01,10 Practice Credits,practice,practice,10 practice,others,0.0,2024-11-01
100001196,2024-11-01,50 Practice Credits,practice,practice,50 practice,others,0.0,2024-11-01
100001197,2024-11-01,10 Lesson Pack (Joey Poh.),lesson,lesson,10 lesson,Joey Poh,0.0,2024-11-01
100001197,2024-11-01,25 Practice Credits,practice,practice,25 practice,others,0.0,2024-11-01
100001198,2024-11-01,100 Practice Credits,practice,practice,100 practice,others,0.0,2024-11-01
100001198,2024-11-01,20 Lesson Pack ( Aiko H),lesson,lesson,20 lesson,Aiko H,0.0,2024-11-01
100001199,2024-11-20,20 Lesson Pack ( Aiko H),lesson,lesson,20 lesson,Aiko H,0.0,2024-11-20
100001199,2024-11-20,25 Practice Credits,practice,practice,25 practice,others,0.0,2024-11-20
100001200,2024-11-01,10 Practice Credits,practice,practice,10 practice,others,0.0,2024-11-01
100001200,2025-08-18,30 Mins Practice Credit,practice,practice,30 mins practice,others,43.6,2024-11-01
100001201,2024-11-01,50 Practice Credits,practice,practice,50 practice,others,0.0,2024-11-01
100001202,2024-11-01,10 Practice Credits,practice,practice,10 practice,others,0.0,2024-11-01
100001202,2025-05-29,10 Practice Credits,practice,practice,10 practice,others,174.4,2024-11-01
100001203,2024-11-01,10 Lesson Pack (Jasper  Park),lesson,lesson,10 lesson,Jasper Park,0.0,2024-11-01
100001203,2024-11-01,50 Practice Credits,practice,practice,50 practice,others,0.0,2024-11-01
100001204,2024-11-01,25 Practice Credits,practice,practice,25 practice,others,0.0,2024-11-01
100001204,2024-12-11,10 Semi Private (1:2 Lesson) w/ Johnson Poh,lesson,lesson,10 group lesson,Johnson Poh,0.0,2024-11-01
100001205,2024-11-01,10 Practice Credits,practice,practice,10 practice,others,0.0,2024-11-01
100001206,2024-11-01,10 Practice Credits,practice,practice,10 practice,others,0.0,2024-11-01
100001206,2025-06-27,Trial Lesson W/ Joey Poh,trial,trial,Trial lesson,Joey Poh,119.9,2024-11-01
100001206,2025-06-29,30 Mins Practice Credit,practice,practice,30 mins practice,others,21.8,2024-11-01
100001206,2025-07-04,Trial Lesson W/ Paul F,trial,trial,Trial lesson,Paul Finch,119.9,2024-11-01
100001206,2025-07-11,10 Lesson Pack (Paul Finch),lesson,lesson,10 lesson,Paul Finch,981.0,2024-11-01
100001207,2024-11-01,25 Practice Credits,practice,practice,25 practice,others,0.0,2024-11-01
100001208,2024-11-01,25 Practice Credits,practice,practice,25 practice,others,0.0,2024-11-01
100001209,2024-11-01,10 Lesson Pack (Joey Poh.),lesson,lesson,10 lesson,Joey Poh,0.0,2024-11-01
100001210,2024-11-01,10 Practice Credits,practice,practice,10 practice,others,0.0,2024-11-01
100001210,2025-02-23,10 Lesson Pack (Joey Poh.),lesson,lesson,10 lesson,Joey Poh,981.0,2024-11-01
100001210,2025-02-23,10 Practice Credits,practice,practice,10 practice,others,156.96,2024-11-01
100001210,2025-04-29,25 Practice Credits,practice,practice,25 practice,others,367.87,2024-11-01
100001210,2025-04-29,5 Semi Private (1:2 Lesson) w/ Joey Poh,lesson,lesson,5 group lesson,Joey Poh,1373.4,2024-11-01
100001210,2025-06-11,10 Lesson Pack (Joey Poh.),lesson,lesson,10 lesson,Joey Poh,981.0,2024-11-01
100001211,2024-11-01,10 Lesson Pack (Jasper  Park),lesson,lesson,10 lesson,Jasper Park,0.0,2024-11-01
100001211,2024-11-01,25 Practice Credits,practice,practice,25 practice,others,0.0,2024-11-01
100001212,2024-11-01,10 Lesson Pack (Joey Poh.),lesson,lesson,10 lesson,Joey Poh,0.0,2024-11-01
100001212,2024-11-01,10 Practice Credits,practice,practice,10 practice,others,0.0,2024-11-01
100001213,2024-11-01,10 Practice Credits,practice,practice,10 practice,others,0.0,2024-11-01
100001213,2024-12-28,Trial Lesson W/ Paul F,trial,trial,Trial lesson,Paul Finch,0.0,2024-11-01
100001213,2025-01-03,10 Lesson Pack (Paul Finch),lesson,lesson,10 lesson,Paul Finch,981.0,2024-11-01
100001213,2025-08-19,Golfzon 9 Holes - 2 Pax,play,play,Golfzon,others,87.2,2024-11-01
100001214,2024-11-01,10 Practice Credits,practice,practice,10 practice,others,0.0,2024-11-01
100001214,2025-02-11,10 Practice Credits,practice,practice,10 practice,others,174.4,2024-11-01
100001214,2025-08-20,10 Practice Credits,practice,practice,10 practice,others,174.4,2024-11-01
100001215,2024-11-01,25 Practice Credits,practice,practice,25 practice,others,0.0,2024-11-01
100001216,2024-11-01,25 Practice Credits,practice,practice,25 practice,others,0.0,2024-11-01
100001217,2024-11-01,10 Practice Credits,practice,practice,10 practice,others,0.0,2024-11-01
100001217,2025-04-05,10 Practice Credits,practice,practice,10 practice,others,174.4,2024-11-01
100001218,2024-11-01,10 Lesson Pack (Paul Finch),lesson,lesson,10 lesson,Paul Finch,0.0,2024-11-01
100001218,2024-11-01,25 Practice Credits,practice,practice,25 practice,others,0.0,2024-11-01
100001218,2025-04-10,10 Practice Credits,practice,practice,10 practice,others,174.4,2024-11-01
100001219,2024-11-01,10 Practice Credits,practice,practice,10 practice,others,0.0,2024-11-01
100001219,2024-11-01,10 Semi Private (1:2 Lesson) w/ Johnson Poh,lesson,lesson,10 group lesson,Johnson Poh,0.0,2024-11-01
100001220,2024-11-01,25 Practice Credits,practice,practice,25 practice,others,0.0,2024-11-01
100001220,2025-03-16,25 Practice Credits,practice,practice,25 practice,others,408.75,2024-11-01
100001220,2025-07-22,25 Practice Credits,practice,practice,25 practice,others,408.75,2024-11-01
100001221,2024-11-01,10 Semi Private (1:2 Lesson) w/ Johnson Poh,lesson,lesson,10 group lesson,Johnson Poh,0.0,2024-11-01
100001221,2024-11-01,100 Practice Credits,practice,practice,100 practice,others,0.0,2024-11-01
100001222,2024-11-01,10 Lesson Pack  (Johnson Poh),lesson,lesson,10 lesson,Johnson Poh,0.0,2024-11-01
100001222,2024-11-01,25 Practice Credits,practice,practice,25 practice,others,0.0,2024-11-01
100001223,2024-11-01,10 Practice Credits,practice,practice,10 practice,others,0.0,2024-11-01
100001224,2024-11-01,50 Practice Credits,practice,practice,50 practice,others,0.0,2024-11-01
100001225,2024-11-01,25 Practice Credits,practice,practice,25 practice,others,0.0,2024-11-01
100001227,2024-12-04,10 Lesson Pack (Jasper  Park),lesson,lesson,10 lesson,Jasper Park,0.0,2024-12-04
100001227,2024-12-04,25 Practice Credits,practice,practice,25 practice,others,0.0,2024-12-04
100001228,2024-11-01,10 Practice Credits,practice,practice,10 practice,others,0.0,2024-11-01
100001228,2025-03-08,10 Practice Credits,practice,practice,10 practice,others,174.4,2024-11-01
100001228,2025-04-05,Trial Lesson w/ Jasper ,trial,trial,Trial lesson,Jasper Park,119.9,2024-11-01
100001229,2024-11-01,25 Practice Credits,practice,practice,25 practice,others,0.0,2024-11-01
100001230,2024-11-01,25 Practice Credits,practice,practice,25 practice,others,0.0,2024-11-01
100001231,2024-11-01,10 Practice Credits,practice,practice,10 practice,others,0.0,2024-11-01
100001231,2025-02-09,10 Practice Credits,practice,practice,10 practice,others,174.4,2024-11-01
100001231,2025-02-26,10 Practice Credits,practice,practice,10 practice,others,174.4,2024-11-01
100001231,2025-05-22,30 Mins Practice Credit,practice,practice,30 mins practice,others,21.8,2024-11-01
100001231,2025-08-12,10 Practice Credits,practice,practice,10 practice,others,174.4,2024-11-01
100001232,2024-11-01,10 Practice Credits,practice,practice,10 practice,others,0.0,2024-11-01
100001233,2024-11-01,10 Practice Credits,practice,practice,10 practice,others,0.0,2024-11-01
100001233,2025-03-16,10 Practice Credits,practice,practice,10 practice,others,119.9,2024-11-01
100001234,2024-11-15,10 Practice Credits,practice,practice,10 practice,others,0.0,2024-11-15
100001235,2024-11-01,20 Lesson Pack (Johnson Poh),lesson,lesson,20 lesson,Johnson Poh,0.0,2024-11-01
100001235,2024-12-09,10 Lesson Pack  (Johnson Poh),lesson,lesson,10 lesson,Johnson Poh,0.0,2024-11-01
100001235,2024-12-09,10 Practice Credits,practice,practice,10 practice,others,0.0,2024-11-01
100001236,2024-11-01,25 Practice Credits,practice,practice,25 practice,others,0.0,2024-11-01
100001236,2024-11-01,50 Lesson Pack  (Johnson Poh),lesson,lesson,50 lesson,Johnson Poh,0.0,2024-11-01
100001237,2024-11-01,20 Lesson Pack  (Joey Poh),lesson,lesson,20 lesson,Joey Poh,0.0,2024-11-01
100001237,2024-11-01,50 Practice Credits,practice,practice,50 practice,others,0.0,2024-11-01
100001238,2024-11-01,10 Semi Private (1:2 Lesson) w/ Joey Poh,lesson,lesson,10 group lesson,Joey Poh,0.0,2024-11-01
100001238,2025-03-21,5 Semi Private (1:2 Lesson) w/ Joey Poh,lesson,lesson,5 group lesson,Joey Poh,1373.4,2024-11-01
100001238,2025-07-04,5 Semi Private (1:2 Lesson) w/ Joey Poh,lesson,lesson,5 group lesson,Joey Poh,1373.4,2024-11-01
100001239,2024-11-01,10 Practice Credits,practice,practice,10 practice,others,0.0,2024-11-01
100001241,2024-11-01,25 Practice Credits,practice,practice,25 practice,others,0.0,2024-11-01
100001241,2024-11-01,50 Lesson Pack  (Johnson Poh),lesson,lesson,50 lesson,Johnson Poh,0.0,2024-11-01
100001241,2025-02-21,25 Practice Credits,practice,practice,25 practice,others,408.75,2024-11-01
100001242,2024-11-01,10 Lesson Pack (Paul Finch),lesson,lesson,10 lesson,Paul Finch,0.0,2024-11-01
100001242,2024-11-01,25 Practice Credits,practice,practice,25 practice,others,0.0,2024-11-01
100001243,2024-11-01,20 Lesson Pack  (Joey Poh),lesson,lesson,20 lesson,Joey Poh,0.0,2024-11-01
100001243,2024-11-01,50 Practice Credits,practice,practice,50 practice,others,0.0,2024-11-01
100001243,2025-03-09,20 Lesson Pack  (Joey Poh),lesson,lesson,20 lesson,Joey Poh,1853.0,2024-11-01
100001243,2025-07-05,20 Lesson Pack  (Joey Poh),lesson,lesson,20 lesson,Joey Poh,1853.0,2024-11-01
100001243,2025-07-05,25 Practice Credits,practice,practice,25 practice,others,347.44,2024-11-01
100001244,2024-11-01,25 Practice Credits,practice,practice,25 practice,others,0.0,2024-11-01
100001244,2025-02-16,25 Practice Credits,practice,practice,25 practice,others,408.75,2024-11-01
100001244,2025-05-31,10 Lesson Pack (Paul Finch),lesson,lesson,10 lesson,Paul Finch,981.0,2024-11-01
100001244,2025-05-31,25 Practice Credits,practice,practice,25 practice,others,367.87,2024-11-01
100001244,2025-05-31,Trial Lesson W/ Paul F,trial,trial,Trial lesson,Paul Finch,119.9,2024-11-01
100001246,2024-11-10,25 Practice Credits,practice,practice,25 practice,others,0.0,2024-11-10
100001247,2024-11-04,10 Lesson Pack ( Aiko H),lesson,lesson,10 lesson,Aiko H,0.0,2024-11-04
100001247,2024-11-04,25 Practice Credits,practice,practice,25 practice,others,0.0,2024-11-04
100001247,2025-07-03,Golfzon 9 Holes - 2 Pax,play,play,Golfzon,others,87.2,2024-11-04
100001248,2024-11-04,25 Practice Credits,practice,practice,25 practice,others,0.0,2024-11-04
100001249,2024-11-04,25 Practice Credits,practice,practice,25 practice,others,0.0,2024-11-04
100001249,2025-05-14,10 Practice Credits,practice,practice,10 practice,others,174.4,2024-11-04
100001250,2024-11-04,10 Practice Credits,practice,practice,10 practice,others,0.0,2024-11-04
100001250,2025-03-16,30 Mins Practice Credit,practice,practice,30 mins practice,others,21.8,2024-11-04
100001251,2024-11-04,10 Practice Credits,practice,practice,10 practice,others,0.0,2024-11-04
100001251,2025-07-25,Golfzon 18 Holes - 4 Pax,play,play,Golfzon,others,130.8,2024-11-04
100001251,2025-08-04,Golfzon 18 Holes - 2 Pax,play,play,Golfzon,others,65.4,2024-11-04
100001252,2024-11-04,10 Practice Credits,practice,practice,10 practice,others,0.0,2024-11-04
100001253,2024-11-04,100 Practice Credits,practice,practice,100 practice,others,0.0,2024-11-04
100001254,2024-11-04,10 Practice Credits,practice,practice,10 practice,others,0.0,2024-11-04
100001254,2025-01-26,10 Practice Credits,practice,practice,10 practice,others,174.4,2024-11-04
100001254,2025-08-22,10 Practice Credits,practice,practice,10 practice,others,174.4,2024-11-04
100001255,2024-11-04,10 Lesson Pack (Paul Finch),lesson,lesson,10 lesson,Paul Finch,0.0,2024-11-04
100001255,2024-11-04,10 Practice Credits,practice,practice,10 practice,others,0.0,2024-11-04
100001256,2024-11-04,10 Lesson Pack (Jasper  Park),lesson,lesson,10 lesson,Jasper Park,0.0,2024-11-04
100001256,2024-11-04,10 Practice Credits,practice,practice,10 practice,others,0.0,2024-11-04
100001256,2025-07-16,10 Lesson Pack (Jasper  Park),lesson,lesson,10 lesson,Jasper Park,981.0,2024-11-04
100001257,2024-11-04,10 Lesson Pack (Paul Finch),lesson,lesson,10 lesson,Paul Finch,0.0,2024-11-04
100001257,2024-11-04,50 Practice Credits,practice,practice,50 practice,others,0.0,2024-11-04
100001257,2025-01-14,10 Lesson Pack (Paul Finch),lesson,lesson,10 lesson,Paul Finch,981.0,2024-11-04
100001257,2025-03-12,Golfzon 18 Holes - 2 Pax,play,play,Golfzon,others,130.8,2024-11-04
100001257,2025-05-13,Golfzon 18 Holes - 3 Pax,play,play,Golfzon,others,196.2,2024-11-04
100001258,2024-11-04,10 Practice Credits,practice,practice,10 practice,others,0.0,2024-11-04
100001259,2024-11-04,10 Lesson Pack (Paul Finch),lesson,lesson,10 lesson,Paul Finch,0.0,2024-11-04
100001259,2024-11-04,25 Practice Credits,practice,practice,25 practice,others,0.0,2024-11-04
100001260,2024-11-04,25 Practice Credits,practice,practice,25 practice,others,0.0,2024-11-04
100001262,2024-11-04,10 Practice Credits,practice,practice,10 practice,others,0.0,2024-11-04
100001262,2025-04-04,10 Practice Credits,practice,practice,10 practice,others,174.4,2024-11-04
100001263,2024-11-05,10 Practice Credits,practice,practice,10 practice,others,0.0,2024-11-05
100001264,2024-11-05,10 Practice Credits,practice,practice,10 practice,others,0.0,2024-11-05
100001264,2025-05-16,10 Practice Credits,practice,practice,10 practice,others,174.4,2024-11-05
100001265,2024-11-05,20 Lesson Pack (Jasper Park),lesson,lesson,20 lesson,Jasper Park,0.0,2024-11-05
100001265,2024-11-05,25 Practice Credits,practice,practice,25 practice,others,0.0,2024-11-05
100001265,2025-02-03,25 Practice Credits,practice,practice,25 practice,others,408.75,2024-11-05
100001266,2024-11-05,10 Lesson Pack (Joey Poh.),lesson,lesson,10 lesson,Joey Poh,0.0,2024-11-05
100001266,2024-11-05,25 Practice Credits,practice,practice,25 practice,others,0.0,2024-11-05
100001267,2024-11-05,10 Practice Credits,practice,practice,10 practice,others,0.0,2024-11-05
100001268,2024-11-05,10 Lesson Pack  (Johnson Poh),lesson,lesson,10 lesson,Johnson Poh,0.0,2024-11-05
100001268,2024-11-05,50 Practice Credits,practice,practice,50 practice,others,0.0,2024-11-05
100001268,2025-02-18,10 Lesson Pack  (Johnson Poh),lesson,lesson,10 lesson,Johnson Poh,981.0,2024-11-05
100001268,2025-02-18,10 Practice Credits,practice,practice,10 practice,others,156.96,2024-11-05
100001268,2025-04-26,10 Practice Credits,practice,practice,10 practice,others,174.4,2024-11-05
100001269,2024-11-05,10 Practice Credits,practice,practice,10 practice,others,0.0,2024-11-05
100001270,2024-11-05,10 Practice Credits,practice,practice,10 practice,others,0.0,2024-11-05
100001270,2024-11-05,20 Lesson Pack (Jiali Khee.),lesson,lesson,20 lesson,Jiali Khee,0.0,2024-11-05
100001271,2024-11-05,10 Lesson Pack (Kim On You),lesson,lesson,10 lesson,Kim On You,0.0,2024-11-05
100001271,2024-11-05,50 Practice Credits,practice,practice,50 practice,others,0.0,2024-11-05
100001271,2025-04-17,10 Lesson Pack (Kim On You),lesson,lesson,10 lesson,Kim On You,981.0,2024-11-05
100001271,2025-04-17,25 Practice Credits,practice,practice,25 practice,others,367.87,2024-11-05
100001272,2024-11-05,10 Practice Credits,practice,practice,10 practice,others,0.0,2024-11-05
100001272,2025-01-12,25 Practice Credits,practice,practice,25 practice,others,408.75,2024-11-05
100001273,2024-11-05,50 Practice Credits,practice,practice,50 practice,others,0.0,2024-11-05
100001273,2025-06-09,50 Practice Credits,practice,practice,50 practice,others,763.0,2024-11-05
100001274,2024-11-05,25 Practice Credits,practice,practice,25 practice,others,0.0,2024-11-05
100001274,2025-03-10,25 Practice Credits,practice,practice,25 practice,others,408.75,2024-11-05
100001275,2024-11-05,50 Practice Credits,practice,practice,50 practice,others,0.0,2024-11-05
100001276,2024-11-05,10 Lesson Pack ( Aiko H),lesson,lesson,10 lesson,Aiko H,0.0,2024-11-05
100001276,2024-11-05,25 Practice Credits,practice,practice,25 practice,others,0.0,2024-11-05
100001276,2025-01-16,10 Lesson Pack ( Aiko H),lesson,lesson,10 lesson,Aiko H,981.0,2024-11-05
100001276,2025-01-16,25 Practice Credits,practice,practice,25 practice,others,367.87,2024-11-05
100001276,2025-07-29,50 Practice Credits,practice,practice,50 practice,others,763.0,2024-11-05
100001277,2024-11-05,25 Practice Credits,practice,practice,25 practice,others,0.0,2024-11-05
100001277,2025-02-10,10 Practice Credits,practice,practice,10 practice,others,174.4,2024-11-05
100001277,2025-03-25,25 Practice Credits,practice,practice,25 practice,others,408.75,2024-11-05
100001277,2025-06-23,25 Practice Credits,practice,practice,25 practice,others,408.75,2024-11-05
100001278,2024-11-05,10 Lesson Pack  (Chun Leekyung),lesson,lesson,10 lesson,Chun Leekyung,0.0,2024-11-05
100001278,2024-11-05,10 Practice Credits,practice,practice,10 practice,others,0.0,2024-11-05
100001279,2024-11-05,10 Practice Credits,practice,practice,10 practice,others,0.0,2024-11-05
100001280,2024-11-05,10 Practice Credits,practice,practice,10 practice,others,0.0,2024-11-05
100001280,2025-02-11,10 Practice Credits,practice,practice,10 practice,others,174.4,2024-11-05
100001281,2024-11-05,25 Practice Credits,practice,practice,25 practice,others,0.0,2024-11-05
100001281,2025-01-23,25 Practice Credits,practice,practice,25 practice,others,408.75,2024-11-05
100001281,2025-02-15,25 Practice Credits,practice,practice,25 practice,others,408.75,2024-11-05
100001281,2025-04-22,25 Practice Credits,practice,practice,25 practice,others,408.75,2024-11-05
100001281,2025-06-10,25 Practice Credits,practice,practice,25 practice,others,408.75,2024-11-05
100001282,2024-10-25,10 Practice Credits,practice,practice,10 practice,others,0.0,2024-10-25
100001282,2024-11-05,20 Lesson Pack  (Joey Poh),lesson,lesson,20 lesson,Joey Poh,0.0,2024-10-25
100001282,2024-11-05,25 Practice Credits,practice,practice,25 practice,others,0.0,2024-10-25
100001282,2025-02-20,10 Practice Credits,practice,practice,10 practice,others,148.24,2024-10-25
100001282,2025-02-20,20 Lesson Pack  (Joey Poh),lesson,lesson,20 lesson,Joey Poh,1853.0,2024-10-25
100001283,2024-11-05,20 Lesson Pack ( Aiko H),lesson,lesson,20 lesson,Aiko H,0.0,2024-11-05
100001283,2024-11-05,25 Practice Credits,practice,practice,25 practice,others,0.0,2024-11-05
100001284,2024-11-05,10 Lesson Pack (Kim On You),lesson,lesson,10 lesson,Kim On You,0.0,2024-11-05
100001285,2024-11-05,10 Lesson Pack ( Aiko H),lesson,lesson,10 lesson,Aiko H,0.0,2024-11-05
100001285,2024-11-05,10 Practice Credits,practice,practice,10 practice,others,0.0,2024-11-05
100001286,2024-11-05,10 Practice Credits,practice,practice,10 practice,others,0.0,2024-11-05
100001287,2024-11-05,25 Practice Credits,practice,practice,25 practice,others,0.0,2024-11-05
100001288,2024-11-05,10 Lesson Pack (Joey Poh.),lesson,lesson,10 lesson,Joey Poh,0.0,2024-11-05
100001288,2024-11-05,10 Practice Credits,practice,practice,10 practice,others,0.0,2024-11-05
100001288,2025-01-12,10 Practice Credits,practice,practice,10 practice,others,174.4,2024-11-05
100001288,2025-01-30,Golfzon 9 Holes - 2 Pax,play,play,Golfzon,others,87.2,2024-11-05
100001288,2025-03-04,10 Practice Credits,practice,practice,10 practice,others,174.4,2024-11-05
100001288,2025-04-20,30 Mins Practice Credit,practice,practice,30 mins practice,others,21.8,2024-11-05
100001288,2025-04-21,60 Mins Practise,practice,practice,60 mins practice,others,43.6,2024-11-05
100001289,2024-11-05,20 Lesson Pack ( Aiko H),lesson,lesson,20 lesson,Aiko H,0.0,2024-11-05
100001289,2024-11-05,25 Practice Credits,practice,practice,25 practice,others,0.0,2024-11-05
100001289,2025-06-15,30 Mins Practice Credit,practice,practice,30 mins practice,others,21.8,2024-11-05
100001289,2025-06-15,60 Mins Practise,practice,practice,60 mins practice,others,43.6,2024-11-05
100001290,2024-11-05,20 Lesson Pack (Chun Leekyung),lesson,lesson,20 lesson,Chun Leekyung,0.0,2024-11-05
100001290,2024-11-05,25 Practice Credits,practice,practice,25 practice,others,0.0,2024-11-05
100001290,2025-01-25,20 Lesson Pack (Chun Leekyung),lesson,lesson,20 lesson,Chun Leekyung,0.0,2024-11-05
100001290,2025-01-25,20 Lesson Pack (Kim On You),lesson,lesson,20 lesson,Kim On You,0.0,2024-11-05
100001290,2025-07-31,20 Lesson Pack (Jasper Park),lesson,lesson,20 lesson,Jasper Park,0.0,2024-11-05
100001290,2025-07-31,20 Lesson Pack (Kim On You),lesson,lesson,20 lesson,Kim On You,0.0,2024-11-05
100001291,2024-11-05,50 Practice Credits,practice,practice,50 practice,others,0.0,2024-11-05
100001292,2024-11-05,10 Practice Credits,practice,practice,10 practice,others,0.0,2024-11-05
100001292,2025-08-22,60 Mins Practise,practice,practice,60 mins practice,others,43.6,2024-11-05
100001293,2024-11-05,10 Lesson Pack (Paul Finch),lesson,lesson,10 lesson,Paul Finch,0.0,2024-11-05
100001293,2024-11-05,10 Practice Credits,practice,practice,10 practice,others,0.0,2024-11-05
100001294,2024-11-05,50 Practice Credits,practice,practice,50 practice,others,0.0,2024-11-05
100001295,2024-11-05,10 Practice Credits,practice,practice,10 practice,others,0.0,2024-11-05
100001296,2024-11-05,10 Lesson Pack  (Johnson Poh),lesson,lesson,10 lesson,Johnson Poh,0.0,2024-11-05
100001296,2024-11-05,10 Practice Credits,practice,practice,10 practice,others,0.0,2024-11-05
100001296,2025-02-23,10 Practice Credits,practice,practice,10 practice,others,174.4,2024-11-05
100001297,2024-11-05,20 Lesson Pack (Jiali Khee.),lesson,lesson,20 lesson,Jiali Khee,0.0,2024-11-05
100001297,2024-11-05,25 Practice Credits,practice,practice,25 practice,others,0.0,2024-11-05
100001297,2024-12-09,100 Practice Credits,practice,practice,100 practice,others,0.0,2024-11-05
100001297,2024-12-09,50 Lesson Pack  (Jiali Khee),lesson,lesson,50 lesson,Jiali Khee,0.0,2024-11-05
100001298,2024-11-05,10 Practice Credits,practice,practice,10 practice,others,0.0,2024-11-05
100001299,2024-11-05,25 Practice Credits,practice,practice,25 practice,others,0.0,2024-11-05
100001300,2024-11-05,10 Practice Credits,practice,practice,10 practice,others,0.0,2024-11-05
100001302,2024-11-05,10 Practice Credits,practice,practice,10 practice,others,0.0,2024-11-05
100001303,2024-11-05,25 Practice Credits,practice,practice,25 practice,others,0.0,2024-11-05
100001304,2024-11-05,10 Practice Credits,practice,practice,10 practice,others,0.0,2024-11-05
100001304,2025-05-28,10 Practice Credits,practice,practice,10 practice,others,174.4,2024-11-05
100001305,2024-11-05,10 Lesson Pack ( Aiko H),lesson,lesson,10 lesson,Aiko H,0.0,2024-11-05
100001305,2024-11-05,25 Practice Credits,practice,practice,25 practice,others,0.0,2024-11-05
100001307,2024-11-05,10 Practice Credits,practice,practice,10 practice,others,0.0,2024-11-05
100001308,2024-11-05,10 Practice Credits,practice,practice,10 practice,others,0.0,2024-11-05
100001309,2024-11-05,25 Practice Credits,practice,practice,25 practice,others,0.0,2024-11-05
100001310,2024-11-05,10 Practice Credits,practice,practice,10 practice,others,0.0,2024-11-05
100001311,2024-11-05,10 Lesson Pack  (Johnson Poh),lesson,lesson,10 lesson,Johnson Poh,0.0,2024-11-05
100001311,2024-11-05,25 Practice Credits,practice,practice,25 practice,others,0.0,2024-11-05
100001312,2024-11-05,10 Lesson Pack ( Aiko H),lesson,lesson,10 lesson,Aiko H,0.0,2024-11-05
100001312,2024-11-05,10 Practice Credits,practice,practice,10 practice,others,0.0,2024-11-05
100001313,2024-11-05,10 Practice Credits,practice,practice,10 practice,others,0.0,2024-11-05
100001313,2024-12-09,10 Practice Credits,practice,practice,10 practice,others,0.0,2024-11-05
100001313,2025-03-18,10 Lesson Pack  (Johnson Poh),lesson,lesson,10 lesson,Johnson Poh,981.0,2024-11-05
100001313,2025-04-15,30 Mins Practice Credit,practice,practice,30 mins practice,others,21.8,2024-11-05
100001313,2025-06-10,10 Lesson Pack  (Johnson Poh),lesson,lesson,10 lesson,Johnson Poh,981.0,2024-11-05
100001313,2025-06-10,10 Practice Credits,practice,practice,10 practice,others,156.96,2024-11-05
100001314,2024-11-05,20 Lesson Pack (Jasper Park),lesson,lesson,20 lesson,Jasper Park,0.0,2024-11-05
100001314,2024-11-05,50 Practice Credits,practice,practice,50 practice,others,0.0,2024-11-05
100001315,2024-11-05,100 Practice Credits,practice,practice,100 practice,others,0.0,2024-11-05
100001315,2024-11-05,20 Lesson Pack  (Joey Poh),lesson,lesson,20 lesson,Joey Poh,0.0,2024-11-05
100001316,2024-11-05,10 Practice Credits,practice,practice,10 practice,others,0.0,2024-11-05
100001317,2024-11-05,100 Practice Credits,practice,practice,100 practice,others,0.0,2024-11-05
100001318,2024-11-05,10 Practice Credits,practice,practice,10 practice,others,0.0,2024-11-05
100001319,2024-11-05,10 Practice Credits,practice,practice,10 practice,others,0.0,2024-11-05
100001319,2024-12-27,20 Lesson Pack (Kim On You),lesson,lesson,20 lesson,Kim On You,0.0,2024-11-05
100001320,2024-11-05,20 Lesson Pack  (Joey Poh),lesson,lesson,20 lesson,Joey Poh,0.0,2024-11-05
100001320,2024-11-05,25 Practice Credits,practice,practice,25 practice,others,0.0,2024-11-05
100001321,2024-11-05,20 Lesson Pack  (Joey Poh),lesson,lesson,20 lesson,Joey Poh,0.0,2024-11-05
100001321,2024-11-05,25 Practice Credits,practice,practice,25 practice,others,0.0,2024-11-05
100001323,2024-11-05,10 Practice Credits,practice,practice,10 practice,others,0.0,2024-11-05
100001323,2025-03-08,10 Practice Credits,practice,practice,10 practice,others,174.4,2024-11-05
100001324,2024-11-05,25 Practice Credits,practice,practice,25 practice,others,0.0,2024-11-05
100001326,2024-11-05,10 Lesson Pack (Paul Finch),lesson,lesson,10 lesson,Paul Finch,0.0,2024-11-05
100001326,2025-03-27,20 Lesson Pack (Paul Finch),lesson,lesson,20 lesson,Paul Finch,1853.0,2024-11-05
100001327,2024-11-05,25 Practice Credits,practice,practice,25 practice,others,0.0,2024-11-05
100001328,2024-11-05,20 Lesson Pack (Jiali Khee.),lesson,lesson,20 lesson,Jiali Khee,0.0,2024-11-05
100001328,2024-11-05,25 Practice Credits,practice,practice,25 practice,others,0.0,2024-11-05
100001328,2025-02-03,20 Lesson Pack (Jiali Khee.),lesson,lesson,20 lesson,Jiali Khee,1667.7,2024-11-05
100001328,2025-05-21,20 Lesson Pack (Jiali Khee.),lesson,lesson,20 lesson,Jiali Khee,1667.7,2024-11-05
100001328,2025-05-21,25 Practice Credits,practice,practice,25 practice,others,347.44,2024-11-05
100001329,2024-11-05,10 Practice Credits,practice,practice,10 practice,others,0.0,2024-11-05
100001330,2024-11-05,10 Practice Credits,practice,practice,10 practice,others,0.0,2024-11-05
100001330,2025-01-15,10 Lesson Pack (Joey Poh.),lesson,lesson,10 lesson,Joey Poh,0.0,2024-11-05
100001331,2024-11-05,50 Practice Credits,practice,practice,50 practice,others,0.0,2024-11-05
100001332,2024-11-05,25 Practice Credits,practice,practice,25 practice,others,0.0,2024-11-05
100001333,2024-11-05,25 Practice Credits,practice,practice,25 practice,others,0.0,2024-11-05
100001333,2025-07-11,25 Practice Credits,practice,practice,25 practice,others,408.75,2024-11-05
100001334,2024-11-05,10 Practice Credits,practice,practice,10 practice,others,0.0,2024-11-05
100001334,2025-04-18,10 Practice Credits,practice,practice,10 practice,others,174.4,2024-11-05
100001335,2024-11-20,10 Practice Credits,practice,practice,10 practice,others,0.0,2024-11-20
100001335,2025-01-12,10 Practice Credits,practice,practice,10 practice,others,174.4,2024-11-20
100001335,2025-04-04,10 Practice Credits,practice,practice,10 practice,others,174.4,2024-11-20
100001336,2024-11-05,10 Practice Credits,practice,practice,10 practice,others,0.0,2024-11-05
100001337,2024-11-05,25 Practice Credits,practice,practice,25 practice,others,0.0,2024-11-05
100001337,2025-08-21,10 Practice Credits,practice,practice,10 practice,others,174.4,2024-11-05
100001338,2024-11-05,10 Practice Credits,practice,practice,10 practice,others,0.0,2024-11-05
100001338,2025-02-15,10 Practice Credits,practice,practice,10 practice,others,174.4,2024-11-05
100001339,2024-11-05,10 Practice Credits,practice,practice,10 practice,others,0.0,2024-11-05
100001340,2024-11-05,25 Practice Credits,practice,practice,25 practice,others,0.0,2024-11-05
100001340,2024-12-20,25 Practice Credits,practice,practice,25 practice,others,0.0,2024-11-05
100001341,2024-11-05,10 Practice Credits,practice,practice,10 practice,others,0.0,2024-11-05
100001341,2025-03-31,10 Practice Credits,practice,practice,10 practice,others,174.4,2024-11-05
100001342,2024-11-05,10 Practice Credits,practice,practice,10 practice,others,0.0,2024-11-05
100001343,2024-11-05,10 Practice Credits,practice,practice,10 practice,others,0.0,2024-11-05
100001344,2024-11-05,10 Practice Credits,practice,practice,10 practice,others,0.0,2024-11-05
100001345,2024-11-05,10 Lesson Pack (Paul Finch),lesson,lesson,10 lesson,Paul Finch,0.0,2024-11-05
100001345,2024-11-05,25 Practice Credits,practice,practice,25 practice,others,0.0,2024-11-05
100001346,2024-11-05,25 Practice Credits,practice,practice,25 practice,others,0.0,2024-11-05
100001346,2024-11-05,50 Lesson Pack  (Johnson Poh),lesson,lesson,50 lesson,Johnson Poh,0.0,2024-11-05
100001347,2024-11-05,10 Lesson Pack (Jasper  Park),lesson,lesson,10 lesson,Jasper Park,0.0,2024-11-05
100001347,2024-11-05,50 Practice Credits,practice,practice,50 practice,others,0.0,2024-11-05
100001348,2024-11-05,10 Semi Private (1:2 Lesson) w/ Johnson Poh,lesson,lesson,10 group lesson,Johnson Poh,0.0,2024-11-05
100001348,2024-11-05,50 Practice Credits,practice,practice,50 practice,others,0.0,2024-11-05
100001348,2025-03-22,Golfzon 9 Holes - 2 Pax,play,play,Golfzon,others,87.2,2024-11-05
100001349,2024-11-05,10 Practice Credits,practice,practice,10 practice,others,0.0,2024-11-05
100001350,2024-11-05,20 Lesson Pack (Paul Finch),lesson,lesson,20 lesson,Paul Finch,0.0,2024-11-05
100001350,2024-11-05,50 Practice Credits,practice,practice,50 practice,others,0.0,2024-11-05
100001351,2024-11-05,10 Practice Credits,practice,practice,10 practice,others,0.0,2024-11-05
100001352,2024-11-05,10 Lesson Pack (Jiali Khee.),lesson,lesson,10 lesson,Jiali Khee,0.0,2024-11-05
100001352,2024-11-05,25 Practice Credits,practice,practice,25 practice,others,0.0,2024-11-05
100001352,2025-02-21,10 Lesson Pack (Jiali Khee.),lesson,lesson,10 lesson,Jiali Khee,981.0,2024-11-05
100001352,2025-02-21,10 Practice Credits,practice,practice,10 practice,others,156.96,2024-11-05
100001353,2024-11-05,10 Practice Credits,practice,practice,10 practice,others,0.0,2024-11-05
100001353,2025-03-22,10 Practice Credits,practice,practice,10 practice,others,174.4,2024-11-05
100001354,2024-11-05,20 Lesson Pack  (Joey Poh),lesson,lesson,20 lesson,Joey Poh,0.0,2024-11-05
100001355,2024-11-05,10 Lesson Pack (Paul Finch),lesson,lesson,10 lesson,Paul Finch,0.0,2024-11-05
100001355,2024-11-05,25 Practice Credits,practice,practice,25 practice,others,0.0,2024-11-05
100001356,2024-11-05,10 Practice Credits,practice,practice,10 practice,others,0.0,2024-11-05
100001357,2024-11-05,10 Practice Credits,practice,practice,10 practice,others,0.0,2024-11-05
100001358,2024-11-05,25 Practice Credits,practice,practice,25 practice,others,0.0,2024-11-05
100001358,2025-02-15,10 Practice Credits,practice,practice,10 practice,others,174.4,2024-11-05
100001360,2024-11-05,20 Lesson Pack  (Joey Poh),lesson,lesson,20 lesson,Joey Poh,0.0,2024-11-05
100001360,2024-11-05,50 Practice Credits,practice,practice,50 practice,others,0.0,2024-11-05
100001360,2024-12-09,10 Lesson Pack (Joey Poh.),lesson,lesson,10 lesson,Joey Poh,0.0,2024-11-05
100001360,2024-12-09,10 Practice Credits,practice,practice,10 practice,others,0.0,2024-11-05
100001360,2025-01-12,20 Lesson Pack  (Joey Poh),lesson,lesson,20 lesson,Joey Poh,1853.0,2024-11-05
100001360,2025-01-12,50 Practice Credits,practice,practice,50 practice,others,648.55,2024-11-05
100001360,2025-02-23,Golfzon 18 Holes - 2 Pax,play,play,Golfzon,others,130.8,2024-11-05
100001360,2025-03-15,Golfzon 18 Holes - 4 Pax,play,play,Golfzon,others,261.6,2024-11-05
100001360,2025-04-26,Golfzon 18 Holes - 3 Pax,play,play,Golfzon,others,196.2,2024-11-05
100001360,2025-05-25,Golfzon 18 Holes - 2 Pax,play,play,Golfzon,others,130.8,2024-11-05
100001360,2025-06-01,50 Practice Credits,practice,practice,50 practice,others,763.0,2024-11-05
100001360,2025-06-22,Golfzon 18 Holes - 2 Pax,play,play,Golfzon,others,130.8,2024-11-05
100001361,2024-11-05,5 Semi Private (1:2 Lesson) w/ Joey Poh,lesson,lesson,5 group lesson,Joey Poh,0.0,2024-11-05
100001363,2024-11-05,10 Practice Credits,practice,practice,10 practice,others,0.0,2024-11-05
100001363,2025-03-24,10 Practice Credits,practice,practice,10 practice,others,174.4,2024-11-05
100001364,2024-11-05,10 Practice Credits,practice,practice,10 practice,others,0.0,2024-11-05
100001365,2024-11-05,10 Lesson Pack  (Johnson Poh),lesson,lesson,10 lesson,Johnson Poh,0.0,2024-11-05
100001365,2024-11-05,10 Practice Credits,practice,practice,10 practice,others,0.0,2024-11-05
100001365,2025-01-03,10 Lesson Pack  (Johnson Poh),lesson,lesson,10 lesson,Johnson Poh,981.0,2024-11-05
100001365,2025-01-03,10 Practice Credits,practice,practice,10 practice,others,156.96,2024-11-05
100001365,2025-04-04,10 Lesson Pack  (Johnson Poh),lesson,lesson,10 lesson,Johnson Poh,981.0,2024-11-05
100001365,2025-04-04,25 Practice Credits,practice,practice,25 practice,others,367.87,2024-11-05
100001365,2025-05-08,Golfzon 9 Holes - 3 Pax,play,play,Golfzon,others,130.8,2024-11-05
100001365,2025-06-22,10 Lesson Pack  (Johnson Poh),lesson,lesson,10 lesson,Johnson Poh,981.0,2024-11-05
100001365,2025-06-22,25 Practice Credits,practice,practice,25 practice,others,367.88,2024-11-05
100001365,2025-07-06,Golfzon 9 Holes - 2 Pax,play,play,Golfzon,others,87.2,2024-11-05
100001365,2025-07-16,Golfzon 9 Holes - 2 Pax,play,play,Golfzon,others,43.6,2024-11-05
100001369,2024-11-06,10 Practice Credits,practice,practice,10 practice,others,0.0,2024-11-06
100001369,2025-07-06,Trial Lesson W/ Jiali Khee,trial,trial,Trial lesson,Jiali Khee,119.9,2024-11-06
100001370,2024-11-06,50 Practice Credits,practice,practice,50 practice,others,0.0,2024-11-06
100001371,2024-11-06,10 Practice Credits,practice,practice,10 practice,others,0.0,2024-11-06
100001372,2024-11-06,20 Lesson Pack (Jiali Khee.),lesson,lesson,20 lesson,Jiali Khee,0.0,2024-11-06
100001372,2024-11-06,25 Practice Credits,practice,practice,25 practice,others,0.0,2024-11-06
100001372,2025-03-10,50 Lesson Pack  (Jiali Khee),lesson,lesson,50 lesson,Jiali Khee,4360.0,2024-11-06
100001373,2024-11-06,20 Lesson Pack (Jiali Khee.),lesson,lesson,20 lesson,Jiali Khee,0.0,2024-11-06
100001373,2024-11-06,50 Practice Credits,practice,practice,50 practice,others,0.0,2024-11-06
100001374,2024-11-06,50 Lesson Pack  (Joey Poh),lesson,lesson,50 lesson,Joey Poh,0.0,2024-11-06
100001375,2024-11-06,20 Lesson Pack  (Joey Poh),lesson,lesson,20 lesson,Joey Poh,0.0,2024-11-06
100001376,2024-11-06,10 Practice Credits,practice,practice,10 practice,others,0.0,2024-11-06
100001377,2024-11-06,10 Practice Credits,practice,practice,10 practice,others,0.0,2024-11-06
100001378,2024-11-06,10 Practice Credits,practice,practice,10 practice,others,0.0,2024-11-06
100001378,2025-04-19,10 Practice Credits,practice,practice,10 practice,others,174.4,2024-11-06
100001379,2024-12-20,10 Practice Credits,practice,practice,10 practice,others,0.0,2024-12-20
100001379,2025-01-07,20 Lesson Pack  (Joey Poh),lesson,lesson,20 lesson,Joey Poh,0.0,2024-12-20
100001379,2025-07-09,10 Practice Credits,practice,practice,10 practice,others,174.4,2024-12-20
100001380,2024-11-06,10 Lesson Pack (Jiali Khee.),lesson,lesson,10 lesson,Jiali Khee,0.0,2024-11-06
100001381,2024-11-06,10 Practice Credits,practice,practice,10 practice,others,0.0,2024-11-06
100001381,2024-12-09,10 Practice Credits,practice,practice,10 practice,others,0.0,2024-11-06
100001382,2024-11-06,10 Lesson Pack ( Aiko H),lesson,lesson,10 lesson,Aiko H,0.0,2024-11-06
100001383,2024-11-06,10 Lesson Pack  (Johnson Poh),lesson,lesson,10 lesson,Johnson Poh,0.0,2024-11-06
100001383,2024-11-06,10 Practice Credits,practice,practice,10 practice,others,0.0,2024-11-06
100001384,2024-11-06,10 Lesson Pack  (Johnson Poh),lesson,lesson,10 lesson,Johnson Poh,0.0,2024-11-06
100001385,2024-11-06,10 Practice Credits,practice,practice,10 practice,others,0.0,2024-11-06
100001385,2025-04-24,10 Practice Credits,practice,practice,10 practice,others,174.4,2024-11-06
100001386,2024-11-06,10 Practice Credits,practice,practice,10 practice,others,0.0,2024-11-06
100001387,2024-11-06,20 Lesson Pack (Kim On You),lesson,lesson,20 lesson,Kim On You,0.0,2024-11-06
100001387,2024-11-06,25 Practice Credits,practice,practice,25 practice,others,0.0,2024-11-06
100001387,2025-02-15,20 Lesson Pack (Kim On You),lesson,lesson,20 lesson,Kim On You,1853.0,2024-11-06
100001388,2024-11-06,10 Practice Credits,practice,practice,10 practice,others,0.0,2024-11-06
100001389,2024-11-06,10 Practice Credits,practice,practice,10 practice,others,0.0,2024-11-06
100001389,2025-01-23,25 Practice Credits,practice,practice,25 practice,others,408.75,2024-11-06
100001390,2024-11-06,10 Lesson Pack (Jasper  Park),lesson,lesson,10 lesson,Jasper Park,0.0,2024-11-06
100001390,2024-11-06,10 Practice Credits,practice,practice,10 practice,others,0.0,2024-11-06
100001390,2025-01-26,10 Practice Credits,practice,practice,10 practice,others,174.4,2024-11-06
100001390,2025-02-17,25 Practice Credits,practice,practice,25 practice,others,408.75,2024-11-06
100001390,2025-03-08,50 Practice Credits,practice,practice,50 practice,others,763.0,2024-11-06
100001391,2024-11-06,100 Practice Credits,practice,practice,100 practice,others,0.0,2024-11-06
100001391,2024-11-06,50 Lesson Pack  (Joey Poh),lesson,lesson,50 lesson,Joey Poh,0.0,2024-11-06
100001391,2025-05-12,50 Lesson Pack  (Joey Poh),lesson,lesson,50 lesson,Joey Poh,4360.0,2024-11-06
100001391,2025-05-12,50 Practice Credits,practice,practice,50 practice,others,610.4,2024-11-06
100001392,2024-11-06,10 Lesson Pack  (Johnson Poh),lesson,lesson,10 lesson,Johnson Poh,0.0,2024-11-06
100001392,2024-11-06,25 Practice Credits,practice,practice,25 practice,others,0.0,2024-11-06
100001393,2024-11-06,10 Lesson Pack  (Johnson Poh),lesson,lesson,10 lesson,Johnson Poh,0.0,2024-11-06
100001393,2024-11-06,10 Practice Credits,practice,practice,10 practice,others,0.0,2024-11-06
100001393,2025-06-21,10 Lesson Pack  (Johnson Poh),lesson,lesson,10 lesson,Johnson Poh,981.0,2024-11-06
100001393,2025-06-22,10 Practice Credits,practice,practice,10 practice,others,156.96,2024-11-06
100001394,2024-11-06,10 Practice Credits,practice,practice,10 practice,others,0.0,2024-11-06
100001395,2024-11-06,10 Lesson Pack  (Johnson Poh),lesson,lesson,10 lesson,Johnson Poh,0.0,2024-11-06
100001395,2024-11-06,25 Practice Credits,practice,practice,25 practice,others,0.0,2024-11-06
100001396,2024-11-06,50 Practice Credits,practice,practice,50 practice,others,0.0,2024-11-06
100001397,2024-11-06,10 Practice Credits,practice,practice,10 practice,others,0.0,2024-11-06
100001398,2024-11-06,10 Lesson Pack (Joey Poh.),lesson,lesson,10 lesson,Joey Poh,0.0,2024-11-06
100001399,2024-11-06,10 Practice Credits,practice,practice,10 practice,others,0.0,2024-11-06
100001399,2025-07-15,10 Practice Credits,practice,practice,10 practice,others,174.4,2024-11-06
100001400,2024-11-06,10 Practice Credits,practice,practice,10 practice,others,0.0,2024-11-06
100001400,2024-12-09,Trial Lessom W/ Johnson Poh,trial,trial,Trial lesson,Johnson Poh,0.0,2024-11-06
100001400,2025-03-09,10 Lesson Pack  (Johnson Poh),lesson,lesson,10 lesson,Johnson Poh,981.0,2024-11-06
100001400,2025-03-09,10 Practice Credits,practice,practice,10 practice,others,156.96,2024-11-06
100001400,2025-06-29,10 Lesson Pack  (Johnson Poh),lesson,lesson,10 lesson,Johnson Poh,981.0,2024-11-06
100001400,2025-06-29,10 Practice Credits,practice,practice,10 practice,others,156.96,2024-11-06
100001401,2024-11-06,25 Practice Credits,practice,practice,25 practice,others,0.0,2024-11-06
100001402,2024-11-06,25 Practice Credits,practice,practice,25 practice,others,0.0,2024-11-06
100001402,2024-12-09,10 Practice Credits,practice,practice,10 practice,others,0.0,2024-11-06
100001402,2025-06-26,10 Practice Credits,practice,practice,10 practice,others,174.4,2024-11-06
100001403,2024-11-06,10 Lesson Pack (Joey Poh.),lesson,lesson,10 lesson,Joey Poh,0.0,2024-11-06
100001403,2024-11-06,10 Practice Credits,practice,practice,10 practice,others,0.0,2024-11-06
100001403,2024-12-09,10 Lesson Pack (Joey Poh.),lesson,lesson,10 lesson,Joey Poh,0.0,2024-11-06
100001403,2024-12-09,10 Practice Credits,practice,practice,10 practice,others,0.0,2024-11-06
100001403,2025-03-22,10 Lesson Pack (Joey Poh.),lesson,lesson,10 lesson,Joey Poh,981.0,2024-11-06
100001403,2025-03-22,10 Practice Credits,practice,practice,10 practice,others,156.96,2024-11-06
100001404,2024-11-06,10 Practice Credits,practice,practice,10 practice,others,0.0,2024-11-06
100001405,2024-11-06,25 Practice Credits,practice,practice,25 practice,others,0.0,2024-11-06
100001405,2025-03-25,10 Practice Credits,practice,practice,10 practice,others,174.4,2024-11-06
100001406,2024-11-06,10 Practice Credits,practice,practice,10 practice,others,0.0,2024-11-06
100001408,2024-11-06,20 Lesson Pack (Jiali Khee.),lesson,lesson,20 lesson,Jiali Khee,0.0,2024-11-06
100001408,2024-11-06,50 Practice Credits,practice,practice,50 practice,others,0.0,2024-11-06
100001409,2024-11-06,10 Practice Credits,practice,practice,10 practice,others,0.0,2024-11-06
100001410,2024-11-06,10 Lesson Pack (Jasper  Park),lesson,lesson,10 lesson,Jasper Park,0.0,2024-11-06
100001411,2024-11-06,25 Practice Credits,practice,practice,25 practice,others,0.0,2024-11-06
100001411,2025-02-23,10 Practice Credits,practice,practice,10 practice,others,174.4,2024-11-06
100001412,2024-11-06,10 Practice Credits,practice,practice,10 practice,others,0.0,2024-11-06
100001412,2025-01-30,10 Practice Credits,practice,practice,10 practice,others,174.4,2024-11-06
100001413,2024-11-06,10 Practice Credits,practice,practice,10 practice,others,0.0,2024-11-06
100001414,2024-11-06,10 Lesson Pack (Paul Finch),lesson,lesson,10 lesson,Paul Finch,0.0,2024-11-06
100001414,2024-11-06,25 Practice Credits,practice,practice,25 practice,others,0.0,2024-11-06
100001414,2025-04-13,Golfzon 9 Holes - 2 Pax,play,play,Golfzon,others,87.2,2024-11-06
100001414,2025-04-20,Golfzon 9 Holes - 2 Pax,play,play,Golfzon,others,87.2,2024-11-06
100001414,2025-07-30,Golfzon 9 Holes - 3 Pax,play,play,Golfzon,others,65.4,2024-11-06
100001415,2024-11-06,10 Practice Credits,practice,practice,10 practice,others,0.0,2024-11-06
100001415,2025-05-13,10 Practice Credits,practice,practice,10 practice,others,174.4,2024-11-06
100001416,2024-11-06,50 Practice Credits,practice,practice,50 practice,others,0.0,2024-11-06
100001417,2024-11-06,10 Practice Credits,practice,practice,10 practice,others,0.0,2024-11-06
100001417,2025-04-27,10 Lesson Pack (Paul Finch),lesson,lesson,10 lesson,Paul Finch,981.0,2024-11-06
100001417,2025-04-27,10 Practice Credits,practice,practice,10 practice,others,156.96,2024-11-06
100001417,2025-05-27,10 Practice Credits,practice,practice,10 practice,others,174.4,2024-11-06
100001418,2024-11-06,10 Practice Credits,practice,practice,10 practice,others,0.0,2024-11-06
100001418,2025-01-26,10 Practice Credits,practice,practice,10 practice,others,174.4,2024-11-06
100001419,2024-11-06,10 Practice Credits,practice,practice,10 practice,others,0.0,2024-11-06
100001420,2024-11-06,10 Lesson Pack  (Johnson Poh),lesson,lesson,10 lesson,Johnson Poh,0.0,2024-11-06
100001420,2024-11-06,25 Practice Credits,practice,practice,25 practice,others,0.0,2024-11-06
100001420,2025-06-04,10 Practice Credits,practice,practice,10 practice,others,174.4,2024-11-06
100001421,2024-11-06,10 Lesson Pack (Joey Poh.),lesson,lesson,10 lesson,Joey Poh,0.0,2024-11-06
100001421,2024-11-06,25 Practice Credits,practice,practice,25 practice,others,0.0,2024-11-06
100001422,2024-11-06,10 Practice Credits,practice,practice,10 practice,others,0.0,2024-11-06
100001422,2024-11-06,20 Lesson Pack ( Aiko H),lesson,lesson,20 lesson,Aiko H,0.0,2024-11-06
100001423,2024-11-06,10 Practice Credits,practice,practice,10 practice,others,0.0,2024-11-06
100001424,2024-11-06,10 Practice Credits,practice,practice,10 practice,others,0.0,2024-11-06
100001425,2024-11-06,10 Practice Credits,practice,practice,10 practice,others,0.0,2024-11-06
100001426,2024-11-06,20 Lesson Pack (Jasper Park),lesson,lesson,20 lesson,Jasper Park,0.0,2024-11-06
100001426,2024-11-06,25 Practice Credits,practice,practice,25 practice,others,0.0,2024-11-06
100001426,2025-01-17,20 Lesson Pack (Jasper Park),lesson,lesson,20 lesson,Jasper Park,1853.0,2024-11-06
100001426,2025-01-17,50 Practice Credits,practice,practice,50 practice,others,648.55,2024-11-06
100001427,2024-11-06,50 Lesson Pack  (Jiali Khee),lesson,lesson,50 lesson,Jiali Khee,0.0,2024-11-06
100001427,2024-11-06,50 Practice Credits,practice,practice,50 practice,others,0.0,2024-11-06
100001427,2025-03-22,10 Practice Credits,practice,practice,10 practice,others,139.52,2024-11-06
100001427,2025-03-22,50 Lesson Pack  (Jiali Khee),lesson,lesson,50 lesson,Jiali Khee,4360.0,2024-11-06
100001428,2024-11-06,10 Practice Credits,practice,practice,10 practice,others,0.0,2024-11-06
100001429,2024-11-06,10 Practice Credits,practice,practice,10 practice,others,0.0,2024-11-06
100001430,2024-11-06,10 Practice Credits,practice,practice,10 practice,others,0.0,2024-11-06
100001430,2025-01-06,10 Practice Credits,practice,practice,10 practice,others,174.4,2024-11-06
100001430,2025-06-01,Trial Lesson W/ Joey Poh,trial,trial,Trial lesson,Joey Poh,119.9,2024-11-06
100001430,2025-06-14,10 Lesson Pack (Joey Poh.),lesson,lesson,10 lesson,Joey Poh,981.0,2024-11-06
100001430,2025-06-14,10 Practice Credits,practice,practice,10 practice,others,156.96,2024-11-06
100001431,2024-11-06,10 Practice Credits,practice,practice,10 practice,others,0.0,2024-11-06
100001432,2024-11-06,10 Practice Credits,practice,practice,10 practice,others,0.0,2024-11-06
100001433,2024-10-25,10 Semi Private (1:2 Lesson) w/ Johnson Poh,lesson,lesson,10 group lesson,Johnson Poh,0.0,2024-10-25
100001433,2024-11-06,100 Practice Credits,practice,practice,100 practice,others,0.0,2024-10-25
100001433,2025-05-27,10 Lesson Pack  (Johnson Poh),lesson,lesson,10 lesson,Johnson Poh,981.0,2024-10-25
100001433,2025-08-21,10 Semi Private (1:2 Lesson) w/ Johnson Poh,lesson,lesson,10 group lesson,Johnson Poh,2594.2,2024-10-25
100001434,2024-11-06,10 Practice Credits,practice,practice,10 practice,others,0.0,2024-11-06
100001435,2024-11-06,10 Practice Credits,practice,practice,10 practice,others,0.0,2024-11-06
100001435,2025-01-18,10 Practice Credits,practice,practice,10 practice,others,174.4,2024-11-06
100001436,2024-11-06,25 Practice Credits,practice,practice,25 practice,others,0.0,2024-11-06
100001436,2025-03-23,10 Lesson Pack (Jasper  Park),lesson,lesson,10 lesson,Jasper Park,981.0,2024-11-06
100001436,2025-03-23,Trial Lesson w/ Jasper,trial,trial,Trial lesson,Jasper Park,119.9,2024-11-06
100001436,2025-03-25,10 Practice Credits,practice,practice,10 practice,others,174.4,2024-11-06
100001436,2025-04-14,10 Lesson Pack (Jasper  Park),lesson,lesson,10 lesson,Jasper Park,981.0,2024-11-06
100001436,2025-05-26,10 Lesson Pack (Jasper  Park),lesson,lesson,10 lesson,Jasper Park,981.0,2024-11-06
100001436,2025-06-30,10 Lesson Pack (Jasper  Park),lesson,lesson,10 lesson,Jasper Park,981.0,2024-11-06
100001436,2025-06-30,10 Practice Credits,practice,practice,10 practice,others,156.96,2024-11-06
100001437,2024-11-06,10 Practice Credits,practice,practice,10 practice,others,0.0,2024-11-06
100001437,2025-06-01,60 Mins Practise,practice,practice,60 mins practice,others,43.6,2024-11-06
100001438,2024-11-06,10 Lesson Pack ( Aiko H),lesson,lesson,10 lesson,Aiko H,0.0,2024-11-06
100001438,2024-11-06,10 Practice Credits,practice,practice,10 practice,others,0.0,2024-11-06
100001438,2025-02-10,10 Lesson Pack ( Aiko H),lesson,lesson,10 lesson,Aiko H,981.0,2024-11-06
100001438,2025-02-17,30 Mins Practice Credit,practice,practice,30 mins practice,others,21.8,2024-11-06
100001438,2025-05-20,30 Mins 1:1 Lesson W/ Aiko H,lesson,lesson,30 mins lesson,Aiko H,119.9,2024-11-06
100001438,2025-05-20,30 Mins Practice Credit,practice,practice,30 mins practice,others,21.8,2024-11-06
100001438,2025-08-21,10 Lesson Pack ( Aiko H),lesson,lesson,10 lesson,Aiko H,981.0,2024-11-06
100001438,2025-08-21,10 Practice Credits,practice,practice,10 practice,others,156.96,2024-11-06
100001439,2024-11-06,10 Practice Credits,practice,practice,10 practice,others,0.0,2024-11-06
100001440,2024-11-06,10 Practice Credits,practice,practice,10 practice,others,0.0,2024-11-06
100001441,2024-11-06,10 Practice Credits,practice,practice,10 practice,others,0.0,2024-11-06
100001442,2024-11-06,10 Practice Credits,practice,practice,10 practice,others,0.0,2024-11-06
100001442,2024-11-06,20 Lesson Pack (Paul Finch),lesson,lesson,20 lesson,Paul Finch,0.0,2024-11-06
100001442,2025-01-07,10 Lesson Pack (Paul Finch),lesson,lesson,10 lesson,Paul Finch,981.0,2024-11-06
100001442,2025-02-19,10 Lesson Pack (Paul Finch),lesson,lesson,10 lesson,Paul Finch,981.0,2024-11-06
100001442,2025-05-30,10 Lesson Pack (Paul Finch),lesson,lesson,10 lesson,Paul Finch,981.0,2024-11-06
100001442,2025-07-02,10 Lesson Pack (Paul Finch),lesson,lesson,10 lesson,Paul Finch,981.0,2024-11-06
100001442,2025-08-13,10 Lesson Pack (Paul Finch),lesson,lesson,10 lesson,Paul Finch,981.0,2024-11-06
100001443,2024-11-06,10 Practice Credits,practice,practice,10 practice,others,0.0,2024-11-06
100001443,2025-01-09,10 Practice Credits,practice,practice,10 practice,others,174.4,2024-11-06
100001443,2025-05-28,10 Practice Credits,practice,practice,10 practice,others,174.4,2024-11-06
100001444,2024-11-06,50 Practice Credits,practice,practice,50 practice,others,0.0,2024-11-06
100001445,2024-11-06,10 Practice Credits,practice,practice,10 practice,others,0.0,2024-11-06
100001446,2024-11-06,10 Practice Credits,practice,practice,10 practice,others,0.0,2024-11-06
100001447,2024-11-07,25 Practice Credits,practice,practice,25 practice,others,0.0,2024-11-07
100001448,2024-11-07,10 Lesson Pack (Paul Finch),lesson,lesson,10 lesson,Paul Finch,0.0,2024-11-07
100001448,2024-11-07,10 Practice Credits,practice,practice,10 practice,others,0.0,2024-11-07
100001449,2024-11-07,25 Practice Credits,practice,practice,25 practice,others,0.0,2024-11-07
100001450,2024-11-07,10 Practice Credits,practice,practice,10 practice,others,0.0,2024-11-07
100001450,2025-02-22,60 Mins Practise,practice,practice,60 mins practice,others,43.6,2024-11-07
100001451,2024-11-07,10 Practice Credits,practice,practice,10 practice,others,0.0,2024-11-07
100001452,2024-11-07,10 Practice Credits,practice,practice,10 practice,others,0.0,2024-11-07
100001453,2024-11-07,10 Practice Credits,practice,practice,10 practice,others,0.0,2024-11-07
100001453,2024-11-07,5 Semi Private (1:2 Lesson) w/ Jasper Park,lesson,lesson,5 group lesson,Jasper Park,0.0,2024-11-07
100001454,2024-11-07,10 Practice Credits,practice,practice,10 practice,others,0.0,2024-11-07
100001455,2024-11-07,10 Practice Credits,practice,practice,10 practice,others,0.0,2024-11-07
100001456,2024-11-07,25 Practice Credits,practice,practice,25 practice,others,0.0,2024-11-07
100001457,2024-11-07,10 Practice Credits,practice,practice,10 practice,others,0.0,2024-11-07
100001458,2024-11-07,25 Practice Credits,practice,practice,25 practice,others,0.0,2024-11-07
100001458,2025-07-21,10 Practice Credits,practice,practice,10 practice,others,174.4,2024-11-07
100001459,2024-11-07,10 Lesson Pack (Paul Finch),lesson,lesson,10 lesson,Paul Finch,0.0,2024-11-07
100001459,2024-11-07,25 Practice Credits,practice,practice,25 practice,others,0.0,2024-11-07
100001459,2025-02-16,20 Lesson Pack (Paul Finch),lesson,lesson,20 lesson,Paul Finch,1853.0,2024-11-07
100001460,2024-11-07,25 Practice Credits,practice,practice,25 practice,others,0.0,2024-11-07
100001460,2025-07-26,25 Practice Credits,practice,practice,25 practice,others,408.75,2024-11-07
100001461,2024-11-07,10 Practice Credits,practice,practice,10 practice,others,0.0,2024-11-07
100001461,2024-11-10,10 Lesson Pack (Paul Finch),lesson,lesson,10 lesson,Paul Finch,0.0,2024-11-07
100001461,2024-12-20,25 Practice Credits,practice,practice,25 practice,others,0.0,2024-11-07
100001461,2025-06-24,25 Practice Credits,practice,practice,25 practice,others,408.75,2024-11-07
100001461,2025-07-13,Golfzon 9 Holes - 2 Pax,play,play,Golfzon,others,87.2,2024-11-07
100001463,2024-11-08,10 Lesson Pack (Paul Finch),lesson,lesson,10 lesson,Paul Finch,0.0,2024-11-08
100001463,2024-11-08,10 Practice Credits,practice,practice,10 practice,others,0.0,2024-11-08
100001464,2024-11-08,10 Practice Credits,practice,practice,10 practice,others,0.0,2024-11-08
100001465,2024-11-08,10 Practice Credits,practice,practice,10 practice,others,0.0,2024-11-08
100001465,2025-01-22,10 Practice Credits,practice,practice,10 practice,others,174.4,2024-11-08
100001467,2024-11-08,10 Lesson Pack (Paul Finch),lesson,lesson,10 lesson,Paul Finch,0.0,2024-11-08
100001467,2024-11-08,25 Practice Credits,practice,practice,25 practice,others,0.0,2024-11-08
100001467,2025-04-16,10 Practice Credits,practice,practice,10 practice,others,174.4,2024-11-08
100001468,2024-11-08,20 Lesson Pack (Johnson Poh),lesson,lesson,20 lesson,Johnson Poh,0.0,2024-11-08
100001468,2024-11-08,25 Practice Credits,practice,practice,25 practice,others,0.0,2024-11-08
100001469,2024-11-08,10 Practice Credits,practice,practice,10 practice,others,0.0,2024-11-08
100001469,2025-06-18,30 Mins Practice Credit,practice,practice,30 mins practice,others,21.8,2024-11-08
100001470,2024-11-08,10 Lesson Pack (Joey Poh.),lesson,lesson,10 lesson,Joey Poh,0.0,2024-11-08
100001470,2024-11-08,25 Practice Credits,practice,practice,25 practice,others,0.0,2024-11-08
100001471,2024-11-08,10 Practice Credits,practice,practice,10 practice,others,0.0,2024-11-08
100001472,2024-11-08,10 Practice Credits,practice,practice,10 practice,others,0.0,2024-11-08
100001472,2025-02-18,10 Practice Credits,practice,practice,10 practice,others,174.4,2024-11-08
100001473,2024-11-08,10 Practice Credits,practice,practice,10 practice,others,0.0,2024-11-08
100001474,2024-11-08,10 Practice Credits,practice,practice,10 practice,others,0.0,2024-11-08
100001475,2024-11-08,10 Lesson Pack (Joey Poh.),lesson,lesson,10 lesson,Joey Poh,0.0,2024-11-08
100001475,2024-11-08,10 Practice Credits,practice,practice,10 practice,others,0.0,2024-11-08
100001476,2024-11-08,10 Practice Credits,practice,practice,10 practice,others,0.0,2024-11-08
100001476,2024-11-08,20 Lesson Pack (Johnson Poh),lesson,lesson,20 lesson,Johnson Poh,0.0,2024-11-08
100001476,2025-01-22,10 Practice Credits,practice,practice,10 practice,others,174.4,2024-11-08
100001477,2024-11-08,10 Practice Credits,practice,practice,10 practice,others,0.0,2024-11-08
100001477,2024-12-26,10 Practice Credits,practice,practice,10 practice,others,0.0,2024-11-08
100001477,2025-05-12,10 Practice Credits,practice,practice,10 practice,others,174.4,2024-11-08
100001477,2025-06-29,25 Practice Credits,practice,practice,25 practice,others,408.75,2024-11-08
100001478,2024-11-08,10 Practice Credits,practice,practice,10 practice,others,0.0,2024-11-08
100001478,2024-12-31,10 Practice Credits,practice,practice,10 practice,others,0.0,2024-11-08
100001478,2025-07-20,10 Practice Credits,practice,practice,10 practice,others,174.4,2024-11-08
100001479,2024-11-08,10 Lesson Pack (Paul Finch),lesson,lesson,10 lesson,Paul Finch,0.0,2024-11-08
100001479,2024-11-08,25 Practice Credits,practice,practice,25 practice,others,0.0,2024-11-08
100001479,2025-01-25,10 Lesson Pack (Paul Finch),lesson,lesson,10 lesson,Paul Finch,981.0,2024-11-08
100001479,2025-01-25,25 Practice Credits,practice,practice,25 practice,others,367.87,2024-11-08
100001479,2025-06-21,10 Lesson Pack (Paul Finch),lesson,lesson,10 lesson,Paul Finch,981.0,2024-11-08
100001480,2024-11-08,10 Lesson Pack (Joey Poh.),lesson,lesson,10 lesson,Joey Poh,0.0,2024-11-08
100001480,2024-11-08,10 Practice Credits,practice,practice,10 practice,others,0.0,2024-11-08
100001481,2024-11-08,100 Practice Credits,practice,practice,100 practice,others,0.0,2024-11-08
100001482,2024-11-08,25 Practice Credits,practice,practice,25 practice,others,0.0,2024-11-08
100001483,2024-11-08,50 Practice Credits,practice,practice,50 practice,others,0.0,2024-11-08
100001484,2024-11-08,10 Practice Credits,practice,practice,10 practice,others,0.0,2024-11-08
100001485,2024-11-08,25 Practice Credits,practice,practice,25 practice,others,0.0,2024-11-08
100001485,2025-05-25,10 Practice Credits,practice,practice,10 practice,others,174.4,2024-11-08
100001486,2024-11-08,10 Practice Credits,practice,practice,10 practice,others,0.0,2024-11-08
100001486,2024-11-08,50 Lesson Pack  (Johnson Poh),lesson,lesson,50 lesson,Johnson Poh,0.0,2024-11-08
100001487,2024-11-08,25 Practice Credits,practice,practice,25 practice,others,0.0,2024-11-08
100001488,2024-11-22,10 Practice Credits,practice,practice,10 practice,others,0.0,2024-11-22
100001488,2025-04-18,30 Mins 1:1 Lesson W/ Johnson Poh,lesson,lesson,30 mins lesson,Johnson Poh,119.9,2024-11-22
100001488,2025-05-15,10 Practice Credits,practice,practice,10 practice,others,174.4,2024-11-22
100001488,2025-05-27,10 Practice Credits,practice,practice,10 practice,others,174.4,2024-11-22
100001488,2025-06-10,10 Practice Credits,practice,practice,10 practice,others,174.4,2024-11-22
100001488,2025-06-23,10 Practice Credits,practice,practice,10 practice,others,174.4,2024-11-22
100001488,2025-07-02,10 Practice Credits,practice,practice,10 practice,others,174.4,2024-11-22
100001488,2025-07-03,Golfzon 18 Holes - 1 Pax,play,play,Golfzon,others,109.0,2024-11-22
100001489,2024-11-08,10 Practice Credits,practice,practice,10 practice,others,0.0,2024-11-08
100001490,2024-11-08,10 Practice Credits,practice,practice,10 practice,others,0.0,2024-11-08
100001491,2024-11-08,25 Practice Credits,practice,practice,25 practice,others,0.0,2024-11-08
100001492,2024-11-08,25 Practice Credits,practice,practice,25 practice,others,0.0,2024-11-08
100001493,2024-11-08,10 Practice Credits,practice,practice,10 practice,others,0.0,2024-11-08
100001494,2024-11-08,10 Practice Credits,practice,practice,10 practice,others,0.0,2024-11-08
100001494,2024-11-08,20 Lesson Pack  (Joey Poh),lesson,lesson,20 lesson,Joey Poh,0.0,2024-11-08
100001494,2024-11-08,30 Mins 1:1 Lesson W/ Johnson Poh,lesson,lesson,30 mins lesson,Johnson Poh,0.0,2024-11-08
100001495,2024-11-08,10 Practice Credits,practice,practice,10 practice,others,0.0,2024-11-08
100001495,2025-08-07,30 Mins Practice Credit,practice,practice,30 mins practice,others,21.8,2024-11-08
100001496,2024-11-08,10 Practice Credits,practice,practice,10 practice,others,0.0,2024-11-08
100001496,2025-04-27,10 Practice Credits,practice,practice,10 practice,others,174.4,2024-11-08
100001496,2025-08-03,10 Practice Credits,practice,practice,10 practice,others,174.4,2024-11-08
100001497,2024-11-08,10 Practice Credits,practice,practice,10 practice,others,0.0,2024-11-08
100001497,2024-12-27,10 Practice Credits,practice,practice,10 practice,others,0.0,2024-11-08
100001497,2025-01-05,10 Practice Credits,practice,practice,10 practice,others,174.4,2024-11-08
100001497,2025-01-27,10 Practice Credits,practice,practice,10 practice,others,174.4,2024-11-08
100001497,2025-03-22,10 Practice Credits,practice,practice,10 practice,others,174.4,2024-11-08
100001497,2025-04-05,25 Practice Credits,practice,practice,25 practice,others,408.75,2024-11-08
100001497,2025-06-04,10 Practice Credits,practice,practice,10 practice,others,174.4,2024-11-08
100001497,2025-06-19,25 Practice Credits,practice,practice,25 practice,others,408.75,2024-11-08
100001497,2025-07-21,10 Practice Credits,practice,practice,10 practice,others,174.4,2024-11-08
100001497,2025-08-04,25 Practice Credits,practice,practice,25 practice,others,408.75,2024-11-08
100001498,2024-11-08,10 Practice Credits,practice,practice,10 practice,others,0.0,2024-11-08
100001499,2024-11-08,10 Practice Credits,practice,practice,10 practice,others,0.0,2024-11-08
100001499,2025-01-28,Golfzon 9 Holes - 3 Pax,play,play,Golfzon,others,130.8,2024-11-08
100001499,2025-05-03,10 Practice Credits,practice,practice,10 practice,others,174.4,2024-11-08
100001500,2024-11-08,10 Practice Credits,practice,practice,10 practice,others,0.0,2024-11-08
100001500,2025-05-25,25 Practice Credits,practice,practice,25 practice,others,408.75,2024-11-08
100001501,2024-11-08,10 Practice Credits,practice,practice,10 practice,others,0.0,2024-11-08
100001502,2024-11-08,100 Practice Credits,practice,practice,100 practice,others,0.0,2024-11-08
100001502,2024-11-08,20 Lesson Pack (Jiali Khee.),lesson,lesson,20 lesson,Jiali Khee,0.0,2024-11-08
100001503,2024-11-08,25 Practice Credits,practice,practice,25 practice,others,0.0,2024-11-08
100001504,2024-11-08,10 Practice Credits,practice,practice,10 practice,others,0.0,2024-11-08
100001504,2024-12-27,Trial Lesson W/ Paul F,trial,trial,Trial lesson,Paul Finch,0.0,2024-11-08
100001504,2025-07-06,10 Practice Credits,practice,practice,10 practice,others,174.4,2024-11-08
100001506,2024-11-08,25 Practice Credits,practice,practice,25 practice,others,0.0,2024-11-08
100001506,2025-02-14,25 Practice Credits,practice,practice,25 practice,others,408.75,2024-11-08
100001506,2025-07-06,25 Practice Credits,practice,practice,25 practice,others,408.75,2024-11-08
100001506,2025-07-13,10 Semi Private (1:2 Lesson) w/ Kim On You,lesson,lesson,10 group lesson,Kim On You,2594.2,2024-11-08
100001507,2024-11-08,10 Lesson Pack (Joey Poh.),lesson,lesson,10 lesson,Joey Poh,0.0,2024-11-08
100001507,2024-11-08,25 Practice Credits,practice,practice,25 practice,others,0.0,2024-11-08
100001507,2024-12-30,10 Practice Credits,practice,practice,10 practice,others,0.0,2024-11-08
100001507,2025-04-15,10 Practice Credits,practice,practice,10 practice,others,174.4,2024-11-08
100001508,2024-11-08,25 Practice Credits,practice,practice,25 practice,others,0.0,2024-11-08
100001508,2025-03-26,10 Practice Credits,practice,practice,10 practice,others,174.4,2024-11-08
100001509,2024-11-08,10 Lesson Pack (Jiali Khee.),lesson,lesson,10 lesson,Jiali Khee,0.0,2024-11-08
100001509,2024-11-08,10 Practice Credits,practice,practice,10 practice,others,0.0,2024-11-08
100001510,2024-11-08,10 Lesson Pack (Joey Poh.),lesson,lesson,10 lesson,Joey Poh,0.0,2024-11-08
100001510,2024-11-08,10 Practice Credits,practice,practice,10 practice,others,0.0,2024-11-08
100001511,2024-11-08,20 Lesson Pack (Johnson Poh),lesson,lesson,20 lesson,Johnson Poh,0.0,2024-11-08
100001511,2024-11-08,25 Practice Credits,practice,practice,25 practice,others,0.0,2024-11-08
100001512,2024-11-08,25 Practice Credits,practice,practice,25 practice,others,0.0,2024-11-08
100001512,2025-02-07,Trial Lesson W/ Joey Poh,trial,trial,Trial lesson,Joey Poh,119.9,2024-11-08
100001512,2025-06-24,25 Practice Credits,practice,practice,25 practice,others,408.75,2024-11-08
100001514,2024-11-08,10 Practice Credits,practice,practice,10 practice,others,0.0,2024-11-08
100001515,2024-11-08,100 Practice Credits,practice,practice,100 practice,others,0.0,2024-11-08
100001516,2024-11-08,10 Lesson Pack (Jasper  Park),lesson,lesson,10 lesson,Jasper Park,0.0,2024-11-08
100001516,2024-11-08,10 Practice Credits,practice,practice,10 practice,others,0.0,2024-11-08
100001517,2024-11-08,10 Practice Credits,practice,practice,10 practice,others,0.0,2024-11-08
100001517,2024-12-07,25 Practice Credits,practice,practice,25 practice,others,0.0,2024-11-08
100001518,2024-11-08,10 Lesson Pack  (Johnson Poh),lesson,lesson,10 lesson,Johnson Poh,0.0,2024-11-08
100001518,2024-11-08,25 Practice Credits,practice,practice,25 practice,others,0.0,2024-11-08
100001519,2024-11-08,10 Lesson Pack  (Johnson Poh),lesson,lesson,10 lesson,Johnson Poh,0.0,2024-11-08
100001519,2024-11-08,25 Practice Credits,practice,practice,25 practice,others,0.0,2024-11-08
100001520,2024-11-08,10 Practice Credits,practice,practice,10 practice,others,0.0,2024-11-08
100001521,2024-11-08,25 Practice Credits,practice,practice,25 practice,others,0.0,2024-11-08
100001521,2025-06-06,10 Practice Credits,practice,practice,10 practice,others,174.4,2024-11-08
100001522,2024-11-08,10 Practice Credits,practice,practice,10 practice,others,0.0,2024-11-08
100001523,2024-11-08,10 Practice Credits,practice,practice,10 practice,others,0.0,2024-11-08
100001523,2024-11-08,5 Semi Private (1:2 Lesson) w/ Paul Finch,lesson,lesson,5 group lesson,Paul Finch,0.0,2024-11-08
100001524,2024-11-08,10 Practice Credits,practice,practice,10 practice,others,0.0,2024-11-08
100001524,2025-05-10,10 Practice Credits,practice,practice,10 practice,others,174.4,2024-11-08
100001524,2025-07-12,30 Mins Practice Credit,practice,practice,30 mins practice,others,21.8,2024-11-08
100001525,2024-11-08,10 Practice Credits,practice,practice,10 practice,others,0.0,2024-11-08
100001525,2025-05-27,10 Practice Credits,practice,practice,10 practice,others,174.4,2024-11-08
100001526,2024-11-08,50 Practice Credits,practice,practice,50 practice,others,0.0,2024-11-08
100001526,2025-05-19,Trial Lesson W/ Kim On You,trial,trial,Trial lesson,Kim On You,119.9,2024-11-08
100001526,2025-06-05,50 Practice Credits,practice,practice,50 practice,others,763.0,2024-11-08
100001527,2024-11-08,50 Practice Credits,practice,practice,50 practice,others,0.0,2024-11-08
100001528,2024-11-08,10 Practice Credits,practice,practice,10 practice,others,0.0,2024-11-08
100001528,2025-01-20,10 Practice Credits,practice,practice,10 practice,others,174.4,2024-11-08
100001528,2025-02-14,10 Practice Credits,practice,practice,10 practice,others,174.4,2024-11-08
100001529,2024-11-08,100 Practice Credits,practice,practice,100 practice,others,0.0,2024-11-08
100001530,2024-11-08,50 Practice Credits,practice,practice,50 practice,others,0.0,2024-11-08
100001530,2025-01-12,Trial Lesson W/ Kim On You,trial,trial,Trial lesson,Kim On You,119.9,2024-11-08
100001530,2025-01-19,20 Lesson Pack (Kim On You),lesson,lesson,20 lesson,Kim On You,1853.0,2024-11-08
100001530,2025-01-19,25 Practice Credits,practice,practice,25 practice,others,347.44,2024-11-08
100001530,2025-04-13,25 Practice Credits,practice,practice,25 practice,others,408.75,2024-11-08
100001531,2024-11-08,10 Lesson Pack (Joey Poh.),lesson,lesson,10 lesson,Joey Poh,0.0,2024-11-08
100001531,2024-11-08,10 Practice Credits,practice,practice,10 practice,others,0.0,2024-11-08
100001531,2025-07-19,Group Trial Paul,trial,trial,Group Trial,Paul Finch,196.2,2024-11-08
100001531,2025-07-30,10 Practice Credits,practice,practice,10 practice,others,156.96,2024-11-08
100001531,2025-07-30,5 Semi Private (1:2 Lesson) w/ Paul Finch,lesson,lesson,5 group lesson,Paul Finch,1373.4,2024-11-08
100001532,2024-11-15,25 Practice Credits,practice,practice,25 practice,others,0.0,2024-11-15
100001532,2025-02-11,50 Practice Credits,practice,practice,50 practice,others,763.0,2024-11-15
100001532,2025-07-17,50 Practice Credits,practice,practice,50 practice,others,763.0,2024-11-15
100001533,2024-11-08,50 Practice Credits,practice,practice,50 practice,others,0.0,2024-11-08
100001533,2025-02-14,Trial Lesson w/ Jasper ,trial,trial,Trial lesson,Jasper Park,119.9,2024-11-08
100001533,2025-02-21,30 Mins 1:1 Lesson W/ Jasper,lesson,lesson,30 mins lesson,Jasper Park,119.9,2024-11-08
100001533,2025-03-07,30 Mins 1:1 Lesson W/ Jasper,lesson,lesson,30 mins lesson,Jasper Park,119.9,2024-11-08
100001533,2025-03-08,30 Mins 1:1 Lesson W/ Jasper,lesson,lesson,30 mins lesson,Jasper Park,119.9,2024-11-08
100001533,2025-03-17,30 Mins 1:1 Lesson W/ Jasper,lesson,lesson,30 mins lesson,Jasper Park,119.9,2024-11-08
100001533,2025-06-30,20 Lesson Pack (Jasper Park),lesson,lesson,20 lesson,Jasper Park,1853.0,2024-11-08
100001534,2024-11-08,25 Practice Credits,practice,practice,25 practice,others,0.0,2024-11-08
100001534,2024-12-02,10 Lesson Pack  (Johnson Poh),lesson,lesson,10 lesson,Johnson Poh,0.0,2024-11-08
100001535,2024-11-08,10 Practice Credits,practice,practice,10 practice,others,0.0,2024-11-08
100001536,2024-11-08,10 Lesson Pack  (Johnson Poh),lesson,lesson,10 lesson,Johnson Poh,0.0,2024-11-08
100001536,2024-11-08,25 Practice Credits,practice,practice,25 practice,others,0.0,2024-11-08
100001537,2024-11-08,25 Practice Credits,practice,practice,25 practice,others,0.0,2024-11-08
100001538,2024-11-08,10 Practice Credits,practice,practice,10 practice,others,0.0,2024-11-08
100001539,2024-11-08,25 Practice Credits,practice,practice,25 practice,others,0.0,2024-11-08
100001539,2025-07-27,10 Practice Credits,practice,practice,10 practice,others,174.4,2024-11-08
100001540,2024-11-08,25 Practice Credits,practice,practice,25 practice,others,0.0,2024-11-08
100001540,2025-03-20,10 Practice Credits,practice,practice,10 practice,others,174.4,2024-11-08
100001541,2024-11-08,10 Practice Credits,practice,practice,10 practice,others,0.0,2024-11-08
100001542,2024-11-08,10 Lesson Pack (Jiali Khee.),lesson,lesson,10 lesson,Jiali Khee,0.0,2024-11-08
100001543,2024-11-10,25 Practice Credits,practice,practice,25 practice,others,0.0,2024-11-10
100001544,2024-11-10,10 Practice Credits,practice,practice,10 practice,others,0.0,2024-11-10
100001544,2025-06-18,10 Practice Credits,practice,practice,10 practice,others,174.4,2024-11-10
100001545,2024-11-10,10 Practice Credits,practice,practice,10 practice,others,0.0,2024-11-10
100001546,2024-11-10,25 Practice Credits,practice,practice,25 practice,others,0.0,2024-11-10
100001547,2024-11-10,10 Practice Credits,practice,practice,10 practice,others,0.0,2024-11-10
100001548,2024-11-10,25 Practice Credits,practice,practice,25 practice,others,0.0,2024-11-10
100001549,2024-11-10,10 Practice Credits,practice,practice,10 practice,others,0.0,2024-11-10
100001549,2024-12-07,10 Practice Credits,practice,practice,10 practice,others,0.0,2024-11-10
100001550,2024-11-10,10 Practice Credits,practice,practice,10 practice,others,0.0,2024-11-10
100001551,2024-11-10,20 Lesson Pack (Jasper Park),lesson,lesson,20 lesson,Jasper Park,0.0,2024-11-10
100001551,2024-11-10,25 Practice Credits,practice,practice,25 practice,others,0.0,2024-11-10
100001552,2024-11-10,10 Practice Credits,practice,practice,10 practice,others,0.0,2024-11-10
100001555,2024-11-10,10 Practice Credits,practice,practice,10 practice,others,0.0,2024-11-10
100001555,2025-01-30,10 Practice Credits,practice,practice,10 practice,others,174.4,2024-11-10
100001555,2025-03-25,10 Practice Credits,practice,practice,10 practice,others,174.4,2024-11-10
100001555,2025-07-08,10 Practice Credits,practice,practice,10 practice,others,174.4,2024-11-10
100001555,2025-08-04,10 Practice Credits,practice,practice,10 practice,others,174.4,2024-11-10
100001556,2024-11-10,10 Lesson Pack  (Johnson Poh),lesson,lesson,10 lesson,Johnson Poh,0.0,2024-11-10
100001556,2024-11-10,25 Practice Credits,practice,practice,25 practice,others,0.0,2024-11-10
100001556,2025-01-18,10 Lesson Pack  (Johnson Poh),lesson,lesson,10 lesson,Johnson Poh,981.0,2024-11-10
100001556,2025-01-18,25 Practice Credits,practice,practice,25 practice,others,367.87,2024-11-10
100001557,2024-11-10,10 Practice Credits,practice,practice,10 practice,others,0.0,2024-11-10
100001557,2025-03-10,10 Practice Credits,practice,practice,10 practice,others,174.4,2024-11-10
100001558,2024-11-10,50 Practice Credits,practice,practice,50 practice,others,0.0,2024-11-10
100001559,2024-11-10,10 Lesson Pack  (Johnson Poh),lesson,lesson,10 lesson,Johnson Poh,0.0,2024-11-10
100001559,2024-11-10,25 Practice Credits,practice,practice,25 practice,others,0.0,2024-11-10
100001559,2025-02-21,10 Lesson Pack  (Johnson Poh),lesson,lesson,10 lesson,Johnson Poh,981.0,2024-11-10
100001559,2025-02-21,50 Practice Credits,practice,practice,50 practice,others,686.7,2024-11-10
100001559,2025-05-09,20 Lesson Pack (Johnson Poh),lesson,lesson,20 lesson,Johnson Poh,1853.0,2024-11-10
100001559,2025-05-09,25 Practice Credits,practice,practice,25 practice,others,347.44,2024-11-10
100001559,2025-08-05,50 Practice Credits,practice,practice,50 practice,others,763.0,2024-11-10
100001560,2024-11-10,25 Practice Credits,practice,practice,25 practice,others,0.0,2024-11-10
100001561,2024-11-10,10 Practice Credits,practice,practice,10 practice,others,0.0,2024-11-10
100001563,2024-11-10,10 Practice Credits,practice,practice,10 practice,others,0.0,2024-11-10
100001563,2025-05-23,10 Practice Credits,practice,practice,10 practice,others,174.4,2024-11-10
100001564,2024-11-10,10 Practice Credits,practice,practice,10 practice,others,0.0,2024-11-10
100001564,2025-05-12,10 Practice Credits,practice,practice,10 practice,others,174.4,2024-11-10
100001565,2024-11-10,100 Practice Credits,practice,practice,100 practice,others,0.0,2024-11-10
100001565,2024-11-10,50 Lesson Pack  (Joey Poh),lesson,lesson,50 lesson,Joey Poh,0.0,2024-11-10
100001566,2024-11-10,10 Practice Credits,practice,practice,10 practice,others,0.0,2024-11-10
100001567,2024-11-10,10 Practice Credits,practice,practice,10 practice,others,0.0,2024-11-10
100001567,2025-03-20,10 Practice Credits,practice,practice,10 practice,others,174.4,2024-11-10
100001568,2024-11-10,50 Practice Credits,practice,practice,50 practice,others,0.0,2024-11-10
100001569,2024-11-10,10 Lesson Pack  (Johnson Poh),lesson,lesson,10 lesson,Johnson Poh,0.0,2024-11-10
100001569,2024-11-10,25 Practice Credits,practice,practice,25 practice,others,0.0,2024-11-10
100001569,2025-02-18,Golfzon 9 Holes - 1 Pax,play,play,Golfzon,others,76.3,2024-11-10
100001569,2025-02-24,50 Practice Credits,practice,practice,50 practice,others,763.0,2024-11-10
100001570,2024-11-10,20 Lesson Pack (Jiali Khee.),lesson,lesson,20 lesson,Jiali Khee,0.0,2024-11-10
100001570,2024-11-10,25 Practice Credits,practice,practice,25 practice,others,0.0,2024-11-10
100001570,2025-01-11,Golfzon 18 Holes - 1 Pax,play,play,Golfzon,others,109.0,2024-11-10
100001570,2025-02-01,Golfzon 18 Holes - 1 Pax,play,play,Golfzon,others,109.0,2024-11-10
100001570,2025-02-08,Golfzon 18 Holes - 1 Pax,play,play,Golfzon,others,109.0,2024-11-10
100001570,2025-03-01,Golfzon 18 Holes - 1 Pax,play,play,Golfzon,others,109.0,2024-11-10
100001570,2025-03-22,10 Practice Credits,practice,practice,10 practice,others,148.24,2024-11-10
100001570,2025-03-22,20 Lesson Pack (Jiali Khee.),lesson,lesson,20 lesson,Jiali Khee,1853.0,2024-11-10
100001570,2025-03-22,Golfzon 18 Holes - 1 Pax,play,play,Golfzon,others,109.0,2024-11-10
100001570,2025-04-12,Golfzon 18 Holes - 1 Pax,play,play,Golfzon,others,109.0,2024-11-10
100001570,2025-04-19,Golfzon 18 Holes - 1 Pax,play,play,Golfzon,others,109.0,2024-11-10
100001570,2025-04-26,Golfzon 18 Holes - 1 Pax,play,play,Golfzon,others,109.0,2024-11-10
100001570,2025-05-17,Golfzon 18 Holes - 1 Pax,play,play,Golfzon,others,109.0,2024-11-10
100001570,2025-05-24,Golfzon 18 Holes - 1 Pax,play,play,Golfzon,others,109.0,2024-11-10
100001570,2025-05-28,Golfzon 18 Holes - 1 Pax,play,play,Golfzon,others,109.0,2024-11-10
100001570,2025-05-31,Golfzon 18 Holes - 1 Pax,play,play,Golfzon,others,109.0,2024-11-10
100001570,2025-06-04,Golfzon 18 Holes - 2 Pax,play,play,Golfzon,others,130.8,2024-11-10
100001570,2025-06-07,Golfzon 18 Holes - 1 Pax,play,play,Golfzon,others,109.0,2024-11-10
100001570,2025-07-19,Golfzon 18 Holes - 2 Pax,play,play,Golfzon,others,130.8,2024-11-10
100001570,2025-07-26,Golfzon 18 Holes - 1 Pax,play,play,Golfzon,others,109.0,2024-11-10
100001570,2025-07-28,20 Lesson Pack (Jiali Khee.),lesson,lesson,20 lesson,Jiali Khee,1853.0,2024-11-10
100001570,2025-08-01,Golfzon 18 Holes - 1 Pax,play,play,Golfzon,others,109.0,2024-11-10
100001570,2025-08-02,Golfzon 18 Holes - 1 Pax,play,play,Golfzon,others,109.0,2024-11-10
100001570,2025-08-11,Golfzon 18 Holes - 1 Pax,play,play,Golfzon,others,109.0,2024-11-10
100001570,2025-08-16,Golfzon 18 Holes - 1 Pax,play,play,Golfzon,others,109.0,2024-11-10
100001571,2024-11-10,25 Practice Credits,practice,practice,25 practice,others,0.0,2024-11-10
100001572,2024-11-10,10 Practice Credits,practice,practice,10 practice,others,0.0,2024-11-10
100001573,2024-11-10,100 Practice Credits,practice,practice,100 practice,others,0.0,2024-11-10
100001573,2025-02-17,20 Lesson Pack (Kim On You),lesson,lesson,20 lesson,Kim On You,1853.0,2024-11-10
100001573,2025-02-17,50 Practice Credits,practice,practice,50 practice,others,648.55,2024-11-10
100001574,2024-11-10,20 Lesson Pack (Kim On You),lesson,lesson,20 lesson,Kim On You,0.0,2024-11-10
100001574,2024-11-10,50 Practice Credits,practice,practice,50 practice,others,0.0,2024-11-10
100001575,2024-11-10,20 Lesson Pack ( Aiko H),lesson,lesson,20 lesson,Aiko H,0.0,2024-11-10
100001575,2025-01-23,10 Lesson Pack ( Aiko H),lesson,lesson,10 lesson,Aiko H,981.0,2024-11-10
100001575,2025-03-13,10 Lesson Pack ( Aiko H),lesson,lesson,10 lesson,Aiko H,981.0,2024-11-10
100001575,2025-03-13,10 Practice Credits,practice,practice,10 practice,others,156.96,2024-11-10
100001576,2024-11-10,50 Practice Credits,practice,practice,50 practice,others,0.0,2024-11-10
100001577,2024-11-10,25 Practice Credits,practice,practice,25 practice,others,0.0,2024-11-10
100001578,2024-11-10,10 Lesson Pack (Jasper  Park),lesson,lesson,10 lesson,Jasper Park,0.0,2024-11-10
100001578,2024-11-10,25 Practice Credits,practice,practice,25 practice,others,0.0,2024-11-10
100001578,2025-05-11,10 Practice Credits,practice,practice,10 practice,others,174.4,2024-11-10
100001578,2025-05-23,10 Lesson Pack (Jasper  Park),lesson,lesson,10 lesson,Jasper Park,981.0,2024-11-10
100001578,2025-08-19,10 Practice Credits,practice,practice,10 practice,others,174.4,2024-11-10
100001579,2024-11-10,25 Practice Credits,practice,practice,25 practice,others,0.0,2024-11-10
100001580,2024-11-10,25 Practice Credits,practice,practice,25 practice,others,0.0,2024-11-10
100001581,2024-11-10,50 Practice Credits,practice,practice,50 practice,others,0.0,2024-11-10
100001582,2024-11-10,50 Practice Credits,practice,practice,50 practice,others,0.0,2024-11-10
100001584,2024-11-10,10 Lesson Pack (Jasper  Park),lesson,lesson,10 lesson,Jasper Park,0.0,2024-11-10
100001584,2024-11-10,10 Practice Credits,practice,practice,10 practice,others,0.0,2024-11-10
100001585,2024-11-10,20 Lesson Pack ( Aiko H),lesson,lesson,20 lesson,Aiko H,0.0,2024-11-10
100001585,2024-11-10,50 Practice Credits,practice,practice,50 practice,others,0.0,2024-11-10
100001585,2024-11-10,Trial Lesson W/ Aiko H,trial,trial,Trial lesson,Aiko H,0.0,2024-11-10
100001585,2025-04-07,10 Lesson Pack ( Aiko H),lesson,lesson,10 lesson,Aiko H,981.0,2024-11-10
100001586,2024-11-10,10 Practice Credits,practice,practice,10 practice,others,0.0,2024-11-10
100001586,2024-11-22,10 Lesson Pack (Joey Poh.),lesson,lesson,10 lesson,Joey Poh,0.0,2024-11-10
100001586,2025-02-19,10 Lesson Pack (Joey Poh.),lesson,lesson,10 lesson,Joey Poh,981.0,2024-11-10
100001586,2025-04-13,20 Lesson Pack  (Joey Poh),lesson,lesson,20 lesson,Joey Poh,1853.0,2024-11-10
100001587,2024-11-10,100 Practice Credits,practice,practice,100 practice,others,0.0,2024-11-10
100001588,2024-11-10,30 Mins 1:1 Lesson W/ Jasper,lesson,lesson,30 mins lesson,Jasper Park,0.0,2024-11-10
100001589,2024-11-10,10 Lesson Pack (Paul Finch),lesson,lesson,10 lesson,Paul Finch,0.0,2024-11-10
100001589,2024-11-10,10 Practice Credits,practice,practice,10 practice,others,0.0,2024-11-10
100001590,2024-11-10,25 Practice Credits,practice,practice,25 practice,others,0.0,2024-11-10
100001591,2024-11-10,25 Practice Credits,practice,practice,25 practice,others,0.0,2024-11-10
100001592,2024-11-10,10 Practice Credits,practice,practice,10 practice,others,0.0,2024-11-10
100001592,2025-03-18,10 Practice Credits,practice,practice,10 practice,others,174.4,2024-11-10
100001593,2024-11-10,50 Practice Credits,practice,practice,50 practice,others,0.0,2024-11-10
100001593,2025-06-25,Trial Lesson W/ Desmond Tan,trial,trial,Trial lesson,Desmond Tan,119.9,2024-11-10
100001593,2025-07-01,10 Practice Credits,practice,practice,10 practice,others,148.24,2024-11-10
100001593,2025-07-01,20 Lesson Pack (Desmond Tan),lesson,lesson,20 lesson,Desmond Tan,1853.0,2024-11-10
100001594,2024-11-10,10 Practice Credits,practice,practice,10 practice,others,0.0,2024-11-10
100001594,2025-01-10,10 Practice Credits,practice,practice,10 practice,others,174.4,2024-11-10
100001594,2025-07-09,10 Practice Credits,practice,practice,10 practice,others,174.4,2024-11-10
100001595,2024-11-10,100 Practice Credits,practice,practice,100 practice,others,0.0,2024-11-10
100001595,2024-11-10,50 Lesson Pack (Jasper Park),lesson,lesson,50 lesson,Jasper Park,0.0,2024-11-10
100001595,2025-08-12,50 Lesson Pack (Desmond Tan),lesson,lesson,50 lesson,Desmond Tan,0.0,2024-11-10
100001595,2025-08-12,50 Lesson Pack (Jasper Park),lesson,lesson,50 lesson,Jasper Park,0.0,2024-11-10
100001596,2024-11-10,25 Practice Credits,practice,practice,25 practice,others,0.0,2024-11-10
100001597,2024-11-10,25 Practice Credits,practice,practice,25 practice,others,0.0,2024-11-10
100001598,2024-11-10,10 Practice Credits,practice,practice,10 practice,others,0.0,2024-11-10
100001599,2024-11-10,10 Lesson Pack (Jiali Khee.),lesson,lesson,10 lesson,Jiali Khee,0.0,2024-11-10
100001599,2024-11-10,25 Practice Credits,practice,practice,25 practice,others,0.0,2024-11-10
100001599,2025-07-11,10 Lesson Pack (Jiali Khee.),lesson,lesson,10 lesson,Jiali Khee,981.0,2024-11-10
100001600,2024-11-10,25 Practice Credits,practice,practice,25 practice,others,0.0,2024-11-10
100001601,2024-11-10,10 Lesson Pack  (Johnson Poh),lesson,lesson,10 lesson,Johnson Poh,0.0,2024-11-10
100001602,2024-11-10,25 Practice Credits,practice,practice,25 practice,others,0.0,2024-11-10
100001602,2025-04-11,25 Practice Credits,practice,practice,25 practice,others,408.75,2024-11-10
100001602,2025-06-23,100 Practice Credits,practice,practice,100 practice,others,1417.0,2024-11-10
100001602,2025-07-02,30 Mins Practice Credit,practice,practice,30 mins practice,others,0.0,2024-11-10
100001603,2024-11-10,10 Practice Credits,practice,practice,10 practice,others,0.0,2024-11-10
100001604,2024-11-10,10 Practice Credits,practice,practice,10 practice,others,0.0,2024-11-10
100001604,2025-06-13,30 Mins Practice Credit,practice,practice,30 mins practice,others,21.8,2024-11-10
100001605,2024-11-10,10 Practice Credits,practice,practice,10 practice,others,0.0,2024-11-10
100001607,2024-11-12,10 Lesson Pack (Jiali Khee.),lesson,lesson,10 lesson,Jiali Khee,0.0,2024-11-12
100001607,2024-11-12,10 Practice Credits,practice,practice,10 practice,others,0.0,2024-11-12
100001607,2025-01-12,10 Lesson Pack (Jiali Khee.),lesson,lesson,10 lesson,Jiali Khee,981.0,2024-11-12
100001607,2025-03-01,10 Lesson Pack (Jiali Khee.),lesson,lesson,10 lesson,Jiali Khee,981.0,2024-11-12
100001607,2025-04-17,10 Lesson Pack (Jiali Khee.),lesson,lesson,10 lesson,Jiali Khee,981.0,2024-11-12
100001607,2025-06-25,Golfzon 9 Holes - 4 Pax,play,play,Golfzon,others,174.4,2024-11-12
100001607,2025-08-21,10 Lesson Pack (Jiali Khee.),lesson,lesson,10 lesson,Jiali Khee,981.0,2024-11-12
100001608,2024-11-12,10 Lesson Pack ( Aiko H),lesson,lesson,10 lesson,Aiko H,0.0,2024-11-12
100001608,2024-11-12,10 Practice Credits,practice,practice,10 practice,others,0.0,2024-11-12
100001609,2024-11-12,10 Lesson Pack  (Johnson Poh),lesson,lesson,10 lesson,Johnson Poh,0.0,2024-11-12
100001609,2024-11-12,25 Practice Credits,practice,practice,25 practice,others,0.0,2024-11-12
100001610,2024-11-12,25 Practice Credits,practice,practice,25 practice,others,0.0,2024-11-12
100001611,2024-11-12,25 Practice Credits,practice,practice,25 practice,others,0.0,2024-11-12
100001611,2025-01-31,10 Practice Credits,practice,practice,10 practice,others,174.4,2024-11-12
100001612,2024-11-12,10 Practice Credits,practice,practice,10 practice,others,0.0,2024-11-12
100001612,2024-12-13,25 Practice Credits,practice,practice,25 practice,others,0.0,2024-11-12
100001612,2025-04-19,Trial Lesson W/ Johnson Poh,trial,trial,Trial lesson,Johnson Poh,119.9,2024-11-12
100001612,2025-08-17,Golfzon 9 Holes - 2 Pax,play,play,Golfzon,others,87.2,2024-11-12
100001613,2024-11-12,10 Practice Credits,practice,practice,10 practice,others,0.0,2024-11-12
100001613,2025-04-21,30 Mins Practice Credit,practice,practice,30 mins practice,others,21.8,2024-11-12
100001613,2025-04-23,30 Mins Practice Credit,practice,practice,30 mins practice,others,21.8,2024-11-12
100001613,2025-05-29,30 Mins Practice Credit,practice,practice,30 mins practice,others,21.8,2024-11-12
100001614,2024-11-12,10 Lesson Pack ( Aiko H),lesson,lesson,10 lesson,Aiko H,0.0,2024-11-12
100001614,2024-11-12,10 Practice Credits,practice,practice,10 practice,others,0.0,2024-11-12
100001614,2025-02-13,10 Lesson Pack ( Aiko H),lesson,lesson,10 lesson,Aiko H,981.0,2024-11-12
100001614,2025-02-13,10 Practice Credits,practice,practice,10 practice,others,156.96,2024-11-12
100001615,2024-11-12,25 Practice Credits,practice,practice,25 practice,others,0.0,2024-11-12
100001615,2025-03-10,10 Practice Credits,practice,practice,10 practice,others,174.4,2024-11-12
100001616,2024-11-12,50 Practice Credits,practice,practice,50 practice,others,0.0,2024-11-12
100001617,2024-11-12,10 Lesson Pack (Joey Poh.),lesson,lesson,10 lesson,Joey Poh,0.0,2024-11-12
100001617,2024-11-12,100 Practice Credits,practice,practice,100 practice,others,0.0,2024-11-12
100001618,2024-11-12,10 Lesson Pack (Jiali Khee.),lesson,lesson,10 lesson,Jiali Khee,0.0,2024-11-12
100001618,2024-11-12,10 Practice Credits,practice,practice,10 practice,others,0.0,2024-11-12
100001618,2025-01-25,10 Lesson Pack (Jiali Khee.),lesson,lesson,10 lesson,Jiali Khee,981.0,2024-11-12
100001618,2025-01-25,10 Practice Credits,practice,practice,10 practice,others,156.96,2024-11-12
100001618,2025-07-15,10 Lesson Pack (Jiali Khee.),lesson,lesson,10 lesson,Jiali Khee,981.0,2024-11-12
100001618,2025-07-19,10 Practice Credits,practice,practice,10 practice,others,156.96,2024-11-12
100001620,2024-11-12,25 Practice Credits,practice,practice,25 practice,others,0.0,2024-11-12
100001621,2024-11-12,50 Practice Credits,practice,practice,50 practice,others,0.0,2024-11-12
100001622,2024-11-12,50 Practice Credits,practice,practice,50 practice,others,0.0,2024-11-12
100001622,2025-01-06,100 Practice Credits,practice,practice,100 practice,others,1417.0,2024-11-12
100001622,2025-05-10,30 Mins Practice Credit,practice,practice,30 mins practice,others,0.0,2024-11-12
100001622,2025-07-27,Trial Lesson W/ Johnson Poh,trial,trial,Trial lesson,Johnson Poh,119.9,2024-11-12
100001623,2024-11-12,25 Practice Credits,practice,practice,25 practice,others,0.0,2024-11-12
100001624,2024-11-12,10 Practice Credits,practice,practice,10 practice,others,0.0,2024-11-12
100001624,2025-01-04,10 Practice Credits,practice,practice,10 practice,others,174.4,2024-11-12
100001624,2025-03-07,10 Practice Credits,practice,practice,10 practice,others,174.4,2024-11-12
100001624,2025-06-19,10 Practice Credits,practice,practice,10 practice,others,174.4,2024-11-12
100001624,2025-07-08,Trial Lesson w/ Jasper,trial,trial,Trial lesson,Jasper Park,119.9,2024-11-12
100001624,2025-07-22,10 Practice Credits,practice,practice,10 practice,others,174.4,2024-11-12
100001625,2024-11-12,10 Lesson Pack (Paul Finch),lesson,lesson,10 lesson,Paul Finch,0.0,2024-11-12
100001625,2024-11-12,25 Practice Credits,practice,practice,25 practice,others,0.0,2024-11-12
100001625,2024-12-13,10 Lesson Pack (Paul Finch),lesson,lesson,10 lesson,Paul Finch,0.0,2024-11-12
100001625,2024-12-13,10 Practice Credits,practice,practice,10 practice,others,0.0,2024-11-12
100001626,2024-11-12,10 Semi Private (1:2 Lesson)  w/ Jasper Park,lesson,lesson,10 group lesson,Jasper Park,0.0,2024-11-12
100001626,2024-11-12,25 Practice Credits,practice,practice,25 practice,others,0.0,2024-11-12
100001627,2024-11-12,10 Practice Credits,practice,practice,10 practice,others,0.0,2024-11-12
100001628,2024-11-12,10 Practice Credits,practice,practice,10 practice,others,0.0,2024-11-12
100001628,2025-06-11,10 Practice Credits,practice,practice,10 practice,others,174.4,2024-11-12
100001629,2024-11-12,10 Lesson Pack (Jasper  Park),lesson,lesson,10 lesson,Jasper Park,0.0,2024-11-12
100001629,2024-11-12,25 Practice Credits,practice,practice,25 practice,others,0.0,2024-11-12
100001629,2024-12-20,25 Practice Credits,practice,practice,25 practice,others,0.0,2024-11-12
100001630,2024-11-12,20 Lesson Pack (Jasper Park),lesson,lesson,20 lesson,Jasper Park,0.0,2024-11-12
100001630,2025-05-19,30 Mins Practice Credit,practice,practice,30 mins practice,others,21.8,2024-11-12
100001630,2025-05-28,30 Mins Practice Credit,practice,practice,30 mins practice,others,21.8,2024-11-12
100001631,2024-11-12,10 Practice Credits,practice,practice,10 practice,others,0.0,2024-11-12
100001632,2024-11-12,10 Lesson Pack (Jiali Khee.),lesson,lesson,10 lesson,Jiali Khee,0.0,2024-11-12
100001632,2024-11-12,10 Practice Credits,practice,practice,10 practice,others,0.0,2024-11-12
100001633,2024-11-12,50 Practice Credits,practice,practice,50 practice,others,0.0,2024-11-12
100001634,2024-11-12,10 Practice Credits,practice,practice,10 practice,others,0.0,2024-11-12
100001635,2024-11-12,25 Practice Credits,practice,practice,25 practice,others,0.0,2024-11-12
100001635,2024-11-12,Trial Lessom W/ Johnson Poh,trial,trial,Trial lesson,Johnson Poh,0.0,2024-11-12
100001635,2024-12-07,20 Lesson Pack (Johnson Poh),lesson,lesson,20 lesson,Johnson Poh,0.0,2024-11-12
100001635,2024-12-07,25 Practice Credits,practice,practice,25 practice,others,0.0,2024-11-12
100001636,2024-11-12,10 Practice Credits,practice,practice,10 practice,others,0.0,2024-11-12
100001636,2025-07-27,10 Practice Credits,practice,practice,10 practice,others,174.4,2024-11-12
100001637,2024-11-12,50 Practice Credits,practice,practice,50 practice,others,0.0,2024-11-12
100001638,2024-11-12,50 Practice Credits,practice,practice,50 practice,others,0.0,2024-11-12
100001639,2024-11-12,10 Lesson Pack (Jasper  Park),lesson,lesson,10 lesson,Jasper Park,0.0,2024-11-12
100001639,2024-11-12,10 Practice Credits,practice,practice,10 practice,others,0.0,2024-11-12
100001639,2025-01-20,10 Practice Credits,practice,practice,10 practice,others,174.4,2024-11-12
100001640,2024-11-12,10 Practice Credits,practice,practice,10 practice,others,0.0,2024-11-12
100001641,2024-11-12,10 Practice Credits,practice,practice,10 practice,others,0.0,2024-11-12
100001641,2025-02-19,30 Mins Practice Credit,practice,practice,30 mins practice,others,21.8,2024-11-12
100001642,2024-11-12,10 Practice Credits,practice,practice,10 practice,others,0.0,2024-11-12
100001642,2024-12-07,25 Practice Credits,practice,practice,25 practice,others,0.0,2024-11-12
100001642,2025-01-30,25 Practice Credits,practice,practice,25 practice,others,408.75,2024-11-12
100001642,2025-05-13,10 Practice Credits,practice,practice,10 practice,others,174.4,2024-11-12
100001642,2025-06-21,10 Practice Credits,practice,practice,10 practice,others,174.4,2024-11-12
100001643,2024-11-12,10 Practice Credits,practice,practice,10 practice,others,0.0,2024-11-12
100001644,2024-11-12,10 Practice Credits,practice,practice,10 practice,others,0.0,2024-11-12
100001644,2025-06-21,30 Mins Practice Credit,practice,practice,30 mins practice,others,21.8,2024-11-12
100001644,2025-08-02,30 Mins Practice Credit,practice,practice,30 mins practice,others,21.8,2024-11-12
100001644,2025-08-03,30 Mins Practice Credit,practice,practice,30 mins practice,others,21.8,2024-11-12
100001645,2024-11-12,20 Lesson Pack (Jasper Park),lesson,lesson,20 lesson,Jasper Park,0.0,2024-11-12
100001646,2024-11-12,50 Practice Credits,practice,practice,50 practice,others,0.0,2024-11-12
100001646,2025-01-27,25 Practice Credits,practice,practice,25 practice,others,408.75,2024-11-12
100001647,2024-11-12,10 Lesson Pack (Jasper  Park),lesson,lesson,10 lesson,Jasper Park,0.0,2024-11-12
100001647,2024-11-12,25 Practice Credits,practice,practice,25 practice,others,0.0,2024-11-12
100001648,2024-11-12,10 Lesson Pack (Joey Poh.),lesson,lesson,10 lesson,Joey Poh,0.0,2024-11-12
100001648,2024-11-12,10 Practice Credits,practice,practice,10 practice,others,0.0,2024-11-12
100001648,2025-08-14,10 Practice Credits,practice,practice,10 practice,others,174.4,2024-11-12
100001649,2024-11-12,10 Practice Credits,practice,practice,10 practice,others,0.0,2024-11-12
100001650,2024-11-12,25 Practice Credits,practice,practice,25 practice,others,0.0,2024-11-12
100001650,2025-01-05,25 Practice Credits,practice,practice,25 practice,others,408.75,2024-11-12
100001650,2025-04-08,25 Practice Credits,practice,practice,25 practice,others,408.75,2024-11-12
100001650,2025-08-12,25 Practice Credits,practice,practice,25 practice,others,408.75,2024-11-12
100001651,2025-01-10,10 Lesson Pack  (Johnson Poh),lesson,lesson,10 lesson,Johnson Poh,981.0,2025-01-10
100001652,2024-11-12,10 Practice Credits,practice,practice,10 practice,others,0.0,2024-11-12
100001653,2024-11-12,10 Lesson Pack (Kim On You),lesson,lesson,10 lesson,Kim On You,0.0,2024-11-12
100001653,2024-11-12,25 Practice Credits,practice,practice,25 practice,others,0.0,2024-11-12
100001654,2024-11-12,5 Semi Private (1:2 Lesson) w/ Joey Poh,lesson,lesson,5 group lesson,Joey Poh,0.0,2024-11-12
100001655,2024-11-12,25 Practice Credits,practice,practice,25 practice,others,0.0,2024-11-12
100001656,2024-11-13,10 Lesson Pack (Jiali Khee.),lesson,lesson,10 lesson,Jiali Khee,0.0,2024-11-13
100001656,2024-11-13,25 Practice Credits,practice,practice,25 practice,others,0.0,2024-11-13
100001656,2025-05-27,Trial Lesson W/ Johnson Poh,trial,trial,Trial lesson,Johnson Poh,119.9,2024-11-13
100001656,2025-05-29,Trial Lesson W/ Joey Poh,trial,trial,Trial lesson,Joey Poh,119.9,2024-11-13
100001656,2025-05-30,30 Mins Practice Credit,practice,practice,30 mins practice,others,21.8,2024-11-13
100001656,2025-05-31,30 Mins Practice Credit,practice,practice,30 mins practice,others,21.8,2024-11-13
100001656,2025-06-01,60 Mins Practise,practice,practice,60 mins practice,others,43.6,2024-11-13
100001656,2025-06-02,20 Lesson Pack  (Joey Poh),lesson,lesson,20 lesson,Joey Poh,1853.0,2024-11-13
100001656,2025-06-02,25 Practice Credits,practice,practice,25 practice,others,347.44,2024-11-13
100001657,2024-11-13,10 Practice Credits,practice,practice,10 practice,others,0.0,2024-11-13
100001657,2025-04-29,10 Practice Credits,practice,practice,10 practice,others,174.4,2024-11-13
100001658,2024-11-13,10 Lesson Pack (Jiali Khee.),lesson,lesson,10 lesson,Jiali Khee,0.0,2024-11-13
100001659,2024-11-13,25 Practice Credits,practice,practice,25 practice,others,0.0,2024-11-13
100001659,2024-11-13,50 Lesson Pack  (Joey Poh),lesson,lesson,50 lesson,Joey Poh,0.0,2024-11-13
100001659,2025-01-30,Golfzon 9 Holes - 2 Pax,play,play,Golfzon,others,87.2,2024-11-13
100001659,2025-06-14,Golfzon 18 Holes - 2 Pax,play,play,Golfzon,others,130.8,2024-11-13
100001660,2024-11-13,10 Practice Credits,practice,practice,10 practice,others,0.0,2024-11-13
100001661,2024-11-13,10 Lesson Pack (Jasper  Park),lesson,lesson,10 lesson,Jasper Park,0.0,2024-11-13
100001661,2024-11-13,10 Practice Credits,practice,practice,10 practice,others,0.0,2024-11-13
100001661,2025-03-22,30 Mins Practice Credit,practice,practice,30 mins practice,others,43.6,2024-11-13
100001662,2024-11-13,10 Practice Credits,practice,practice,10 practice,others,0.0,2024-11-13
100001663,2024-11-13,10 Practice Credits,practice,practice,10 practice,others,0.0,2024-11-13
100001663,2025-03-09,10 Practice Credits,practice,practice,10 practice,others,174.4,2024-11-13
100001664,2024-11-13,10 Lesson Pack (Paul Finch),lesson,lesson,10 lesson,Paul Finch,0.0,2024-11-13
100001664,2024-11-13,10 Practice Credits,practice,practice,10 practice,others,0.0,2024-11-13
100001664,2025-06-20,30 Mins Practice Credit,practice,practice,30 mins practice,others,21.8,2024-11-13
100001665,2024-10-25,10 Lesson Pack (Desmond Tan),lesson,lesson,10 lesson,Desmond Tan,0.0,2024-10-25
100001665,2024-10-25,20 Lesson Pack (Jiali Khee.),lesson,lesson,20 lesson,Jiali Khee,0.0,2024-10-25
100001665,2024-11-13,20 Lesson Pack (Jiali Khee.),lesson,lesson,20 lesson,Jiali Khee,0.0,2024-10-25
100001665,2024-11-13,25 Practice Credits,practice,practice,25 practice,others,0.0,2024-10-25
100001666,2024-11-13,10 Practice Credits,practice,practice,10 practice,others,0.0,2024-11-13
100001667,2024-11-13,10 Lesson Pack (Jiali Khee.),lesson,lesson,10 lesson,Jiali Khee,0.0,2024-11-13
100001667,2024-11-13,10 Practice Credits,practice,practice,10 practice,others,0.0,2024-11-13
100001668,2024-11-13,10 Lesson Pack (Paul Finch),lesson,lesson,10 lesson,Paul Finch,0.0,2024-11-13
100001668,2024-11-13,25 Practice Credits,practice,practice,25 practice,others,0.0,2024-11-13
100001669,2024-11-13,50 Practice Credits,practice,practice,50 practice,others,0.0,2024-11-13
100001669,2025-01-05,100 Practice Credits,practice,practice,100 practice,others,1417.0,2024-11-13
100001669,2025-04-29,Golfzon 9 Holes - 2 Pax,play,play,Golfzon,others,87.2,2024-11-13
100001670,2024-11-13,10 Lesson Pack (Paul Finch),lesson,lesson,10 lesson,Paul Finch,0.0,2024-11-13
100001670,2024-11-13,10 Practice Credits,practice,practice,10 practice,others,0.0,2024-11-13
100001670,2025-01-09,10 Practice Credits,practice,practice,10 practice,others,174.4,2024-11-13
100001670,2025-03-14,Golfzon 18 Holes - 1 Pax,play,play,Golfzon,others,109.0,2024-11-13
100001670,2025-05-22,10 Practice Credits,practice,practice,10 practice,others,174.4,2024-11-13
100001671,2024-11-13,10 Practice Credits,practice,practice,10 practice,others,0.0,2024-11-13
100001672,2024-11-13,10 Lesson Pack (Kim On You),lesson,lesson,10 lesson,Kim On You,0.0,2024-11-13
100001672,2024-11-13,25 Practice Credits,practice,practice,25 practice,others,0.0,2024-11-13
100001673,2024-11-13,20 Lesson Pack (Kim On You),lesson,lesson,20 lesson,Kim On You,0.0,2024-11-13
100001673,2024-11-13,25 Practice Credits,practice,practice,25 practice,others,0.0,2024-11-13
100001674,2024-12-27,10 Lesson Pack (Kim On You),lesson,lesson,10 lesson,Kim On You,0.0,2024-12-27
100001675,2024-11-13,25 Practice Credits,practice,practice,25 practice,others,0.0,2024-11-13
100001676,2024-11-13,10 Lesson Pack (Joey Poh.),lesson,lesson,10 lesson,Joey Poh,0.0,2024-11-13
100001676,2024-11-13,10 Practice Credits,practice,practice,10 practice,others,0.0,2024-11-13
100001676,2025-05-24,60 Mins Practise,practice,practice,60 mins practice,others,43.6,2024-11-13
100001676,2025-08-02,30 Mins Practice Credit,practice,practice,30 mins practice,others,21.8,2024-11-13
100001677,2024-11-13,10 Lesson Pack (Paul Finch),lesson,lesson,10 lesson,Paul Finch,0.0,2024-11-13
100001677,2024-11-13,10 Practice Credits,practice,practice,10 practice,others,0.0,2024-11-13
100001678,2024-11-13,10 Lesson Pack  (Johnson Poh),lesson,lesson,10 lesson,Johnson Poh,0.0,2024-11-13
100001678,2024-11-13,50 Practice Credits,practice,practice,50 practice,others,0.0,2024-11-13
100001679,2024-11-13,10 Lesson Pack  (Johnson Poh),lesson,lesson,10 lesson,Johnson Poh,0.0,2024-11-13
100001679,2024-11-13,10 Practice Credits,practice,practice,10 practice,others,0.0,2024-11-13
100001680,2024-11-20,25 Practice Credits,practice,practice,25 practice,others,0.0,2024-11-20
100001681,2024-11-13,100 Practice Credits,practice,practice,100 practice,others,0.0,2024-11-13
100001681,2024-11-13,20 Lesson Pack (Johnson Poh),lesson,lesson,20 lesson,Johnson Poh,0.0,2024-11-13
100001682,2024-11-13,10 Practice Credits,practice,practice,10 practice,others,0.0,2024-11-13
100001683,2024-11-13,25 Practice Credits,practice,practice,25 practice,others,0.0,2024-11-13
100001683,2025-08-11,60 Mins Practise,practice,practice,60 mins practice,others,43.6,2024-11-13
100001684,2024-11-13,10 Practice Credits,practice,practice,10 practice,others,0.0,2024-11-13
100001685,2024-11-13,20 Lesson Pack (Johnson Poh),lesson,lesson,20 lesson,Johnson Poh,0.0,2024-11-13
100001685,2024-11-13,25 Practice Credits,practice,practice,25 practice,others,0.0,2024-11-13
100001686,2024-11-13,50 Practice Credits,practice,practice,50 practice,others,0.0,2024-11-13
100001687,2024-11-13,25 Practice Credits,practice,practice,25 practice,others,0.0,2024-11-13
100001688,2024-11-13,10 Practice Credits,practice,practice,10 practice,others,0.0,2024-11-13
100001689,2024-11-13,10 Practice Credits,practice,practice,10 practice,others,0.0,2024-11-13
100001690,2024-11-13,10 Practice Credits,practice,practice,10 practice,others,0.0,2024-11-13
100001690,2025-03-09,10 Practice Credits,practice,practice,10 practice,others,174.4,2024-11-13
100001691,2024-11-13,25 Practice Credits,practice,practice,25 practice,others,0.0,2024-11-13
100001692,2024-11-13,10 Lesson Pack (Paul Finch),lesson,lesson,10 lesson,Paul Finch,0.0,2024-11-13
100001692,2024-11-13,25 Practice Credits,practice,practice,25 practice,others,0.0,2024-11-13
100001693,2024-11-13,10 Practice Credits,practice,practice,10 practice,others,0.0,2024-11-13
100001694,2024-11-13,10 Lesson Pack  (Johnson Poh),lesson,lesson,10 lesson,Johnson Poh,0.0,2024-11-13
100001694,2024-11-13,25 Practice Credits,practice,practice,25 practice,others,0.0,2024-11-13
100001695,2024-11-13,10 Practice Credits,practice,practice,10 practice,others,0.0,2024-11-13
100001695,2025-01-02,10 Practice Credits,practice,practice,10 practice,others,174.4,2024-11-13
100001695,2025-01-13,10 Practice Credits,practice,practice,10 practice,others,174.4,2024-11-13
100001695,2025-03-01,10 Practice Credits,practice,practice,10 practice,others,174.4,2024-11-13
100001695,2025-04-01,10 Practice Credits,practice,practice,10 practice,others,174.4,2024-11-13
100001695,2025-04-24,10 Practice Credits,practice,practice,10 practice,others,174.4,2024-11-13
100001695,2025-05-21,10 Practice Credits,practice,practice,10 practice,others,174.4,2024-11-13
100001695,2025-06-11,10 Practice Credits,practice,practice,10 practice,others,174.4,2024-11-13
100001695,2025-07-03,10 Practice Credits,practice,practice,10 practice,others,174.4,2024-11-13
100001696,2024-11-13,25 Practice Credits,practice,practice,25 practice,others,0.0,2024-11-13
100001697,2024-11-13,10 Practice Credits,practice,practice,10 practice,others,0.0,2024-11-13
100001697,2025-05-13,10 Practice Credits,practice,practice,10 practice,others,174.4,2024-11-13
100001698,2024-11-13,10 Practice Credits,practice,practice,10 practice,others,0.0,2024-11-13
100001699,2024-11-13,10 Lesson Pack  (Johnson Poh),lesson,lesson,10 lesson,Johnson Poh,0.0,2024-11-13
100001699,2024-11-13,10 Practice Credits,practice,practice,10 practice,others,0.0,2024-11-13
100001700,2024-11-13,10 Practice Credits,practice,practice,10 practice,others,0.0,2024-11-13
100001700,2025-03-14,10 Practice Credits,practice,practice,10 practice,others,174.4,2024-11-13
100001701,2024-11-13,10 Lesson Pack (Joey Poh.),lesson,lesson,10 lesson,Joey Poh,0.0,2024-11-13
100001701,2024-11-13,25 Practice Credits,practice,practice,25 practice,others,0.0,2024-11-13
100001702,2024-11-13,10 Practice Credits,practice,practice,10 practice,others,0.0,2024-11-13
100001702,2025-08-10,10 Practice Credits,practice,practice,10 practice,others,174.4,2024-11-13
100001703,2024-11-13,10 Practice Credits,practice,practice,10 practice,others,0.0,2024-11-13
100001704,2024-11-13,10 Practice Credits,practice,practice,10 practice,others,0.0,2024-11-13
100001704,2025-05-11,10 Practice Credits,practice,practice,10 practice,others,174.4,2024-11-13
100001705,2024-11-13,10 Lesson Pack  (Johnson Poh),lesson,lesson,10 lesson,Johnson Poh,0.0,2024-11-13
100001705,2024-11-13,25 Practice Credits,practice,practice,25 practice,others,0.0,2024-11-13
100001706,2024-11-13,10 Lesson Pack (Kim On You),lesson,lesson,10 lesson,Kim On You,0.0,2024-11-13
100001707,2024-11-13,10 Lesson Pack (Kim On You),lesson,lesson,10 lesson,Kim On You,0.0,2024-11-13
100001707,2024-11-13,25 Practice Credits,practice,practice,25 practice,others,0.0,2024-11-13
100001707,2025-03-22,10 Practice Credits,practice,practice,10 practice,others,174.4,2024-11-13
100001708,2024-11-13,10 Practice Credits,practice,practice,10 practice,others,0.0,2024-11-13
100001708,2025-01-11,10 Practice Credits,practice,practice,10 practice,others,174.4,2024-11-13
100001709,2024-11-13,10 Practice Credits,practice,practice,10 practice,others,0.0,2024-11-13
100001710,2024-11-13,100 Practice Credits,practice,practice,100 practice,others,0.0,2024-11-13
100001711,2024-11-13,10 Practice Credits,practice,practice,10 practice,others,0.0,2024-11-13
100001712,2024-11-13,10 Lesson Pack (Joey Poh.),lesson,lesson,10 lesson,Joey Poh,0.0,2024-11-13
100001712,2024-11-13,10 Practice Credits,practice,practice,10 practice,others,0.0,2024-11-13
100001713,2024-11-13,10 Practice Credits,practice,practice,10 practice,others,0.0,2024-11-13
100001714,2024-11-13,20 Lesson Pack (Jiali Khee.),lesson,lesson,20 lesson,Jiali Khee,0.0,2024-11-13
100001714,2024-11-13,25 Practice Credits,practice,practice,25 practice,others,0.0,2024-11-13
100001715,2024-11-13,10 Lesson Pack (Kim On You),lesson,lesson,10 lesson,Kim On You,0.0,2024-11-13
100001715,2024-11-13,25 Practice Credits,practice,practice,25 practice,others,0.0,2024-11-13
100001715,2025-01-06,10 Lesson Pack (Kim On You),lesson,lesson,10 lesson,Kim On You,981.0,2024-11-13
100001715,2025-01-06,10 Practice Credits,practice,practice,10 practice,others,156.96,2024-11-13
100001716,2024-11-13,10 Practice Credits,practice,practice,10 practice,others,0.0,2024-11-13
100001716,2025-06-03,60 Mins Practise,practice,practice,60 mins practice,others,87.2,2024-11-13
100001717,2024-11-13,25 Practice Credits,practice,practice,25 practice,others,0.0,2024-11-13
100001718,2024-11-13,20 Lesson Pack (Jasper Park),lesson,lesson,20 lesson,Jasper Park,0.0,2024-11-13
100001718,2024-11-13,25 Practice Credits,practice,practice,25 practice,others,0.0,2024-11-13
100001718,2025-07-29,30 Mins Practice Credit,practice,practice,30 mins practice,others,21.8,2024-11-13
100001719,2024-11-13,10 Lesson Pack  (Johnson Poh),lesson,lesson,10 lesson,Johnson Poh,0.0,2024-11-13
100001720,2024-11-13,10 Practice Credits,practice,practice,10 practice,others,0.0,2024-11-13
100001721,2024-11-13,100 Practice Credits,practice,practice,100 practice,others,0.0,2024-11-13
100001721,2025-06-15,100 Practice Credits,practice,practice,100 practice,others,1417.0,2024-11-13
100001722,2024-11-13,10 Practice Credits,practice,practice,10 practice,others,0.0,2024-11-13
100001722,2025-05-20,30 Mins Practice Credit,practice,practice,30 mins practice,others,21.8,2024-11-13
100001723,2024-11-13,10 Practice Credits,practice,practice,10 practice,others,0.0,2024-11-13
100001723,2025-01-22,10 Practice Credits,practice,practice,10 practice,others,174.4,2024-11-13
100001723,2025-03-21,10 Practice Credits,practice,practice,10 practice,others,174.4,2024-11-13
100001723,2025-07-31,10 Practice Credits,practice,practice,10 practice,others,174.4,2024-11-13
100001724,2024-11-13,10 Lesson Pack  (Johnson Poh),lesson,lesson,10 lesson,Johnson Poh,0.0,2024-11-13
100001724,2024-11-13,10 Practice Credits,practice,practice,10 practice,others,0.0,2024-11-13
100001725,2024-11-13,10 Practice Credits,practice,practice,10 practice,others,0.0,2024-11-13
100001726,2024-11-13,10 Practice Credits,practice,practice,10 practice,others,0.0,2024-11-13
100001726,2024-12-13,10 Practice Credits,practice,practice,10 practice,others,0.0,2024-11-13
100001726,2025-04-27,10 Practice Credits,practice,practice,10 practice,others,174.4,2024-11-13
100001728,2024-11-13,10 Practice Credits,practice,practice,10 practice,others,0.0,2024-11-13
100001728,2025-03-28,Trial Lesson W/ Jiali Khee,trial,trial,Trial lesson,Jiali Khee,119.9,2024-11-13
100001728,2025-03-31,10 Lesson Pack (Jiali Khee.),lesson,lesson,10 lesson,Jiali Khee,981.0,2024-11-13
100001728,2025-03-31,25 Practice Credits,practice,practice,25 practice,others,367.87,2024-11-13
100001729,2024-11-13,20 Lesson Pack (Paul Finch),lesson,lesson,20 lesson,Paul Finch,0.0,2024-11-13
100001729,2024-11-13,25 Practice Credits,practice,practice,25 practice,others,0.0,2024-11-13
100001729,2025-02-21,20 Lesson Pack (Paul Finch),lesson,lesson,20 lesson,Paul Finch,1853.0,2024-11-13
100001729,2025-02-21,25 Practice Credits,practice,practice,25 practice,others,347.44,2024-11-13
100001730,2024-11-13,10 Practice Credits,practice,practice,10 practice,others,0.0,2024-11-13
100001731,2024-11-13,10 Practice Credits,practice,practice,10 practice,others,0.0,2024-11-13
100001731,2025-01-07,10 Practice Credits,practice,practice,10 practice,others,174.4,2024-11-13
100001731,2025-01-30,10 Practice Credits,practice,practice,10 practice,others,174.4,2024-11-13
100001731,2025-03-12,10 Practice Credits,practice,practice,10 practice,others,174.4,2024-11-13
100001732,2024-11-13,20 Lesson Pack  (Joey Poh),lesson,lesson,20 lesson,Joey Poh,0.0,2024-11-13
100001733,2024-11-13,10 Practice Credits,practice,practice,10 practice,others,0.0,2024-11-13
100001734,2024-11-13,50 Practice Credits,practice,practice,50 practice,others,0.0,2024-11-13
100001734,2025-04-14,Trial Lesson W/ Desmond Tan,trial,trial,Trial lesson,Desmond Tan,59.95,2024-11-13
100001735,2024-11-13,25 Practice Credits,practice,practice,25 practice,others,0.0,2024-11-13
100001736,2024-11-13,10 Lesson Pack  (Johnson Poh),lesson,lesson,10 lesson,Johnson Poh,0.0,2024-11-13
100001736,2024-12-08,10 Lesson Pack  (Johnson Poh),lesson,lesson,10 lesson,Johnson Poh,0.0,2024-11-13
100001736,2025-02-11,30 Mins Practice Credit,practice,practice,30 mins practice,others,21.8,2024-11-13
100001737,2024-11-13,25 Practice Credits,practice,practice,25 practice,others,0.0,2024-11-13
100001738,2024-11-13,10 Practice Credits,practice,practice,10 practice,others,0.0,2024-11-13
100001738,2025-02-08,10 Practice Credits,practice,practice,10 practice,others,174.4,2024-11-13
100001738,2025-03-14,10 Lesson Pack  (Johnson Poh),lesson,lesson,10 lesson,Johnson Poh,981.0,2024-11-13
100001739,2024-11-13,10 Practice Credits,practice,practice,10 practice,others,0.0,2024-11-13
100001739,2024-12-28,Trial Lesson W/ Kim On You,trial,trial,Trial lesson,Kim On You,0.0,2024-11-13
100001740,2024-11-13,10 Practice Credits,practice,practice,10 practice,others,0.0,2024-11-13
100001741,2024-11-13,10 Lesson Pack (Jiali Khee.),lesson,lesson,10 lesson,Jiali Khee,0.0,2024-11-13
100001741,2024-11-13,25 Practice Credits,practice,practice,25 practice,others,0.0,2024-11-13
100001743,2024-11-13,25 Practice Credits,practice,practice,25 practice,others,0.0,2024-11-13
100001745,2024-12-07,5 Semi Private (1:2 Lesson) w/ Paul Finch,lesson,lesson,5 group lesson,Paul Finch,0.0,2024-12-07
100001746,2024-11-13,10 Practice Credits,practice,practice,10 practice,others,0.0,2024-11-13
100001747,2024-11-13,10 Practice Credits,practice,practice,10 practice,others,0.0,2024-11-13
100001747,2025-01-24,10 Practice Credits,practice,practice,10 practice,others,174.4,2024-11-13
100001748,2024-11-13,10 Lesson Pack  (Johnson Poh),lesson,lesson,10 lesson,Johnson Poh,0.0,2024-11-13
100001748,2024-11-13,25 Practice Credits,practice,practice,25 practice,others,0.0,2024-11-13
100001748,2025-03-13,10 Lesson Pack  (Johnson Poh),lesson,lesson,10 lesson,Johnson Poh,981.0,2024-11-13
100001749,2024-11-13,10 Lesson Pack (Jiali Khee.),lesson,lesson,10 lesson,Jiali Khee,0.0,2024-11-13
100001749,2024-11-13,10 Practice Credits,practice,practice,10 practice,others,0.0,2024-11-13
100001750,2024-11-13,20 Lesson Pack (Jiali Khee.),lesson,lesson,20 lesson,Jiali Khee,0.0,2024-11-13
100001750,2024-12-23,10 Lesson Pack (Jiali Khee.),lesson,lesson,10 lesson,Jiali Khee,0.0,2024-11-13
100001750,2024-12-23,50 Practice Credits,practice,practice,50 practice,others,0.0,2024-11-13
100001750,2025-03-28,Golfzon 18 Holes - 2 Pax,play,play,Golfzon,others,130.8,2024-11-13
100001750,2025-05-06,Golfzon 9 Holes - 2 Pax,play,play,Golfzon,others,87.2,2024-11-13
100001750,2025-06-25,Golfzon 9 Holes - 2 Pax,play,play,Golfzon,others,43.6,2024-11-13
100001751,2024-11-13,10 Practice Credits,practice,practice,10 practice,others,0.0,2024-11-13
100001751,2025-02-04,Golfzon 9 Holes - 2 Pax,play,play,Golfzon,others,87.2,2024-11-13
100001751,2025-02-13,10 Practice Credits,practice,practice,10 practice,others,174.4,2024-11-13
100001752,2024-11-13,10 Lesson Pack (Paul Finch),lesson,lesson,10 lesson,Paul Finch,0.0,2024-11-13
100001752,2024-11-13,25 Practice Credits,practice,practice,25 practice,others,0.0,2024-11-13
100001752,2025-03-08,Golfzon 9 Holes - 2 Pax,play,play,Golfzon,others,87.2,2024-11-13
100001752,2025-04-05,Golfzon 9 Holes - 2 Pax,play,play,Golfzon,others,87.2,2024-11-13
100001754,2024-11-13,20 Lesson Pack  (Joey Poh),lesson,lesson,20 lesson,Joey Poh,0.0,2024-11-13
100001754,2024-11-13,25 Practice Credits,practice,practice,25 practice,others,0.0,2024-11-13
100001754,2025-02-18,Trial Lesson W/ Kim On You,trial,trial,Trial lesson,Kim On You,119.9,2024-11-13
100001754,2025-02-20,20 Lesson Pack (Kim On You),lesson,lesson,20 lesson,Kim On You,1853.0,2024-11-13
100001754,2025-02-20,25 Practice Credits,practice,practice,25 practice,others,347.44,2024-11-13
100001755,2024-11-13,10 Lesson Pack (Jasper  Park),lesson,lesson,10 lesson,Jasper Park,0.0,2024-11-13
100001755,2024-11-13,10 Practice Credits,practice,practice,10 practice,others,0.0,2024-11-13
100001755,2025-01-12,10 Practice Credits,practice,practice,10 practice,others,174.4,2024-11-13
100001757,2024-11-13,10 Practice Credits,practice,practice,10 practice,others,0.0,2024-11-13
100001758,2024-11-13,10 Practice Credits,practice,practice,10 practice,others,0.0,2024-11-13
100001759,2024-11-13,25 Practice Credits,practice,practice,25 practice,others,0.0,2024-11-13
100001760,2024-11-13,20 Lesson Pack (Jiali Khee.),lesson,lesson,20 lesson,Jiali Khee,0.0,2024-11-13
100001760,2024-11-13,25 Practice Credits,practice,practice,25 practice,others,0.0,2024-11-13
100001760,2025-02-14,10 Practice Credits,practice,practice,10 practice,others,174.4,2024-11-13
100001760,2025-05-28,20 Lesson Pack (Jiali Khee.),lesson,lesson,20 lesson,Jiali Khee,1853.0,2024-11-13
100001760,2025-05-28,25 Practice Credits,practice,practice,25 practice,others,347.44,2024-11-13
100001761,2024-11-13,25 Practice Credits,practice,practice,25 practice,others,0.0,2024-11-13
100001762,2024-11-13,10 Practice Credits,practice,practice,10 practice,others,0.0,2024-11-13
100001762,2025-07-17,30 Mins Practice Credit,practice,practice,30 mins practice,others,43.6,2024-11-13
100001763,2024-11-13,10 Practice Credits,practice,practice,10 practice,others,0.0,2024-11-13
100001763,2025-03-04,10 Practice Credits,practice,practice,10 practice,others,174.4,2024-11-13
100001764,2024-11-13,20 Lesson Pack  (Joey Poh),lesson,lesson,20 lesson,Joey Poh,0.0,2024-11-13
100001764,2024-11-13,25 Practice Credits,practice,practice,25 practice,others,0.0,2024-11-13
100001765,2024-11-13,10 Lesson Pack (Jasper  Park),lesson,lesson,10 lesson,Jasper Park,0.0,2024-11-13
100001765,2024-11-13,25 Practice Credits,practice,practice,25 practice,others,0.0,2024-11-13
100001766,2024-11-13,10 Lesson Pack (Jasper  Park),lesson,lesson,10 lesson,Jasper Park,0.0,2024-11-13
100001766,2024-11-20,10 Practice Credits,practice,practice,10 practice,others,0.0,2024-11-13
100001766,2024-12-13,10 Practice Credits,practice,practice,10 practice,others,0.0,2024-11-13
100001766,2025-08-22,10 Practice Credits,practice,practice,10 practice,others,174.4,2024-11-13
100001767,2024-11-13,10 Practice Credits,practice,practice,10 practice,others,0.0,2024-11-13
100001768,2024-11-13,25 Practice Credits,practice,practice,25 practice,others,0.0,2024-11-13
100001768,2025-03-12,10 Practice Credits,practice,practice,10 practice,others,174.4,2024-11-13
100001769,2024-11-13,10 Practice Credits,practice,practice,10 practice,others,0.0,2024-11-13
100001769,2025-03-13,10 Practice Credits,practice,practice,10 practice,others,174.4,2024-11-13
100001770,2024-11-13,10 Practice Credits,practice,practice,10 practice,others,0.0,2024-11-13
100001771,2024-11-13,100 Practice Credits,practice,practice,100 practice,others,0.0,2024-11-13
100001771,2025-02-13,10 Lesson Pack (Jasper  Park),lesson,lesson,10 lesson,Jasper Park,0.0,2024-11-13
100001771,2025-02-13,Trial Lesson w/ Jasper,trial,trial,Trial lesson,Jasper Park,119.9,2024-11-13
100001771,2025-03-22,100 Practice Credits,practice,practice,100 practice,others,1417.0,2024-11-13
100001771,2025-07-24,10 Lesson Pack (Jasper  Park),lesson,lesson,10 lesson,Jasper Park,981.0,2024-11-13
100001771,2025-07-24,100 Practice Credits,practice,practice,100 practice,others,1275.3,2024-11-13
100001772,2024-11-13,10 Practice Credits,practice,practice,10 practice,others,0.0,2024-11-13
100001773,2024-11-13,10 Lesson Pack (Jasper  Park),lesson,lesson,10 lesson,Jasper Park,0.0,2024-11-13
100001773,2024-11-13,25 Practice Credits,practice,practice,25 practice,others,0.0,2024-11-13
100001774,2024-11-13,10 Lesson Pack (Jasper  Park),lesson,lesson,10 lesson,Jasper Park,0.0,2024-11-13
100001774,2024-11-13,50 Practice Credits,practice,practice,50 practice,others,0.0,2024-11-13
100001776,2024-11-13,25 Practice Credits,practice,practice,25 practice,others,0.0,2024-11-13
100001777,2024-11-13,10 Practice Credits,practice,practice,10 practice,others,0.0,2024-11-13
100001778,2024-11-13,50 Practice Credits,practice,practice,50 practice,others,0.0,2024-11-13
100001779,2024-11-13,10 Practice Credits,practice,practice,10 practice,others,0.0,2024-11-13
100001780,2024-11-13,10 Practice Credits,practice,practice,10 practice,others,0.0,2024-11-13
100001780,2025-07-06,10 Practice Credits,practice,practice,10 practice,others,174.4,2024-11-13
100001781,2024-11-13,10 Practice Credits,practice,practice,10 practice,others,0.0,2024-11-13
100001781,2025-01-31,10 Practice Credits,practice,practice,10 practice,others,174.4,2024-11-13
100001781,2025-04-12,10 Practice Credits,practice,practice,10 practice,others,174.4,2024-11-13
100001781,2025-05-31,10 Practice Credits,practice,practice,10 practice,others,174.4,2024-11-13
100001781,2025-08-14,10 Practice Credits,practice,practice,10 practice,others,174.4,2024-11-13
100001782,2024-11-13,10 Lesson Pack  (Johnson Poh),lesson,lesson,10 lesson,Johnson Poh,0.0,2024-11-13
100001782,2024-12-02,10 Practice Credits,practice,practice,10 practice,others,0.0,2024-11-13
100001782,2025-01-20,10 Practice Credits,practice,practice,10 practice,others,174.4,2024-11-13
100001783,2024-11-13,10 Practice Credits,practice,practice,10 practice,others,0.0,2024-11-13
100001784,2024-11-13,10 Practice Credits,practice,practice,10 practice,others,0.0,2024-11-13
100001785,2024-11-13,10 Lesson Pack (Jasper  Park),lesson,lesson,10 lesson,Jasper Park,0.0,2024-11-13
100001785,2024-11-13,10 Practice Credits,practice,practice,10 practice,others,0.0,2024-11-13
100001786,2024-11-13,10 Practice Credits,practice,practice,10 practice,others,0.0,2024-11-13
100001786,2025-02-26,10 Practice Credits,practice,practice,10 practice,others,174.4,2024-11-13
100001786,2025-08-03,10 Practice Credits,practice,practice,10 practice,others,174.4,2024-11-13
100001787,2024-11-13,10 Practice Credits,practice,practice,10 practice,others,0.0,2024-11-13
100001788,2024-11-13,10 Practice Credits,practice,practice,10 practice,others,0.0,2024-11-13
100001788,2025-06-21,10 Practice Credits,practice,practice,10 practice,others,174.4,2024-11-13
100001789,2024-11-13,10 Practice Credits,practice,practice,10 practice,others,0.0,2024-11-13
100001789,2025-05-12,Trial Lesson W/ Paul F,trial,trial,Trial lesson,Paul Finch,119.9,2024-11-13
100001789,2025-05-14,30 Mins 1:1 Lesson W/ Paul Finch,lesson,lesson,30 mins lesson,Paul Finch,119.9,2024-11-13
100001789,2025-05-16,30 Mins 1:1 Lesson W/ Paul Finch,lesson,lesson,30 mins lesson,Paul Finch,119.9,2024-11-13
100001790,2024-11-13,100 Practice Credits,practice,practice,100 practice,others,0.0,2024-11-13
100001790,2024-11-13,20 Lesson Pack (Jasper Park),lesson,lesson,20 lesson,Jasper Park,0.0,2024-11-13
100001791,2024-11-13,50 Practice Credits,practice,practice,50 practice,others,0.0,2024-11-13
100001792,2024-11-13,10 Practice Credits,practice,practice,10 practice,others,0.0,2024-11-13
100001793,2024-11-13,10 Practice Credits,practice,practice,10 practice,others,0.0,2024-11-13
100001793,2025-03-17,30 Mins Practice Credit,practice,practice,30 mins practice,others,21.8,2024-11-13
100001794,2024-11-13,50 Practice Credits,practice,practice,50 practice,others,0.0,2024-11-13
100001794,2025-05-10,25 Practice Credits,practice,practice,25 practice,others,408.75,2024-11-13
100001795,2024-11-13,10 Lesson Pack (Joey Poh.),lesson,lesson,10 lesson,Joey Poh,0.0,2024-11-13
100001795,2024-11-13,10 Practice Credits,practice,practice,10 practice,others,0.0,2024-11-13
100001796,2024-11-13,10 Practice Credits,practice,practice,10 practice,others,0.0,2024-11-13
100001796,2025-05-04,30 Mins Practice Credit,practice,practice,30 mins practice,others,21.8,2024-11-13
100001796,2025-05-10,60 Mins Practise,practice,practice,60 mins practice,others,43.6,2024-11-13
100001796,2025-05-17,60 Mins Practise,practice,practice,60 mins practice,others,43.6,2024-11-13
100001797,2024-11-13,10 Practice Credits,practice,practice,10 practice,others,0.0,2024-11-13
100001797,2025-04-02,25 Practice Credits,practice,practice,25 practice,others,408.75,2024-11-13
100001798,2024-11-13,10 Practice Credits,practice,practice,10 practice,others,0.0,2024-11-13
100001798,2025-07-25,10 Practice Credits,practice,practice,10 practice,others,174.4,2024-11-13
100001799,2024-10-22,50 Lesson Pack  (Johnson Poh),lesson,lesson,50 lesson,Johnson Poh,0.0,2024-10-22
100001799,2024-11-13,10 Practice Credits,practice,practice,10 practice,others,0.0,2024-10-22
100001800,2024-11-13,25 Practice Credits,practice,practice,25 practice,others,0.0,2024-11-13
100001802,2024-11-13,10 Practice Credits,practice,practice,10 practice,others,0.0,2024-11-13
100001802,2025-05-21,30 Mins Practice Credit,practice,practice,30 mins practice,others,21.8,2024-11-13
100001803,2024-11-13,10 Practice Credits,practice,practice,10 practice,others,0.0,2024-11-13
100001803,2024-12-07,10 Lesson Pack (Joey Poh.),lesson,lesson,10 lesson,Joey Poh,0.0,2024-11-13
100001803,2025-03-10,10 Lesson Pack (Joey Poh.),lesson,lesson,10 lesson,Joey Poh,981.0,2024-11-13
100001804,2024-11-13,10 Practice Credits,practice,practice,10 practice,others,0.0,2024-11-13
100001805,2024-11-13,10 Lesson Pack (Kim On You),lesson,lesson,10 lesson,Kim On You,0.0,2024-11-13
100001805,2024-11-13,25 Practice Credits,practice,practice,25 practice,others,0.0,2024-11-13
100001806,2024-11-13,10 Practice Credits,practice,practice,10 practice,others,0.0,2024-11-13
100001807,2024-11-13,10 Lesson Pack (Paul Finch),lesson,lesson,10 lesson,Paul Finch,0.0,2024-11-13
100001807,2024-11-13,25 Practice Credits,practice,practice,25 practice,others,0.0,2024-11-13
100001808,2025-01-15,10 Lesson Pack (Jasper  Park),lesson,lesson,10 lesson,Jasper Park,0.0,2025-01-15
100001808,2025-01-20,10 Practice Credits,practice,practice,10 practice,others,0.0,2025-01-15
100001809,2024-11-13,10 Practice Credits,practice,practice,10 practice,others,0.0,2024-11-13
100001810,2024-11-13,10 Practice Credits,practice,practice,10 practice,others,0.0,2024-11-13
100001810,2025-07-11,60 Mins Practise,practice,practice,60 mins practice,others,43.6,2024-11-13
100001811,2024-11-13,10 Practice Credits,practice,practice,10 practice,others,0.0,2024-11-13
100001811,2025-05-10,10 Practice Credits,practice,practice,10 practice,others,174.4,2024-11-13
100001811,2025-06-13,30 Mins Practice Credit,practice,practice,30 mins practice,others,21.8,2024-11-13
100001812,2024-11-13,25 Practice Credits,practice,practice,25 practice,others,0.0,2024-11-13
100001813,2024-11-13,10 Lesson Pack (Jasper  Park),lesson,lesson,10 lesson,Jasper Park,0.0,2024-11-13
100001813,2024-11-13,10 Practice Credits,practice,practice,10 practice,others,0.0,2024-11-13
100001814,2024-11-13,10 Practice Credits,practice,practice,10 practice,others,0.0,2024-11-13
100001815,2024-11-13,10 Lesson Pack  (Johnson Poh),lesson,lesson,10 lesson,Johnson Poh,0.0,2024-11-13
100001815,2024-11-13,10 Practice Credits,practice,practice,10 practice,others,0.0,2024-11-13
100001816,2024-11-13,10 Practice Credits,practice,practice,10 practice,others,0.0,2024-11-13
100001816,2024-12-29,25 Practice Credits,practice,practice,25 practice,others,0.0,2024-11-13
100001816,2025-04-28,25 Practice Credits,practice,practice,25 practice,others,408.75,2024-11-13
100001816,2025-08-05,25 Practice Credits,practice,practice,25 practice,others,408.75,2024-11-13
100001817,2024-11-13,10 Practice Credits,practice,practice,10 practice,others,0.0,2024-11-13
100001819,2024-11-13,25 Practice Credits,practice,practice,25 practice,others,0.0,2024-11-13
100001819,2025-02-11,60 Mins Practise,practice,practice,60 mins practice,others,43.6,2024-11-13
100001819,2025-03-11,60 Mins Practise,practice,practice,60 mins practice,others,43.6,2024-11-13
100001820,2024-11-13,10 Practice Credits,practice,practice,10 practice,others,0.0,2024-11-13
100001820,2024-12-26,10 Practice Credits,practice,practice,10 practice,others,0.0,2024-11-13
100001820,2025-03-14,10 Practice Credits,practice,practice,10 practice,others,174.4,2024-11-13
100001821,2024-11-13,20 Lesson Pack (Kim On You),lesson,lesson,20 lesson,Kim On You,0.0,2024-11-13
100001821,2024-11-13,25 Practice Credits,practice,practice,25 practice,others,0.0,2024-11-13
100001821,2025-04-25,20 Lesson Pack (Kim On You),lesson,lesson,20 lesson,Kim On You,1853.0,2024-11-13
100001821,2025-04-30,50 Practice Credits,practice,practice,50 practice,others,648.55,2024-11-13
100001822,2024-11-13,25 Practice Credits,practice,practice,25 practice,others,0.0,2024-11-13
100001823,2024-11-13,25 Practice Credits,practice,practice,25 practice,others,0.0,2024-11-13
100001824,2024-11-13,50 Practice Credits,practice,practice,50 practice,others,0.0,2024-11-13
100001825,2024-11-13,50 Practice Credits,practice,practice,50 practice,others,0.0,2024-11-13
100001826,2024-11-13,10 Practice Credits,practice,practice,10 practice,others,0.0,2024-11-13
100001826,2024-11-13,20 Lesson Pack (Johnson Poh),lesson,lesson,20 lesson,Johnson Poh,0.0,2024-11-13
100001826,2025-04-16,10 Lesson Pack  (Johnson Poh),lesson,lesson,10 lesson,Johnson Poh,981.0,2024-11-13
100001826,2025-04-16,25 Practice Credits,practice,practice,25 practice,others,367.87,2024-11-13
100001826,2025-07-13,10 Lesson Pack  (Johnson Poh),lesson,lesson,10 lesson,Johnson Poh,981.0,2024-11-13
100001826,2025-07-13,10 Practice Credits,practice,practice,10 practice,others,156.96,2024-11-13
100001827,2024-11-13,10 Practice Credits,practice,practice,10 practice,others,0.0,2024-11-13
100001827,2025-02-14,10 Practice Credits,practice,practice,10 practice,others,174.4,2024-11-13
100001827,2025-07-31,Trial Lesson W/ Johnson Poh,trial,trial,Trial lesson,Johnson Poh,119.9,2024-11-13
100001827,2025-08-06,10 Lesson Pack  (Johnson Poh),lesson,lesson,10 lesson,Johnson Poh,981.0,2024-11-13
100001827,2025-08-13,10 Practice Credits,practice,practice,10 practice,others,174.4,2024-11-13
100001828,2024-11-13,50 Practice Credits,practice,practice,50 practice,others,0.0,2024-11-13
100001829,2024-11-13,10 Lesson Pack (Kim On You),lesson,lesson,10 lesson,Kim On You,0.0,2024-11-13
100001829,2024-11-13,25 Practice Credits,practice,practice,25 practice,others,0.0,2024-11-13
100001830,2024-11-13,10 Practice Credits,practice,practice,10 practice,others,0.0,2024-11-13
100001831,2024-11-13,10 Lesson Pack (Joey Poh.),lesson,lesson,10 lesson,Joey Poh,0.0,2024-11-13
100001831,2024-11-13,25 Practice Credits,practice,practice,25 practice,others,0.0,2024-11-13
100001832,2024-11-13,25 Practice Credits,practice,practice,25 practice,others,0.0,2024-11-13
100001832,2025-01-21,100 Practice Credits,practice,practice,100 practice,others,1417.0,2024-11-13
100001833,2024-11-13,10 Practice Credits,practice,practice,10 practice,others,0.0,2024-11-13
100001833,2025-08-16,30 Mins Practice Credit,practice,practice,30 mins practice,others,21.8,2024-11-13
100001833,2025-08-19,10 Practice Credits,practice,practice,10 practice,others,174.4,2024-11-13
100001834,2024-11-13,10 Lesson Pack (Paul Finch),lesson,lesson,10 lesson,Paul Finch,0.0,2024-11-13
100001834,2024-11-13,10 Practice Credits,practice,practice,10 practice,others,0.0,2024-11-13
100001835,2024-11-13,100 Practice Credits,practice,practice,100 practice,others,0.0,2024-11-13
100001835,2024-11-13,20 Lesson Pack  (Joey Poh),lesson,lesson,20 lesson,Joey Poh,0.0,2024-11-13
100001836,2024-11-13,10 Practice Credits,practice,practice,10 practice,others,0.0,2024-11-13
100001837,2024-11-13,10 Lesson Pack  (Johnson Poh),lesson,lesson,10 lesson,Johnson Poh,0.0,2024-11-13
100001837,2024-11-13,25 Practice Credits,practice,practice,25 practice,others,0.0,2024-11-13
100001838,2024-11-13,10 Practice Credits,practice,practice,10 practice,others,0.0,2024-11-13
100001839,2024-11-13,10 Lesson Pack (Jasper  Park),lesson,lesson,10 lesson,Jasper Park,0.0,2024-11-13
100001839,2024-11-13,25 Practice Credits,practice,practice,25 practice,others,0.0,2024-11-13
100001840,2024-11-13,20 Lesson Pack (Johnson Poh),lesson,lesson,20 lesson,Johnson Poh,0.0,2024-11-13
100001840,2024-11-13,25 Practice Credits,practice,practice,25 practice,others,0.0,2024-11-13
100001840,2025-04-06,25 Practice Credits,practice,practice,25 practice,others,408.75,2024-11-13
100001840,2025-06-08,10 Practice Credits,practice,practice,10 practice,others,148.24,2024-11-13
100001840,2025-06-08,20 Lesson Pack (Johnson Poh),lesson,lesson,20 lesson,Johnson Poh,1853.0,2024-11-13
100001840,2025-08-22,25 Practice Credits,practice,practice,25 practice,others,408.75,2024-11-13
100001841,2024-11-13,10 Practice Credits,practice,practice,10 practice,others,0.0,2024-11-13
100001842,2024-11-13,10 Practice Credits,practice,practice,10 practice,others,0.0,2024-11-13
100001843,2024-11-13,10 Practice Credits,practice,practice,10 practice,others,0.0,2024-11-13
100001843,2025-02-02,10 Practice Credits,practice,practice,10 practice,others,174.4,2024-11-13
100001844,2024-11-13,10 Practice Credits,practice,practice,10 practice,others,0.0,2024-11-13
100001844,2025-04-02,10 Practice Credits,practice,practice,10 practice,others,174.4,2024-11-13
100001845,2024-11-13,10 Lesson Pack (Jasper  Park),lesson,lesson,10 lesson,Jasper Park,0.0,2024-11-13
100001845,2024-11-13,25 Practice Credits,practice,practice,25 practice,others,0.0,2024-11-13
100001846,2024-11-13,10 Practice Credits,practice,practice,10 practice,others,0.0,2024-11-13
100001847,2024-11-13,50 Practice Credits,practice,practice,50 practice,others,0.0,2024-11-13
100001848,2024-11-13,10 Practice Credits,practice,practice,10 practice,others,0.0,2024-11-13
100001849,2024-11-13,10 Lesson Pack (Joey Poh.),lesson,lesson,10 lesson,Joey Poh,0.0,2024-11-13
100001849,2024-11-13,10 Practice Credits,practice,practice,10 practice,others,0.0,2024-11-13
100001849,2024-12-07,10 Semi Private (1:2 Lesson) w/ Joey Poh,lesson,lesson,10 group lesson,Joey Poh,0.0,2024-11-13
100001849,2024-12-07,25 Practice Credits,practice,practice,25 practice,others,0.0,2024-11-13
100001850,2024-10-25,10 Lesson Pack (Paul Finch),lesson,lesson,10 lesson,Paul Finch,0.0,2024-10-25
100001850,2024-11-13,10 Practice Credits,practice,practice,10 practice,others,0.0,2024-10-25
100001850,2024-12-20,10 Lesson Pack (Jasper  Park),lesson,lesson,10 lesson,Jasper Park,0.0,2024-10-25
100001850,2024-12-20,10 Practice Credits,practice,practice,10 practice,others,0.0,2024-10-25
100001850,2025-04-26,10 Lesson Pack (Paul Finch),lesson,lesson,10 lesson,Paul Finch,981.0,2024-10-25
100001850,2025-04-26,25 Practice Credits,practice,practice,25 practice,others,374.64,2024-10-25
100001851,2024-11-13,10 Lesson Pack (Paul Finch),lesson,lesson,10 lesson,Paul Finch,0.0,2024-11-13
100001851,2024-11-13,25 Practice Credits,practice,practice,25 practice,others,0.0,2024-11-13
100001851,2025-08-10,10 Practice Credits,practice,practice,10 practice,others,174.4,2024-11-13
100001852,2024-11-13,10 Practice Credits,practice,practice,10 practice,others,0.0,2024-11-13
100001852,2025-02-28,30 Mins Practice Credit,practice,practice,30 mins practice,others,21.8,2024-11-13
100001852,2025-03-04,10 Practice Credits,practice,practice,10 practice,others,174.4,2024-11-13
100001852,2025-04-10,10 Practice Credits,practice,practice,10 practice,others,174.4,2024-11-13
100001852,2025-05-08,10 Practice Credits,practice,practice,10 practice,others,174.4,2024-11-13
100001852,2025-05-31,10 Practice Credits,practice,practice,10 practice,others,174.4,2024-11-13
100001852,2025-06-28,10 Practice Credits,practice,practice,10 practice,others,174.4,2024-11-13
100001852,2025-07-16,10 Practice Credits,practice,practice,10 practice,others,174.4,2024-11-13
100001853,2024-11-13,10 Practice Credits,practice,practice,10 practice,others,0.0,2024-11-13
100001854,2024-11-13,10 Practice Credits,practice,practice,10 practice,others,0.0,2024-11-13
100001855,2024-11-13,10 Practice Credits,practice,practice,10 practice,others,0.0,2024-11-13
100001856,2024-11-13,10 Practice Credits,practice,practice,10 practice,others,0.0,2024-11-13
100001856,2025-02-20,10 Practice Credits,practice,practice,10 practice,others,174.4,2024-11-13
100001856,2025-05-04,10 Practice Credits,practice,practice,10 practice,others,174.4,2024-11-13
100001857,2024-11-13,10 Lesson Pack (Joey Poh.),lesson,lesson,10 lesson,Joey Poh,0.0,2024-11-13
100001857,2024-11-13,25 Practice Credits,practice,practice,25 practice,others,0.0,2024-11-13
100001858,2024-11-13,25 Practice Credits,practice,practice,25 practice,others,0.0,2024-11-13
100001858,2025-06-26,25 Practice Credits,practice,practice,25 practice,others,408.75,2024-11-13
100001859,2024-11-13,10 Practice Credits,practice,practice,10 practice,others,0.0,2024-11-13
100001860,2024-11-13,10 Practice Credits,practice,practice,10 practice,others,0.0,2024-11-13
100001861,2024-11-13,25 Practice Credits,practice,practice,25 practice,others,0.0,2024-11-13
100001862,2024-11-13,10 Lesson Pack (Joey Poh.),lesson,lesson,10 lesson,Joey Poh,0.0,2024-11-13
100001862,2024-11-13,10 Practice Credits,practice,practice,10 practice,others,0.0,2024-11-13
100001863,2024-11-13,10 Lesson Pack (Kim On You),lesson,lesson,10 lesson,Kim On You,0.0,2024-11-13
100001863,2024-11-13,25 Practice Credits,practice,practice,25 practice,others,0.0,2024-11-13
100001864,2024-11-13,10 Lesson Pack (Jasper  Park),lesson,lesson,10 lesson,Jasper Park,0.0,2024-11-13
100001865,2024-12-27,10 Lesson Pack (Kim On You),lesson,lesson,10 lesson,Kim On You,0.0,2024-12-27
100001865,2025-01-08,10 Practice Credits,practice,practice,10 practice,others,0.0,2024-12-27
100001866,2024-11-13,10 Practice Credits,practice,practice,10 practice,others,0.0,2024-11-13
100001866,2025-03-04,10 Practice Credits,practice,practice,10 practice,others,174.4,2024-11-13
100001866,2025-05-12,10 Practice Credits,practice,practice,10 practice,others,174.4,2024-11-13
100001866,2025-06-02,10 Practice Credits,practice,practice,10 practice,others,174.4,2024-11-13
100001867,2024-11-13,10 Practice Credits,practice,practice,10 practice,others,0.0,2024-11-13
100001867,2025-06-04,10 Practice Credits,practice,practice,10 practice,others,174.4,2024-11-13
100001868,2024-11-13,10 Practice Credits,practice,practice,10 practice,others,0.0,2024-11-13
100001869,2024-11-13,25 Practice Credits,practice,practice,25 practice,others,0.0,2024-11-13
100001869,2025-01-12,10 Lesson Pack (Jasper  Park),lesson,lesson,10 lesson,Jasper Park,981.0,2024-11-13
100001869,2025-01-12,10 Practice Credits,practice,practice,10 practice,others,156.96,2024-11-13
100001869,2025-07-26,Golfzon 9 Holes - 3 Pax,play,play,Golfzon,others,130.8,2024-11-13
100001870,2024-11-13,25 Practice Credits,practice,practice,25 practice,others,0.0,2024-11-13
100001870,2025-04-11,60 Mins Practise,practice,practice,60 mins practice,others,43.6,2024-11-13
100001870,2025-07-18,30 Mins Practice Credit,practice,practice,30 mins practice,others,21.8,2024-11-13
100001871,2024-11-13,25 Practice Credits,practice,practice,25 practice,others,0.0,2024-11-13
100001872,2024-11-13,10 Lesson Pack (Paul Finch),lesson,lesson,10 lesson,Paul Finch,0.0,2024-11-13
100001872,2024-11-13,25 Practice Credits,practice,practice,25 practice,others,0.0,2024-11-13
100001872,2025-06-29,10 Practice Credits,practice,practice,10 practice,others,174.4,2024-11-13
100001873,2024-10-22,10 Practice Credits,practice,practice,10 practice,others,0.0,2024-10-22
100001873,2024-11-13,10 Practice Credits,practice,practice,10 practice,others,0.0,2024-10-22
100001874,2024-11-13,20 Lesson Pack (Johnson Poh),lesson,lesson,20 lesson,Johnson Poh,0.0,2024-11-13
100001874,2024-11-13,50 Practice Credits,practice,practice,50 practice,others,0.0,2024-11-13
100001874,2025-07-02,10 Lesson Pack  (Johnson Poh),lesson,lesson,10 lesson,Johnson Poh,981.0,2024-11-13
100001875,2024-11-13,10 Lesson Pack (Jasper  Park),lesson,lesson,10 lesson,Jasper Park,0.0,2024-11-13
100001875,2024-11-13,10 Practice Credits,practice,practice,10 practice,others,0.0,2024-11-13
100001876,2024-11-13,50 Practice Credits,practice,practice,50 practice,others,0.0,2024-11-13
100001876,2025-03-21,Golfzon 18 Holes - 2 Pax,play,play,Golfzon,others,130.8,2024-11-13
100001876,2025-03-21,Golfzon 9 Holes - 2 Pax,play,play,Golfzon,others,87.2,2024-11-13
100001876,2025-06-30,25 Practice Credits,practice,practice,25 practice,others,408.75,2024-11-13
100001877,2024-11-13,20 Lesson Pack (Paul Finch),lesson,lesson,20 lesson,Paul Finch,0.0,2024-11-13
100001877,2024-11-13,25 Practice Credits,practice,practice,25 practice,others,0.0,2024-11-13
100001877,2025-01-15,10 Practice Credits,practice,practice,10 practice,others,174.4,2024-11-13
100001877,2025-07-04,10 Practice Credits,practice,practice,10 practice,others,174.4,2024-11-13
100001878,2024-11-13,10 Practice Credits,practice,practice,10 practice,others,0.0,2024-11-13
100001878,2025-02-19,10 Lesson Pack (Jiali Khee.),lesson,lesson,10 lesson,Jiali Khee,981.0,2024-11-13
100001878,2025-02-19,25 Practice Credits,practice,practice,25 practice,others,367.87,2024-11-13
100001879,2024-11-13,10 Practice Credits,practice,practice,10 practice,others,0.0,2024-11-13
100001879,2024-12-07,25 Practice Credits,practice,practice,25 practice,others,0.0,2024-11-13
100001880,2024-11-13,10 Lesson Pack (Kim On You),lesson,lesson,10 lesson,Kim On You,0.0,2024-11-13
100001880,2024-11-13,25 Practice Credits,practice,practice,25 practice,others,0.0,2024-11-13
100001880,2025-03-22,10 Lesson Pack (Kim On You),lesson,lesson,10 lesson,Kim On You,981.0,2024-11-13
100001880,2025-03-22,25 Practice Credits,practice,practice,25 practice,others,367.87,2024-11-13
100001881,2024-11-13,10 Practice Credits,practice,practice,10 practice,others,0.0,2024-11-13
100001882,2024-11-13,10 Practice Credits,practice,practice,10 practice,others,0.0,2024-11-13
100001883,2024-11-13,25 Practice Credits,practice,practice,25 practice,others,0.0,2024-11-13
100001883,2025-03-21,10 Practice Credits,practice,practice,10 practice,others,174.4,2024-11-13
100001884,2024-11-13,10 Practice Credits,practice,practice,10 practice,others,0.0,2024-11-13
100001885,2024-11-13,10 Lesson Pack (Jasper  Park),lesson,lesson,10 lesson,Jasper Park,0.0,2024-11-13
100001885,2024-11-13,10 Practice Credits,practice,practice,10 practice,others,0.0,2024-11-13
100001885,2025-06-18,30 Mins Practice Credit,practice,practice,30 mins practice,others,21.8,2024-11-13
100001886,2024-11-13,10 Practice Credits,practice,practice,10 practice,others,0.0,2024-11-13
100001887,2024-11-13,10 Lesson Pack (Paul Finch),lesson,lesson,10 lesson,Paul Finch,0.0,2024-11-13
100001887,2024-11-13,25 Practice Credits,practice,practice,25 practice,others,0.0,2024-11-13
100001888,2024-11-13,10 Practice Credits,practice,practice,10 practice,others,0.0,2024-11-13
100001889,2024-11-13,20 Lesson Pack (Kim On You),lesson,lesson,20 lesson,Kim On You,0.0,2024-11-13
100001889,2024-11-13,50 Practice Credits,practice,practice,50 practice,others,0.0,2024-11-13
100001890,2024-11-13,10 Practice Credits,practice,practice,10 practice,others,0.0,2024-11-13
100001890,2025-01-04,10 Practice Credits,practice,practice,10 practice,others,174.4,2024-11-13
100001890,2025-04-18,10 Practice Credits,practice,practice,10 practice,others,174.4,2024-11-13
100001890,2025-07-13,10 Practice Credits,practice,practice,10 practice,others,174.4,2024-11-13
100001891,2024-11-13,10 Lesson Pack (Paul Finch),lesson,lesson,10 lesson,Paul Finch,0.0,2024-11-13
100001891,2024-11-13,10 Practice Credits,practice,practice,10 practice,others,0.0,2024-11-13
100001891,2025-02-16,30 Mins Practice Credit,practice,practice,30 mins practice,others,21.8,2024-11-13
100001891,2025-03-02,30 Mins Practice Credit,practice,practice,30 mins practice,others,21.8,2024-11-13
100001892,2024-11-13,10 Lesson Pack (Paul Finch),lesson,lesson,10 lesson,Paul Finch,0.0,2024-11-13
100001892,2024-11-13,50 Practice Credits,practice,practice,50 practice,others,0.0,2024-11-13
100001893,2024-11-13,10 Lesson Pack (Jiali Khee.),lesson,lesson,10 lesson,Jiali Khee,0.0,2024-11-13
100001894,2024-11-13,10 Practice Credits,practice,practice,10 practice,others,0.0,2024-11-13
100001894,2025-03-08,10 Practice Credits,practice,practice,10 practice,others,174.4,2024-11-13
100001894,2025-06-06,10 Practice Credits,practice,practice,10 practice,others,174.4,2024-11-13
100001894,2025-08-12,10 Practice Credits,practice,practice,10 practice,others,174.4,2024-11-13
100001895,2024-11-13,10 Practice Credits,practice,practice,10 practice,others,0.0,2024-11-13
100001895,2025-05-11,Golfzon 9 Holes - 2 Pax,play,play,Golfzon,others,87.2,2024-11-13
100001896,2024-11-13,25 Practice Credits,practice,practice,25 practice,others,0.0,2024-11-13
100001896,2025-06-08,25 Practice Credits,practice,practice,25 practice,others,408.75,2024-11-13
100001897,2024-11-13,10 Practice Credits,practice,practice,10 practice,others,0.0,2024-11-13
100001899,2024-11-15,10 Lesson Pack (Joey Poh.),lesson,lesson,10 lesson,Joey Poh,0.0,2024-11-15
100001899,2024-11-15,10 Practice Credits,practice,practice,10 practice,others,0.0,2024-11-15
100001899,2025-03-15,10 Lesson Pack (Joey Poh.),lesson,lesson,10 lesson,Joey Poh,981.0,2024-11-15
100001900,2024-11-15,20 Lesson Pack (Jiali Khee.),lesson,lesson,20 lesson,Jiali Khee,0.0,2024-11-15
100001900,2024-11-15,50 Practice Credits,practice,practice,50 practice,others,0.0,2024-11-15
100001901,2024-11-15,25 Practice Credits,practice,practice,25 practice,others,0.0,2024-11-15
100001901,2025-05-26,25 Practice Credits,practice,practice,25 practice,others,408.75,2024-11-15
100001901,2025-07-09,25 Practice Credits,practice,practice,25 practice,others,408.75,2024-11-15
100001902,2024-11-15,10 Practice Credits,practice,practice,10 practice,others,0.0,2024-11-15
100001902,2024-12-30,10 Practice Credits,practice,practice,10 practice,others,0.0,2024-11-15
100001902,2025-03-09,10 Practice Credits,practice,practice,10 practice,others,174.4,2024-11-15
100001902,2025-04-17,10 Practice Credits,practice,practice,10 practice,others,174.4,2024-11-15
100001902,2025-04-18,Trial Lesson W/ Son Gunwoo,trial,trial,Trial lesson,Son Gunwoo,59.95,2024-11-15
100001902,2025-05-02,Trial Lesson W/ Kim On You,trial,trial,Trial lesson,Kim On You,59.95,2024-11-15
100001902,2025-05-02,Trial Lesson W/ Son Gunwoo,trial,trial,Trial lesson,Son Gunwoo,-59.95,2024-11-15
100001902,2025-05-06,10 Lesson Pack (Kim On You),lesson,lesson,10 lesson,Kim On You,981.0,2024-11-15
100001902,2025-05-06,10 Practice Credits,practice,practice,10 practice,others,156.96,2024-11-15
100001902,2025-06-30,10 Practice Credits,practice,practice,10 practice,others,174.4,2024-11-15
100001902,2025-07-23,10 Practice Credits,practice,practice,10 practice,others,174.4,2024-11-15
100001903,2024-11-15,25 Practice Credits,practice,practice,25 practice,others,0.0,2024-11-15
100001904,2024-11-15,25 Practice Credits,practice,practice,25 practice,others,0.0,2024-11-15
100001905,2025-06-22,30 Mins Practice Credit,practice,practice,30 mins practice,others,21.8,2025-06-22
100001905,2025-07-19,30 Mins Practice Credit,practice,practice,30 mins practice,others,87.2,2025-06-22
100001905,2025-07-24,60 Mins Practise,practice,practice,60 mins practice,others,43.6,2025-06-22
100001905,2025-07-26,60 Mins Practise,practice,practice,60 mins practice,others,43.6,2025-06-22
100001906,2024-11-15,25 Practice Credits,practice,practice,25 practice,others,0.0,2024-11-15
100001906,2025-07-09,25 Practice Credits,practice,practice,25 practice,others,408.75,2024-11-15
100001907,2024-11-15,10 Lesson Pack (Jiali Khee.),lesson,lesson,10 lesson,Jiali Khee,0.0,2024-11-15
100001907,2024-11-15,100 Practice Credits,practice,practice,100 practice,others,0.0,2024-11-15
100001908,2024-11-15,10 Practice Credits,practice,practice,10 practice,others,0.0,2024-11-15
100001909,2024-11-15,25 Practice Credits,practice,practice,25 practice,others,0.0,2024-11-15
100001910,2024-11-15,25 Practice Credits,practice,practice,25 practice,others,0.0,2024-11-15
100001911,2024-11-15,100 Practice Credits,practice,practice,100 practice,others,0.0,2024-11-15
100001911,2024-11-15,20 Lesson Pack  (Joey Poh),lesson,lesson,20 lesson,Joey Poh,0.0,2024-11-15
100001911,2025-05-07,10 Practice Credits,practice,practice,10 practice,others,148.24,2024-11-15
100001911,2025-05-07,10 Semi Private (1:2 Lesson) w/ Joey Poh,lesson,lesson,10 group lesson,Joey Poh,2594.2,2024-11-15
100001911,2025-06-23,10 Semi Private (1:2 Lesson) w/ Joey Poh,lesson,lesson,10 group lesson,Joey Poh,-2594.2,2024-11-15
100001913,2024-11-20,10 Practice Credits,practice,practice,10 practice,others,0.0,2024-11-20
100001913,2025-02-17,10 Practice Credits,practice,practice,10 practice,others,174.4,2024-11-20
100001913,2025-04-22,Trial Lesson W/ Jiali Khee,trial,trial,Trial lesson,Jiali Khee,119.9,2024-11-20
100001914,2024-11-20,10 Lesson Pack (Jasper  Park),lesson,lesson,10 lesson,Jasper Park,0.0,2024-11-20
100001914,2024-11-20,10 Practice Credits,practice,practice,10 practice,others,0.0,2024-11-20
100001914,2025-01-21,25 Practice Credits,practice,practice,25 practice,others,408.75,2024-11-20
100001915,2024-11-20,10 Practice Credits,practice,practice,10 practice,others,0.0,2024-11-20
100001915,2024-11-20,20 Lesson Pack (Johnson Poh),lesson,lesson,20 lesson,Johnson Poh,0.0,2024-11-20
100001915,2025-03-29,Trial Lesson W/ Paul F,trial,trial,Trial lesson,Paul Finch,119.9,2024-11-20
100001915,2025-04-09,Trial Lesson W/ Desmond Tan,trial,trial,Trial lesson,Desmond Tan,59.95,2024-11-20
100001915,2025-04-12,10 Lesson Pack (Desmond Tan),lesson,lesson,10 lesson,Desmond Tan,921.05,2024-11-20
100001915,2025-04-12,10 Practice Credits,practice,practice,10 practice,others,156.96,2024-11-20
100001915,2025-04-28,10 Lesson Pack (Desmond Tan),lesson,lesson,10 lesson,Desmond Tan,59.950000000000045,2024-11-20
100001915,2025-04-28,Trial Lesson W/ Desmond Tan,trial,trial,Trial lesson,Desmond Tan,-59.95,2024-11-20
100001916,2024-11-20,100 Practice Credits,practice,practice,100 practice,others,0.0,2024-11-20
100001916,2024-11-20,50 Lesson Pack  (Johnson Poh),lesson,lesson,50 lesson,Johnson Poh,0.0,2024-11-20
100001916,2024-12-13,50 Practice Credits,practice,practice,50 practice,others,0.0,2024-11-20
100001916,2025-05-27,Golfzon 9 Holes - 4 Pax,play,play,Golfzon,others,174.4,2024-11-20
100001916,2025-07-08,Trial Lesson W/ Desmond Tan,trial,trial,Trial lesson,Desmond Tan,119.9,2024-11-20
100001917,2024-12-04,25 Practice Credits,practice,practice,25 practice,others,0.0,2024-12-04
100001917,2025-03-22,25 Practice Credits,practice,practice,25 practice,others,408.75,2024-12-04
100001918,2025-01-11,10 Practice Credits,practice,practice,10 practice,others,174.4,2025-01-11
100001918,2025-08-02,10 Practice Credits,practice,practice,10 practice,others,174.4,2025-01-11
100001918,2025-08-13,Trial Lesson W/ Paul F,trial,trial,Trial lesson,Paul Finch,119.9,2025-01-11
100001919,2024-11-20,10 Lesson Pack (Joey Poh.),lesson,lesson,10 lesson,Joey Poh,0.0,2024-11-20
100001919,2024-11-20,10 Practice Credits,practice,practice,10 practice,others,0.0,2024-11-20
100001919,2025-08-07,10 Practice Credits,practice,practice,10 practice,others,174.4,2024-11-20
100001920,2024-11-22,10 Practice Credits,practice,practice,10 practice,others,0.0,2024-11-22
100001920,2025-02-21,25 Practice Credits,practice,practice,25 practice,others,408.75,2024-11-22
100001921,2024-11-22,10 Practice Credits,practice,practice,10 practice,others,0.0,2024-11-22
100001921,2025-03-19,10 Practice Credits,practice,practice,10 practice,others,174.4,2024-11-22
100001922,2024-10-21,50 Lesson Pack  (Joey Poh),lesson,lesson,50 lesson,Joey Poh,0.0,2024-10-21
100001923,2024-11-22,10 Practice Credits,practice,practice,10 practice,others,0.0,2024-11-22
100001924,2024-11-22,10 Practice Credits,practice,practice,10 practice,others,0.0,2024-11-22
100001924,2025-06-26,10 Practice Credits,practice,practice,10 practice,others,174.4,2024-11-22
100001925,2024-11-22,10 Lesson Pack (Jasper  Park),lesson,lesson,10 lesson,Jasper Park,0.0,2024-11-22
100001925,2024-11-22,25 Practice Credits,practice,practice,25 practice,others,0.0,2024-11-22
100001925,2025-01-15,50 Practice Credits,practice,practice,50 practice,others,763.0,2024-11-22
100001925,2025-01-30,Golfzon 18 Holes - 2 Pax,play,play,Golfzon,others,130.8,2024-11-22
100001925,2025-03-01,10 Lesson Pack (Jasper  Park),lesson,lesson,10 lesson,Jasper Park,981.0,2024-11-22
100001925,2025-04-18,Golfzon 18 Holes - 2 Pax,play,play,Golfzon,others,65.4,2024-11-22
100001925,2025-06-10,Golfzon 18 Holes - 4 Pax,play,play,Golfzon,others,261.6,2024-11-22
100001925,2025-07-02,Trial Lesson W/ Desmond Tan,trial,trial,Trial lesson,Desmond Tan,119.9,2024-11-22
100001925,2025-07-05,Golfzon 9 Holes - 1 Pax,play,play,Golfzon,others,76.3,2024-11-22
100001925,2025-07-26,Trial Lesson W/ Kim On You,trial,trial,Trial lesson,Kim On You,119.9,2024-11-22
100001926,2024-11-22,10 Lesson Pack (Paul Finch),lesson,lesson,10 lesson,Paul Finch,0.0,2024-11-22
100001926,2024-11-22,25 Practice Credits,practice,practice,25 practice,others,0.0,2024-11-22
100001926,2025-06-03,Golfzon 9 Holes - 3 Pax,play,play,Golfzon,others,130.8,2024-11-22
100001926,2025-08-20,10 Lesson Pack (Paul Finch),lesson,lesson,10 lesson,Paul Finch,0.0,2024-11-22
100001926,2025-08-20,25 Practice Credits,practice,practice,25 practice,others,0.0,2024-11-22
100001927,2024-11-22,10 Practice Credits,practice,practice,10 practice,others,0.0,2024-11-22
100001928,2024-11-22,10 Lesson Pack (Paul Finch),lesson,lesson,10 lesson,Paul Finch,0.0,2024-11-22
100001928,2024-11-22,25 Practice Credits,practice,practice,25 practice,others,0.0,2024-11-22
100001928,2025-02-15,25 Practice Credits,practice,practice,25 practice,others,408.75,2024-11-22
100001928,2025-03-21,Golfzon 18 Holes - 2 Pax,play,play,Golfzon,others,130.8,2024-11-22
100001928,2025-04-28,10 Lesson Pack (Paul Finch),lesson,lesson,10 lesson,Paul Finch,981.0,2024-11-22
100001928,2025-05-11,50 Practice Credits,practice,practice,50 practice,others,763.0,2024-11-22
100001929,2024-11-22,10 Practice Credits,practice,practice,10 practice,others,0.0,2024-11-22
100001929,2024-12-28,10 Practice Credits,practice,practice,10 practice,others,0.0,2024-11-22
100001929,2025-05-16,10 Practice Credits,practice,practice,10 practice,others,174.4,2024-11-22
100001930,2024-11-22,10 Practice Credits,practice,practice,10 practice,others,0.0,2024-11-22
100001930,2024-12-27,10 Lesson Pack (Kim On You),lesson,lesson,10 lesson,Kim On You,0.0,2024-11-22
100001930,2024-12-27,10 Practice Credits,practice,practice,10 practice,others,0.0,2024-11-22
100001931,2024-11-22,10 Lesson Pack (Jiali Khee.),lesson,lesson,10 lesson,Jiali Khee,0.0,2024-11-22
100001931,2024-11-22,25 Practice Credits,practice,practice,25 practice,others,0.0,2024-11-22
100001931,2025-04-01,10 Lesson Pack (Jiali Khee.),lesson,lesson,10 lesson,Jiali Khee,981.0,2024-11-22
100001932,2024-11-22,10 Practice Credits,practice,practice,10 practice,others,0.0,2024-11-22
100001933,2024-11-22,100 Practice Credits,practice,practice,100 practice,others,0.0,2024-11-22
100001933,2025-07-16,25 Practice Credits,practice,practice,25 practice,others,408.75,2024-11-22
100001934,2024-11-22,10 Practice Credits,practice,practice,10 practice,others,0.0,2024-11-22
100001934,2025-07-21,30 Mins Practice Credit,practice,practice,30 mins practice,others,21.8,2024-11-22
100001934,2025-07-21,Golfzon 9 Holes - 3 Pax,play,play,Golfzon,others,130.8,2024-11-22
100001934,2025-08-15,60 Mins Practise,practice,practice,60 mins practice,others,87.2,2024-11-22
100001935,2024-11-22,10 Practice Credits,practice,practice,10 practice,others,0.0,2024-11-22
100001936,2024-11-22,10 Practice Credits,practice,practice,10 practice,others,0.0,2024-11-22
100001936,2024-12-27,10 Practice Credits,practice,practice,10 practice,others,0.0,2024-11-22
100001936,2025-02-18,30 Mins Practice Credit,practice,practice,30 mins practice,others,21.8,2024-11-22
100001936,2025-05-05,30 Mins Practice Credit,practice,practice,30 mins practice,others,21.8,2024-11-22
100001936,2025-05-05,Trial Lesson W/ Joey Poh,trial,trial,Trial lesson,Joey Poh,119.9,2024-11-22
100001936,2025-05-26,60 Mins Practise,practice,practice,60 mins practice,others,43.6,2024-11-22
100001936,2025-06-19,30 Mins Practice Credit,practice,practice,30 mins practice,others,21.8,2024-11-22
100001936,2025-06-19,60 Mins Practise,practice,practice,60 mins practice,others,43.6,2024-11-22
100001936,2025-06-23,10 Practice Credits,practice,practice,10 practice,others,174.4,2024-11-22
100001937,2024-11-22,10 Practice Credits,practice,practice,10 practice,others,0.0,2024-11-22
100001937,2024-11-22,5 Semi Private (1:2 Lesson) w/ Paul Finch,lesson,lesson,5 group lesson,Paul Finch,0.0,2024-11-22
100001938,2024-11-22,10 Practice Credits,practice,practice,10 practice,others,0.0,2024-11-22
100001939,2024-11-22,50 Practice Credits,practice,practice,50 practice,others,0.0,2024-11-22
100001939,2024-12-11,20 Lesson Pack (Jasper Park),lesson,lesson,20 lesson,Jasper Park,0.0,2024-11-22
100001939,2024-12-11,50 Practice Credits,practice,practice,50 practice,others,0.0,2024-11-22
100001939,2025-03-15,20 Lesson Pack (Jasper Park),lesson,lesson,20 lesson,Jasper Park,1853.0,2024-11-22
100001939,2025-03-15,25 Practice Credits,practice,practice,25 practice,others,347.44,2024-11-22
100001939,2025-05-24,30 Mins Practice Credit,practice,practice,30 mins practice,others,0.0,2024-11-22
100001939,2025-06-11,Golfzon 9 Holes - 1 Pax,play,play,Golfzon,others,76.3,2024-11-22
100001940,2024-11-22,10 Practice Credits,practice,practice,10 practice,others,0.0,2024-11-22
100001940,2025-01-17,30 Mins Practice Credit,practice,practice,30 mins practice,others,0.0,2024-11-22
100001940,2025-02-21,30 Mins Practice Credit,practice,practice,30 mins practice,others,0.0,2024-11-22
100001940,2025-03-09,30 Mins Practice Credit,practice,practice,30 mins practice,others,0.0,2024-11-22
100001940,2025-03-11,10 Practice Credits,practice,practice,10 practice,others,174.4,2024-11-22
100001940,2025-03-14,30 Mins 1:1 Lesson W/ Paul Finch,lesson,lesson,30 mins lesson,Paul Finch,119.9,2024-11-22
100001940,2025-04-21,10 Practice Credits,practice,practice,10 practice,others,174.4,2024-11-22
100001941,2024-11-22,10 Practice Credits,practice,practice,10 practice,others,0.0,2024-11-22
100001941,2025-02-18,10 Practice Credits,practice,practice,10 practice,others,174.4,2024-11-22
100001941,2025-03-24,10 Practice Credits,practice,practice,10 practice,others,174.4,2024-11-22
100001941,2025-04-28,10 Practice Credits,practice,practice,10 practice,others,174.4,2024-11-22
100001941,2025-05-24,10 Practice Credits,practice,practice,10 practice,others,174.4,2024-11-22
100001941,2025-07-23,10 Practice Credits,practice,practice,10 practice,others,174.4,2024-11-22
100001942,2024-11-22,10 Practice Credits,practice,practice,10 practice,others,0.0,2024-11-22
100001942,2024-12-27,10 Practice Credits,practice,practice,10 practice,others,0.0,2024-11-22
100001943,2024-12-02,10 Practice Credits,practice,practice,10 practice,others,0.0,2024-12-02
100001943,2025-04-08,10 Practice Credits,practice,practice,10 practice,others,174.4,2024-12-02
100001944,2024-12-02,10 Practice Credits,practice,practice,10 practice,others,0.0,2024-12-02
100001945,2024-12-02,10 Practice Credits,practice,practice,10 practice,others,0.0,2024-12-02
100001945,2024-12-02,20 Lesson Pack (Jiali Khee.),lesson,lesson,20 lesson,Jiali Khee,0.0,2024-12-02
100001946,2024-12-02,10 Practice Credits,practice,practice,10 practice,others,0.0,2024-12-02
100001946,2025-01-11,10 Practice Credits,practice,practice,10 practice,others,174.4,2024-12-02
100001946,2025-01-18,10 Practice Credits,practice,practice,10 practice,others,174.4,2024-12-02
100001946,2025-01-23,10 Practice Credits,practice,practice,10 practice,others,174.4,2024-12-02
100001946,2025-07-11,60 Mins Practise,practice,practice,60 mins practice,others,43.6,2024-12-02
100001947,2024-12-02,10 Semi Private (1:2 Lesson) w/ Johnson Poh,lesson,lesson,10 group lesson,Johnson Poh,0.0,2024-12-02
100001947,2024-12-02,25 Practice Credits,practice,practice,25 practice,others,0.0,2024-12-02
100001948,2024-12-02,25 Practice Credits,practice,practice,25 practice,others,0.0,2024-12-02
100001949,2024-12-14,10 Semi Private (1:2 Lesson) w/ Johnson Poh,lesson,lesson,10 group lesson,Johnson Poh,0.0,2024-12-14
100001950,2024-12-02,10 Practice Credits,practice,practice,10 practice,others,0.0,2024-12-02
100001950,2025-05-17,10 Practice Credits,practice,practice,10 practice,others,174.4,2024-12-02
100001951,2024-12-02,25 Practice Credits,practice,practice,25 practice,others,0.0,2024-12-02
100001951,2025-03-08,10 Practice Credits,practice,practice,10 practice,others,174.4,2024-12-02
100001951,2025-07-12,10 Practice Credits,practice,practice,10 practice,others,174.4,2024-12-02
100001952,2024-12-02,10 Practice Credits,practice,practice,10 practice,others,0.0,2024-12-02
100001952,2025-05-27,10 Practice Credits,practice,practice,10 practice,others,174.4,2024-12-02
100001953,2024-12-02,10 Practice Credits,practice,practice,10 practice,others,0.0,2024-12-02
100001953,2025-01-30,25 Practice Credits,practice,practice,25 practice,others,408.75,2024-12-02
100001954,2024-12-02,25 Practice Credits,practice,practice,25 practice,others,0.0,2024-12-02
100001955,2024-12-02,5 Semi Private (1:2 Lesson) w/ Joey Poh,lesson,lesson,5 group lesson,Joey Poh,0.0,2024-12-02
100001956,2024-12-02,10 Practice Credits,practice,practice,10 practice,others,0.0,2024-12-02
100001956,2024-12-27,10 Lesson Pack (Kim On You),lesson,lesson,10 lesson,Kim On You,0.0,2024-12-02
100001956,2025-07-16,10 Lesson Pack (Kim On You),lesson,lesson,10 lesson,Kim On You,981.0,2024-12-02
100001956,2025-07-21,10 Practice Credits,practice,practice,10 practice,others,0.0,2024-12-02
100001956,2025-07-21,25 Practice Credits,practice,practice,25 practice,others,735.76,2024-12-02
100001957,2024-12-02,100 Practice Credits,practice,practice,100 practice,others,0.0,2024-12-02
100001957,2024-12-02,50 Lesson Pack (Kim On You),lesson,lesson,50 lesson,Kim On You,0.0,2024-12-02
100001958,2024-12-02,10 Lesson Pack (Kim On You),lesson,lesson,10 lesson,Kim On You,0.0,2024-12-02
100001958,2024-12-02,25 Practice Credits,practice,practice,25 practice,others,0.0,2024-12-02
100001959,2024-12-02,20 Lesson Pack  (Joey Poh),lesson,lesson,20 lesson,Joey Poh,0.0,2024-12-02
100001959,2024-12-02,50 Practice Credits,practice,practice,50 practice,others,0.0,2024-12-02
100001960,2024-12-03,10 Practice Credits,practice,practice,10 practice,others,0.0,2024-12-03
100001961,2024-12-03,10 Lesson Pack (Jasper  Park),lesson,lesson,10 lesson,Jasper Park,0.0,2024-12-03
100001962,2024-12-03,10 Lesson Pack (Joey Poh.),lesson,lesson,10 lesson,Joey Poh,0.0,2024-12-03
100001963,2024-12-03,10 Lesson Pack (Joey Poh.),lesson,lesson,10 lesson,Joey Poh,0.0,2024-12-03
100001963,2024-12-03,10 Practice Credits,practice,practice,10 practice,others,0.0,2024-12-03
100001963,2025-07-23,10 Lesson Pack (Joey Poh.),lesson,lesson,10 lesson,Joey Poh,981.0,2024-12-03
100001963,2025-07-23,10 Practice Credits,practice,practice,10 practice,others,156.96,2024-12-03
100001964,2024-12-03,10 Lesson Pack (Joey Poh.),lesson,lesson,10 lesson,Joey Poh,0.0,2024-12-03
100001964,2025-02-09,60 Mins Practise,practice,practice,60 mins practice,others,43.6,2024-12-03
100001965,2024-12-03,25 Practice Credits,practice,practice,25 practice,others,0.0,2024-12-03
100001966,2024-12-11,10 Lesson Pack ( Aiko H),lesson,lesson,10 lesson,Aiko H,0.0,2024-12-11
100001966,2024-12-11,10 Practice Credits,practice,practice,10 practice,others,0.0,2024-12-11
100001966,2025-04-21,10 Lesson Pack ( Aiko H),lesson,lesson,10 lesson,Aiko H,981.0,2024-12-11
100001966,2025-04-21,25 Practice Credits,practice,practice,25 practice,others,367.87,2024-12-11
100001968,2024-12-03,20 Lesson Pack (Kim On You),lesson,lesson,20 lesson,Kim On You,0.0,2024-12-03
100001968,2024-12-03,25 Practice Credits,practice,practice,25 practice,others,0.0,2024-12-03
100001968,2025-03-18,10 Practice Credits,practice,practice,10 practice,others,148.24,2024-12-03
100001968,2025-03-18,20 Lesson Pack (Kim On You),lesson,lesson,20 lesson,Kim On You,1853.0,2024-12-03
100001969,2024-12-03,10 Lesson Pack (Jiali Khee.),lesson,lesson,10 lesson,Jiali Khee,0.0,2024-12-03
100001969,2024-12-03,25 Practice Credits,practice,practice,25 practice,others,0.0,2024-12-03
100001969,2025-07-04,10 Lesson Pack (Jiali Khee.),lesson,lesson,10 lesson,Jiali Khee,981.0,2024-12-03
100001969,2025-07-04,25 Practice Credits,practice,practice,25 practice,others,367.88,2024-12-03
100001970,2024-12-03,20 Lesson Pack  (Joey Poh),lesson,lesson,20 lesson,Joey Poh,0.0,2024-12-03
100001970,2024-12-03,25 Practice Credits,practice,practice,25 practice,others,0.0,2024-12-03
100001970,2025-03-02,20 Lesson Pack  (Joey Poh),lesson,lesson,20 lesson,Joey Poh,1853.0,2024-12-03
100001971,2024-12-03,10 Practice Credits,practice,practice,10 practice,others,0.0,2024-12-03
100001972,2024-12-03,10 Practice Credits,practice,practice,10 practice,others,0.0,2024-12-03
100001973,2024-12-03,10 Practice Credits,practice,practice,10 practice,others,0.0,2024-12-03
100001973,2025-03-18,Trial Lesson W/ Son Gunwoo,trial,trial,Trial lesson,Son Gunwoo,119.9,2024-12-03
100001973,2025-03-24,10 Practice Credits,practice,practice,10 practice,others,174.4,2024-12-03
100001973,2025-05-22,10 Practice Credits,practice,practice,10 practice,others,174.4,2024-12-03
100001973,2025-06-18,10 Practice Credits,practice,practice,10 practice,others,174.4,2024-12-03
100001974,2024-12-03,25 Practice Credits,practice,practice,25 practice,others,0.0,2024-12-03
100001975,2025-02-04,Golfzon 9 Holes - 3 Pax,play,play,Golfzon,others,261.6,2025-02-04
100001976,2024-12-03,10 Practice Credits,practice,practice,10 practice,others,0.0,2024-12-03
100001977,2024-12-03,25 Practice Credits,practice,practice,25 practice,others,0.0,2024-12-03
100001977,2024-12-27,20 Lesson Pack (Kim On You),lesson,lesson,20 lesson,Kim On You,0.0,2024-12-03
100001977,2025-02-23,10 Lesson Pack (Kim On You),lesson,lesson,10 lesson,Kim On You,981.0,2024-12-03
100001977,2025-02-23,50 Practice Credits,practice,practice,50 practice,others,686.7,2024-12-03
100001977,2025-02-24,Golfzon 18 Holes - 4 Pax,play,play,Golfzon,others,261.6,2024-12-03
100001978,2025-01-24,10 Practice Credits,practice,practice,10 practice,others,174.4,2025-01-24
100001978,2025-02-22,10 Practice Credits,practice,practice,10 practice,others,174.4,2025-01-24
100001978,2025-04-05,10 Practice Credits,practice,practice,10 practice,others,174.4,2025-01-24
100001978,2025-05-12,10 Practice Credits,practice,practice,10 practice,others,174.4,2025-01-24
100001978,2025-05-13,30 Mins 1:1 Lesson W/ Paul Finch,lesson,lesson,30 mins lesson,Paul Finch,119.9,2025-01-24
100001978,2025-06-05,30 Mins Practice Credit,practice,practice,30 mins practice,others,21.8,2025-01-24
100001978,2025-07-05,10 Practice Credits,practice,practice,10 practice,others,174.4,2025-01-24
100001979,2024-12-03,25 Practice Credits,practice,practice,25 practice,others,0.0,2024-12-03
100001979,2025-05-28,10 Practice Credits,practice,practice,10 practice,others,174.4,2024-12-03
100001980,2024-12-03,50 Practice Credits,practice,practice,50 practice,others,0.0,2024-12-03
100001981,2024-12-03,10 Practice Credits,practice,practice,10 practice,others,0.0,2024-12-03
100001982,2024-12-11,25 Practice Credits,practice,practice,25 practice,others,0.0,2024-12-11
100001982,2024-12-27,10 Lesson Pack (Kim On You),lesson,lesson,10 lesson,Kim On You,0.0,2024-12-11
100001982,2024-12-28,50 Practice Credits,practice,practice,50 practice,others,0.0,2024-12-11
100001982,2025-03-27,50 Practice Credits,practice,practice,50 practice,others,763.0,2024-12-11
100001982,2025-04-10,Trial Lesson W/ Son Gunwoo,trial,trial,Trial lesson,Son Gunwoo,59.95,2024-12-11
100001983,2024-12-03,10 Lesson Pack (Kim On You),lesson,lesson,10 lesson,Kim On You,0.0,2024-12-03
100001983,2024-12-03,10 Practice Credits,practice,practice,10 practice,others,0.0,2024-12-03
100001983,2025-03-16,10 Lesson Pack (Kim On You),lesson,lesson,10 lesson,Kim On You,981.0,2024-12-03
100001983,2025-03-16,25 Practice Credits,practice,practice,25 practice,others,367.87,2024-12-03
100001983,2025-06-07,10 Lesson Pack (Kim On You),lesson,lesson,10 lesson,Kim On You,981.0,2024-12-03
100001984,2024-12-03,10 Practice Credits,practice,practice,10 practice,others,0.0,2024-12-03
100001984,2025-06-09,10 Practice Credits,practice,practice,10 practice,others,174.4,2024-12-03
100001985,2024-12-03,20 Lesson Pack (Johnson Poh),lesson,lesson,20 lesson,Johnson Poh,0.0,2024-12-03
100001985,2024-12-03,50 Practice Credits,practice,practice,50 practice,others,0.0,2024-12-03
100001985,2025-05-03,10 Practice Credits,practice,practice,10 practice,others,139.52,2024-12-03
100001985,2025-05-03,50 Lesson Pack  (Johnson Poh),lesson,lesson,50 lesson,Johnson Poh,4360.0,2024-12-03
100001986,2024-12-04,10 Practice Credits,practice,practice,10 practice,others,0.0,2024-12-04
100001986,2024-12-20,25 Practice Credits,practice,practice,25 practice,others,0.0,2024-12-04
100001987,2024-12-04,10 Practice Credits,practice,practice,10 practice,others,0.0,2024-12-04
100001988,2024-12-04,10 Practice Credits,practice,practice,10 practice,others,0.0,2024-12-04
100001988,2025-03-03,10 Practice Credits,practice,practice,10 practice,others,174.4,2024-12-04
100001988,2025-07-05,10 Practice Credits,practice,practice,10 practice,others,174.4,2024-12-04
100001989,2024-12-04,10 Lesson Pack (Joey Poh.),lesson,lesson,10 lesson,Joey Poh,0.0,2024-12-04
100001989,2024-12-04,10 Practice Credits,practice,practice,10 practice,others,0.0,2024-12-04
100001990,2024-12-04,25 Practice Credits,practice,practice,25 practice,others,0.0,2024-12-04
100001991,2024-12-04,10 Practice Credits,practice,practice,10 practice,others,0.0,2024-12-04
100001992,2024-12-04,10 Practice Credits,practice,practice,10 practice,others,0.0,2024-12-04
100001992,2025-08-06,10 Practice Credits,practice,practice,10 practice,others,174.4,2024-12-04
100001993,2024-12-04,20 Lesson Pack (Johnson Poh),lesson,lesson,20 lesson,Johnson Poh,0.0,2024-12-04
100001993,2024-12-04,25 Practice Credits,practice,practice,25 practice,others,0.0,2024-12-04
100001994,2024-12-04,10 Practice Credits,practice,practice,10 practice,others,0.0,2024-12-04
100001995,2024-12-04,25 Practice Credits,practice,practice,25 practice,others,0.0,2024-12-04
100001995,2025-02-22,25 Practice Credits,practice,practice,25 practice,others,408.75,2024-12-04
100001995,2025-04-29,10 Practice Credits,practice,practice,10 practice,others,174.4,2024-12-04
100001995,2025-05-21,10 Practice Credits,practice,practice,10 practice,others,174.4,2024-12-04
100001996,2024-12-04,25 Practice Credits,practice,practice,25 practice,others,0.0,2024-12-04
100001997,2024-12-04,10 Practice Credits,practice,practice,10 practice,others,0.0,2024-12-04
100001998,2024-12-26,10 Lesson Pack ( Aiko H),lesson,lesson,10 lesson,Aiko H,0.0,2024-12-26
100001998,2024-12-26,10 Practice Credits,practice,practice,10 practice,others,0.0,2024-12-26
100001998,2025-04-14,10 Lesson Pack ( Aiko H),lesson,lesson,10 lesson,Aiko H,981.0,2024-12-26
100001999,2024-12-05,10 Practice Credits,practice,practice,10 practice,others,0.0,2024-12-05
100001999,2025-01-11,10 Practice Credits,practice,practice,10 practice,others,174.4,2024-12-05
100002000,2024-12-05,10 Practice Credits,practice,practice,10 practice,others,0.0,2024-12-05
100002001,2024-12-05,100 Practice Credits,practice,practice,100 practice,others,0.0,2024-12-05
100002001,2024-12-05,50 Practice Credits,practice,practice,50 practice,others,0.0,2024-12-05
100002002,2024-12-05,10 Lesson Pack (Kim On You),lesson,lesson,10 lesson,Kim On You,0.0,2024-12-05
100002003,2024-12-05,10 Practice Credits,practice,practice,10 practice,others,0.0,2024-12-05
100002003,2025-01-18,10 Practice Credits,practice,practice,10 practice,others,174.4,2024-12-05
100002003,2025-04-20,10 Practice Credits,practice,practice,10 practice,others,174.4,2024-12-05
100002003,2025-08-10,Golfzon 9 Holes - 3 Pax,play,play,Golfzon,others,130.8,2024-12-05
100002004,2025-02-21,30 Mins Practice Credit,practice,practice,30 mins practice,others,21.8,2025-02-21
100002004,2025-04-26,60 Mins Practise,practice,practice,60 mins practice,others,43.6,2025-02-21
100002004,2025-05-03,30 Mins Practice Credit,practice,practice,30 mins practice,others,43.6,2025-02-21
100002004,2025-07-19,30 Mins Practice Credit,practice,practice,30 mins practice,others,21.8,2025-02-21
100002004,2025-07-27,30 Mins Practice Credit,practice,practice,30 mins practice,others,21.8,2025-02-21
100002004,2025-07-29,30 Mins Practice Credit,practice,practice,30 mins practice,others,21.8,2025-02-21
100002004,2025-08-09,30 Mins Practice Credit,practice,practice,30 mins practice,others,21.8,2025-02-21
100002004,2025-08-09,60 Mins Practise,practice,practice,60 mins practice,others,43.6,2025-02-21
100002004,2025-08-10,30 Mins Practice Credit,practice,practice,30 mins practice,others,43.6,2025-02-21
100002004,2025-08-17,30 Mins Practice Credit,practice,practice,30 mins practice,others,21.8,2025-02-21
100002004,2025-08-17,60 Mins Practise,practice,practice,60 mins practice,others,43.6,2025-02-21
100002006,2025-02-26,Trial Lesson W/ Joey Poh,trial,trial,Trial lesson,Joey Poh,119.9,2025-02-26
100002007,2024-12-05,10 Practice Credits,practice,practice,10 practice,others,0.0,2024-12-05
100002008,2024-12-05,10 Practice Credits,practice,practice,10 practice,others,0.0,2024-12-05
100002009,2024-12-05,10 Practice Credits,practice,practice,10 practice,others,0.0,2024-12-05
100002009,2025-08-04,10 Practice Credits,practice,practice,10 practice,others,174.4,2024-12-05
100002010,2024-12-05,25 Practice Credits,practice,practice,25 practice,others,0.0,2024-12-05
100002011,2024-12-07,10 Practice Credits,practice,practice,10 practice,others,0.0,2024-12-07
100002011,2025-06-10,10 Practice Credits,practice,practice,10 practice,others,174.4,2024-12-07
100002012,2024-12-07,10 Practice Credits,practice,practice,10 practice,others,0.0,2024-12-07
100002012,2025-01-08,Trial Lesson W/ Paul F,trial,trial,Trial lesson,Paul Finch,119.9,2024-12-07
100002012,2025-06-20,10 Practice Credits,practice,practice,10 practice,others,174.4,2024-12-07
100002013,2024-12-07,Trial Lesson W/ Jiali Khee,trial,trial,Trial lesson,Jiali Khee,0.0,2024-12-07
100002013,2024-12-20,10 Lesson Pack (Jiali Khee.),lesson,lesson,10 lesson,Jiali Khee,0.0,2024-12-07
100002013,2024-12-20,50 Practice Credits,practice,practice,50 practice,others,0.0,2024-12-07
100002013,2025-05-06,10 Lesson Pack (Jiali Khee.),lesson,lesson,10 lesson,Jiali Khee,981.0,2024-12-07
100002013,2025-05-06,50 Practice Credits,practice,practice,50 practice,others,686.7,2024-12-07
100002014,2024-12-07,10 Lesson Pack  (Johnson Poh),lesson,lesson,10 lesson,Johnson Poh,0.0,2024-12-07
100002014,2024-12-07,25 Practice Credits,practice,practice,25 practice,others,0.0,2024-12-07
100002014,2025-03-23,10 Lesson Pack  (Johnson Poh),lesson,lesson,10 lesson,Johnson Poh,981.0,2024-12-07
100002014,2025-08-06,10 Lesson Pack  (Johnson Poh),lesson,lesson,10 lesson,Johnson Poh,981.0,2024-12-07
100002014,2025-08-06,10 Practice Credits,practice,practice,10 practice,others,156.96,2024-12-07
100002015,2024-12-07,Trial Lesson W/ Paul F,trial,trial,Trial lesson,Paul Finch,0.0,2024-12-07
100002015,2024-12-13,10 Lesson Pack (Paul Finch),lesson,lesson,10 lesson,Paul Finch,0.0,2024-12-07
100002015,2025-02-19,10 Lesson Pack (Paul Finch),lesson,lesson,10 lesson,Paul Finch,981.0,2024-12-07
100002015,2025-05-21,20 Lesson Pack (Paul Finch),lesson,lesson,20 lesson,Paul Finch,1853.0,2024-12-07
100002016,2024-12-07,10 Practice Credits,practice,practice,10 practice,others,0.0,2024-12-07
100002016,2025-04-16,10 Practice Credits,practice,practice,10 practice,others,174.4,2024-12-07
100002017,2024-12-07,25 Practice Credits,practice,practice,25 practice,others,0.0,2024-12-07
100002018,2024-12-07,10 Lesson Pack (Joey Poh.),lesson,lesson,10 lesson,Joey Poh,0.0,2024-12-07
100002018,2024-12-07,50 Practice Credits,practice,practice,50 practice,others,0.0,2024-12-07
100002018,2025-02-22,50 Practice Credits,practice,practice,50 practice,others,763.0,2024-12-07
100002018,2025-04-14,Trial Lesson W/ Desmond Tan,trial,trial,Trial lesson,Desmond Tan,59.95,2024-12-07
100002018,2025-05-07,Trial Lesson W/ Joey Poh,trial,trial,Trial lesson,Joey Poh,119.9,2024-12-07
100002018,2025-06-29,50 Practice Credits,practice,practice,50 practice,others,763.0,2024-12-07
100002019,2024-12-07,25 Practice Credits,practice,practice,25 practice,others,0.0,2024-12-07
100002019,2025-01-04,10 Practice Credits,practice,practice,10 practice,others,348.8,2024-12-07
100002020,2024-12-07,10 Practice Credits,practice,practice,10 practice,others,0.0,2024-12-07
100002020,2025-03-08,10 Practice Credits,practice,practice,10 practice,others,174.4,2024-12-07
100002020,2025-03-30,10 Practice Credits,practice,practice,10 practice,others,174.4,2024-12-07
100002021,2024-12-07,20 Lesson Pack (Johnson Poh),lesson,lesson,20 lesson,Johnson Poh,0.0,2024-12-07
100002021,2024-12-07,50 Practice Credits,practice,practice,50 practice,others,0.0,2024-12-07
100002022,2024-12-07,10 Practice Credits,practice,practice,10 practice,others,0.0,2024-12-07
100002023,2024-12-07,25 Practice Credits,practice,practice,25 practice,others,0.0,2024-12-07
100002023,2025-05-13,25 Practice Credits,practice,practice,25 practice,others,408.75,2024-12-07
100002024,2024-12-07,20 Lesson Pack (Jiali Khee.),lesson,lesson,20 lesson,Jiali Khee,0.0,2024-12-07
100002024,2024-12-07,25 Practice Credits,practice,practice,25 practice,others,0.0,2024-12-07
100002025,2024-12-07,50 Practice Credits,practice,practice,50 practice,others,0.0,2024-12-07
100002026,2024-12-07,10 Lesson Pack  (Johnson Poh),lesson,lesson,10 lesson,Johnson Poh,0.0,2024-12-07
100002026,2024-12-07,25 Practice Credits,practice,practice,25 practice,others,0.0,2024-12-07
100002027,2024-12-07,20 Lesson Pack (Johnson Poh),lesson,lesson,20 lesson,Johnson Poh,0.0,2024-12-07
100002027,2024-12-07,25 Practice Credits,practice,practice,25 practice,others,0.0,2024-12-07
100002027,2025-02-18,20 Lesson Pack (Johnson Poh),lesson,lesson,20 lesson,Johnson Poh,1853.0,2024-12-07
100002027,2025-02-18,25 Practice Credits,practice,practice,25 practice,others,347.44,2024-12-07
100002028,2024-12-08,10 Practice Credits,practice,practice,10 practice,others,0.0,2024-12-08
100002028,2025-06-26,10 Practice Credits,practice,practice,10 practice,others,174.4,2024-12-08
100002029,2024-12-08,10 Practice Credits,practice,practice,10 practice,others,0.0,2024-12-08
100002029,2025-06-14,60 Mins Practise,practice,practice,60 mins practice,others,43.6,2024-12-08
100002031,2024-12-08,10 Practice Credits,practice,practice,10 practice,others,0.0,2024-12-08
100002031,2025-06-26,10 Practice Credits,practice,practice,10 practice,others,174.4,2024-12-08
100002033,2024-12-08,10 Practice Credits,practice,practice,10 practice,others,0.0,2024-12-08
100002034,2024-12-08,10 Lesson Pack (Joey Poh.),lesson,lesson,10 lesson,Joey Poh,0.0,2024-12-08
100002034,2025-07-07,10 Lesson Pack (Joey Poh.),lesson,lesson,10 lesson,Joey Poh,981.0,2024-12-08
100002035,2024-12-08,10 Practice Credits,practice,practice,10 practice,others,0.0,2024-12-08
100002036,2024-12-08,10 Practice Credits,practice,practice,10 practice,others,0.0,2024-12-08
100002036,2024-12-18,10 Lesson Pack (Joey Poh.),lesson,lesson,10 lesson,Joey Poh,0.0,2024-12-08
100002037,2024-12-09,25 Practice Credits,practice,practice,25 practice,others,0.0,2024-12-09
100002037,2025-01-31,10 Practice Credits,practice,practice,10 practice,others,174.4,2024-12-09
100002038,2024-12-09,10 Lesson Pack (Joey Poh.),lesson,lesson,10 lesson,Joey Poh,0.0,2024-12-09
100002039,2024-12-09,10 Practice Credits,practice,practice,10 practice,others,0.0,2024-12-09
100002039,2025-07-27,25 Practice Credits,practice,practice,25 practice,others,408.75,2024-12-09
100002040,2024-12-09,10 Lesson Pack (Jasper  Park),lesson,lesson,10 lesson,Jasper Park,0.0,2024-12-09
100002040,2024-12-09,25 Practice Credits,practice,practice,25 practice,others,0.0,2024-12-09
100002040,2024-12-09,Trial Lesson w/ Jasper,trial,trial,Trial lesson,Jasper Park,0.0,2024-12-09
100002041,2024-12-09,20 Lesson Pack (Kim On You),lesson,lesson,20 lesson,Kim On You,0.0,2024-12-09
100002041,2024-12-09,50 Practice Credits,practice,practice,50 practice,others,0.0,2024-12-09
100002042,2024-12-09,10 Practice Credits,practice,practice,10 practice,others,0.0,2024-12-09
100002042,2025-06-13,10 Practice Credits,practice,practice,10 practice,others,174.4,2024-12-09
100002043,2024-12-09,10 Practice Credits,practice,practice,10 practice,others,0.0,2024-12-09
100002044,2024-12-09,10 Practice Credits,practice,practice,10 practice,others,0.0,2024-12-09
100002045,2024-12-09,10 Practice Credits,practice,practice,10 practice,others,0.0,2024-12-09
100002046,2024-12-09,10 Practice Credits,practice,practice,10 practice,others,0.0,2024-12-09
100002047,2024-12-09,10 Practice Credits,practice,practice,10 practice,others,0.0,2024-12-09
100002047,2025-05-10,10 Practice Credits,practice,practice,10 practice,others,174.4,2024-12-09
100002048,2024-12-09,10 Practice Credits,practice,practice,10 practice,others,0.0,2024-12-09
100002048,2025-01-03,10 Practice Credits,practice,practice,10 practice,others,174.4,2024-12-09
100002048,2025-07-08,10 Practice Credits,practice,practice,10 practice,others,174.4,2024-12-09
100002049,2024-12-09,Trial Lessom W/ Johnson Poh,trial,trial,Trial lesson,Johnson Poh,0.0,2024-12-09
100002049,2025-01-04,10 Lesson Pack  (Johnson Poh),lesson,lesson,10 lesson,Johnson Poh,981.0,2024-12-09
100002049,2025-01-04,25 Practice Credits,practice,practice,25 practice,others,367.87,2024-12-09
100002050,2024-12-09,50 Practice Credits,practice,practice,50 practice,others,0.0,2024-12-09
100002050,2024-12-09,Trial Lesson W/ Jiali Khee,trial,trial,Trial lesson,Jiali Khee,0.0,2024-12-09
100002050,2024-12-13,10 Lesson Pack (Jiali Khee.),lesson,lesson,10 lesson,Jiali Khee,0.0,2024-12-09
100002051,2024-12-09,10 Practice Credits,practice,practice,10 practice,others,0.0,2024-12-09
100002052,2024-12-09,10 Practice Credits,practice,practice,10 practice,others,0.0,2024-12-09
100002053,2024-12-09,10 Lesson Pack (Jiali Khee.),lesson,lesson,10 lesson,Jiali Khee,0.0,2024-12-09
100002053,2024-12-09,25 Practice Credits,practice,practice,25 practice,others,0.0,2024-12-09
100002053,2025-02-18,Trial Lesson W/ Johnson Poh,trial,trial,Trial lesson,Johnson Poh,119.9,2024-12-09
100002053,2025-03-19,Trial Lesson W/ Kim On You,trial,trial,Trial lesson,Kim On You,119.9,2024-12-09
100002053,2025-03-21,10 Lesson Pack (Kim On You),lesson,lesson,10 lesson,Kim On You,981.0,2024-12-09
100002053,2025-03-21,10 Practice Credits,practice,practice,10 practice,others,156.96,2024-12-09
100002053,2025-04-20,25 Practice Credits,practice,practice,25 practice,others,408.75,2024-12-09
100002053,2025-07-05,10 Practice Credits,practice,practice,10 practice,others,174.4,2024-12-09
100002053,2025-07-17,10 Practice Credits,practice,practice,10 practice,others,174.4,2024-12-09
100002054,2024-10-25,10 Lesson Pack (Jiali Khee.),lesson,lesson,10 lesson,Jiali Khee,0.0,2024-10-25
100002054,2024-12-09,10 Lesson Pack (Paul Finch),lesson,lesson,10 lesson,Paul Finch,0.0,2024-10-25
100002054,2024-12-09,10 Practice Credits,practice,practice,10 practice,others,0.0,2024-10-25
100002055,2024-12-09,10 Practice Credits,practice,practice,10 practice,others,0.0,2024-12-09
100002055,2025-07-16,10 Practice Credits,practice,practice,10 practice,others,174.4,2024-12-09
100002056,2024-12-11,10 Practice Credits,practice,practice,10 practice,others,0.0,2024-12-11
100002056,2025-05-29,10 Practice Credits,practice,practice,10 practice,others,174.4,2024-12-11
100002059,2024-12-11,10 Practice Credits,practice,practice,10 practice,others,0.0,2024-12-11
100002060,2024-12-11,10 Lesson Pack  (Johnson Poh),lesson,lesson,10 lesson,Johnson Poh,0.0,2024-12-11
100002060,2024-12-11,10 Practice Credits,practice,practice,10 practice,others,0.0,2024-12-11
100002060,2025-05-05,10 Practice Credits,practice,practice,10 practice,others,174.4,2024-12-11
100002061,2025-02-24,10 Practice Credits,practice,practice,10 practice,others,174.4,2025-02-24
100002062,2024-12-11,10 Practice Credits,practice,practice,10 practice,others,0.0,2024-12-11
100002063,2024-12-11,10 Practice Credits,practice,practice,10 practice,others,0.0,2024-12-11
100002065,2025-04-13,10 Practice Credits,practice,practice,10 practice,others,174.4,2025-04-13
100002066,2024-12-11,25 Practice Credits,practice,practice,25 practice,others,0.0,2024-12-11
100002066,2025-01-03,50 Practice Credits,practice,practice,50 practice,others,763.0,2024-12-11
100002066,2025-05-10,50 Practice Credits,practice,practice,50 practice,others,763.0,2024-12-11
100002067,2024-12-11,10 Practice Credits,practice,practice,10 practice,others,0.0,2024-12-11
100002067,2025-01-12,10 Practice Credits,practice,practice,10 practice,others,174.4,2024-12-11
100002067,2025-02-16,10 Practice Credits,practice,practice,10 practice,others,174.4,2024-12-11
100002068,2024-12-11,10 Practice Credits,practice,practice,10 practice,others,0.0,2024-12-11
100002069,2024-12-11,10 Practice Credits,practice,practice,10 practice,others,0.0,2024-12-11
100002069,2025-02-05,10 Practice Credits,practice,practice,10 practice,others,174.4,2024-12-11
100002069,2025-07-17,10 Practice Credits,practice,practice,10 practice,others,174.4,2024-12-11
100002070,2024-12-11,10 Practice Credits,practice,practice,10 practice,others,0.0,2024-12-11
100002071,2024-12-11,10 Practice Credits,practice,practice,10 practice,others,0.0,2024-12-11
100002071,2025-07-15,10 Practice Credits,practice,practice,10 practice,others,174.4,2024-12-11
100002072,2024-12-11,25 Practice Credits,practice,practice,25 practice,others,0.0,2024-12-11
100002072,2025-01-05,50 Practice Credits,practice,practice,50 practice,others,763.0,2024-12-11
100002072,2025-04-28,50 Practice Credits,practice,practice,50 practice,others,763.0,2024-12-11
100002073,2024-12-11,10 Practice Credits,practice,practice,10 practice,others,0.0,2024-12-11
100002074,2024-12-11,20 Lesson Pack (Kim On You),lesson,lesson,20 lesson,Kim On You,0.0,2024-12-11
100002074,2024-12-11,25 Practice Credits,practice,practice,25 practice,others,0.0,2024-12-11
100002074,2025-06-19,20 Lesson Pack (Kim On You),lesson,lesson,20 lesson,Kim On You,1853.0,2024-12-11
100002074,2025-06-19,25 Practice Credits,practice,practice,25 practice,others,347.44,2024-12-11
100002075,2025-01-20,10 Practice Credits,practice,practice,10 practice,others,174.4,2025-01-20
100002076,2024-12-11,10 Practice Credits,practice,practice,10 practice,others,0.0,2024-12-11
100002077,2024-12-11,10 Practice Credits,practice,practice,10 practice,others,0.0,2024-12-11
100002078,2024-12-13,25 Practice Credits,practice,practice,25 practice,others,0.0,2024-12-13
100002079,2024-12-13,10 Practice Credits,practice,practice,10 practice,others,0.0,2024-12-13
100002079,2025-02-05,30 Mins Practice Credit,practice,practice,30 mins practice,others,21.8,2024-12-13
100002080,2024-12-13,10 Lesson Pack (Kim On You),lesson,lesson,10 lesson,Kim On You,0.0,2024-12-13
100002080,2024-12-13,10 Practice Credits,practice,practice,10 practice,others,0.0,2024-12-13
100002081,2024-12-13,10 Practice Credits,practice,practice,10 practice,others,0.0,2024-12-13
100002081,2025-02-10,10 Practice Credits,practice,practice,10 practice,others,174.4,2024-12-13
100002081,2025-05-07,10 Practice Credits,practice,practice,10 practice,others,174.4,2024-12-13
100002082,2024-12-13,25 Practice Credits,practice,practice,25 practice,others,0.0,2024-12-13
100002083,2025-01-17,10 Practice Credits,practice,practice,10 practice,others,174.4,2025-01-17
100002083,2025-02-07,10 Practice Credits,practice,practice,10 practice,others,174.4,2025-01-17
100002084,2024-12-13,10 Lesson Pack (Jasper  Park),lesson,lesson,10 lesson,Jasper Park,0.0,2024-12-13
100002085,2024-12-13,10 Practice Credits,practice,practice,10 practice,others,0.0,2024-12-13
100002085,2024-12-20,25 Practice Credits,practice,practice,25 practice,others,0.0,2024-12-13
100002085,2025-01-26,25 Practice Credits,practice,practice,25 practice,others,408.75,2024-12-13
100002085,2025-03-06,25 Practice Credits,practice,practice,25 practice,others,408.75,2024-12-13
100002086,2024-12-13,10 Practice Credits,practice,practice,10 practice,others,0.0,2024-12-13
100002087,2024-12-13,25 Practice Credits,practice,practice,25 practice,others,0.0,2024-12-13
100002088,2024-12-13,25 Practice Credits,practice,practice,25 practice,others,0.0,2024-12-13
100002089,2024-12-13,10 Practice Credits,practice,practice,10 practice,others,0.0,2024-12-13
100002089,2024-12-28,25 Practice Credits,practice,practice,25 practice,others,0.0,2024-12-13
100002090,2024-12-13,10 Practice Credits,practice,practice,10 practice,others,0.0,2024-12-13
100002091,2024-12-13,25 Practice Credits,practice,practice,25 practice,others,0.0,2024-12-13
100002092,2024-12-13,Trial Lesson W/ Paul F,trial,trial,Trial lesson,Paul Finch,0.0,2024-12-13
100002092,2024-12-20,10 Lesson Pack (Paul Finch),lesson,lesson,10 lesson,Paul Finch,0.0,2024-12-13
100002092,2024-12-20,25 Practice Credits,practice,practice,25 practice,others,0.0,2024-12-13
100002093,2024-12-14,10 Practice Credits,practice,practice,10 practice,others,0.0,2024-12-14
100002094,2024-12-14,10 Practice Credits,practice,practice,10 practice,others,0.0,2024-12-14
100002094,2025-04-16,Trial Lesson W/ Desmond Tan,trial,trial,Trial lesson,Desmond Tan,59.95,2024-12-14
100002094,2025-04-26,30 Mins Practice Credit,practice,practice,30 mins practice,others,43.6,2024-12-14
100002095,2024-12-14,10 Practice Credits,practice,practice,10 practice,others,0.0,2024-12-14
100002095,2024-12-20,5 Semi Private (1:2 Lesson) w/ Aiko H,lesson,lesson,5 group lesson,Aiko H,0.0,2024-12-14
100002095,2025-02-18,5 Semi Private (1:2 Lesson) w/ Aiko H,lesson,lesson,5 group lesson,Aiko H,1373.4,2024-12-14
100002095,2025-06-11,10 Practice Credits,practice,practice,10 practice,others,174.4,2024-12-14
100002096,2024-12-16,Trial Lesson w/ Jasper,trial,trial,Trial lesson,Jasper Park,0.0,2024-12-16
100002096,2025-01-05,10 Lesson Pack (Jasper  Park),lesson,lesson,10 lesson,Jasper Park,981.0,2024-12-16
100002096,2025-01-05,10 Practice Credits,practice,practice,10 practice,others,156.96,2024-12-16
100002096,2025-05-16,10 Lesson Pack (Jasper  Park),lesson,lesson,10 lesson,Jasper Park,981.0,2024-12-16
100002097,2025-01-22,Trial Lesson W/ Jiali Khee,trial,trial,Trial lesson,Jiali Khee,119.9,2025-01-22
100002102,2025-04-11,10 Practice Credits,practice,practice,10 practice,others,174.4,2025-04-11
100002103,2024-12-20,20 Lesson Pack (Kim On You),lesson,lesson,20 lesson,Kim On You,0.0,2024-12-20
100002103,2024-12-20,25 Practice Credits,practice,practice,25 practice,others,0.0,2024-12-20
100002104,2024-10-25,10 Practice Credits,practice,practice,10 practice,others,0.0,2024-10-25
100002104,2024-12-20,20 Lesson Pack (Kim On You),lesson,lesson,20 lesson,Kim On You,0.0,2024-10-25
100002104,2024-12-20,50 Practice Credits,practice,practice,50 practice,others,0.0,2024-10-25
100002104,2025-07-26,60 Mins Practise,practice,practice,60 mins practice,others,43.6,2024-10-25
100002104,2025-08-01,30 Mins Practice Credit,practice,practice,30 mins practice,others,21.8,2024-10-25
100002105,2025-01-03,10 Lesson Pack (Jasper  Park),lesson,lesson,10 lesson,Jasper Park,0.0,2025-01-03
100002105,2025-01-28,30 Mins Practice Credit,practice,practice,30 mins practice,others,21.8,2025-01-03
100002105,2025-02-08,Golfzon 9 Holes - 2 Pax,play,play,Golfzon,others,87.2,2025-01-03
100002105,2025-03-15,10 Practice Credits,practice,practice,10 practice,others,174.4,2025-01-03
100002105,2025-03-19,Golfzon 9 Holes - 2 Pax,play,play,Golfzon,others,87.2,2025-01-03
100002105,2025-04-25,Golfzon 9 Holes - 3 Pax,play,play,Golfzon,others,130.8,2025-01-03
100002106,2024-12-20,Trial Lesson w/ Jasper,trial,trial,Trial lesson,Jasper Park,0.0,2024-12-20
100002106,2025-02-07,10 Practice Credits,practice,practice,10 practice,others,174.4,2024-12-20
100002107,2024-12-20,10 Lesson Pack  (Johnson Poh),lesson,lesson,10 lesson,Johnson Poh,0.0,2024-12-20
100002107,2024-12-20,10 Practice Credits,practice,practice,10 practice,others,0.0,2024-12-20
100002107,2025-08-05,10 Practice Credits,practice,practice,10 practice,others,174.4,2024-12-20
100002112,2024-12-20,20 Lesson Pack (Jiali Khee.),lesson,lesson,20 lesson,Jiali Khee,0.0,2024-12-20
100002112,2025-03-04,20 Lesson Pack (Jiali Khee.),lesson,lesson,20 lesson,Jiali Khee,1853.0,2024-12-20
100002112,2025-06-06,20 Lesson Pack (Jiali Khee.),lesson,lesson,20 lesson,Jiali Khee,1853.0,2024-12-20
100002113,2024-12-20,Trial Lesson W/ Jiali Khee,trial,trial,Trial lesson,Jiali Khee,0.0,2024-12-20
100002114,2024-12-20,10 Lesson Pack (Jiali Khee.),lesson,lesson,10 lesson,Jiali Khee,0.0,2024-12-20
100002114,2024-12-20,10 Practice Credits,practice,practice,10 practice,others,0.0,2024-12-20
100002114,2025-05-16,30 Mins 1:1 Lesson W/ Jiali Khee,lesson,lesson,30 mins lesson,Jiali Khee,119.9,2024-12-20
100002114,2025-07-01,30 Mins 1:1 Lesson W/ Jiali Khee,lesson,lesson,30 mins lesson,Jiali Khee,119.9,2024-12-20
100002114,2025-07-06,10 Lesson Pack (Jiali Khee.),lesson,lesson,10 lesson,Jiali Khee,981.0,2024-12-20
100002114,2025-07-06,10 Practice Credits,practice,practice,10 practice,others,156.96,2024-12-20
100002115,2024-12-20,10 Practice Credits,practice,practice,10 practice,others,0.0,2024-12-20
100002115,2025-02-17,Golfzon 18 Holes - 3 Pax,play,play,Golfzon,others,196.2,2024-12-20
100002115,2025-02-18,Trial Lesson w/ Jasper ,trial,trial,Trial lesson,Jasper Park,119.9,2024-12-20
100002115,2025-02-20,10 Lesson Pack (Jasper  Park),lesson,lesson,10 lesson,Jasper Park,981.0,2024-12-20
100002115,2025-02-20,50 Practice Credits,practice,practice,50 practice,others,686.7,2024-12-20
100002115,2025-04-09,Golfzon 9 Holes - 4 Pax,play,play,Golfzon,others,174.4,2024-12-20
100002115,2025-04-11,Golfzon 18 Holes - 3 Pax,play,play,Golfzon,others,98.1,2024-12-20
100002115,2025-04-12,Golfzon 9 Holes - 4 Pax,play,play,Golfzon,others,174.4,2024-12-20
100002115,2025-05-09,Golfzon 18 Holes - 2 Pax,play,play,Golfzon,others,65.4,2024-12-20
100002115,2025-05-30,Golfzon 9 Holes - 2 Pax,play,play,Golfzon,others,43.6,2024-12-20
100002115,2025-06-09,Golfzon 18 Holes - 3 Pax,play,play,Golfzon,others,98.1,2024-12-20
100002116,2024-12-20,10 Practice Credits,practice,practice,10 practice,others,0.0,2024-12-20
100002116,2025-02-09,10 Practice Credits,practice,practice,10 practice,others,174.4,2024-12-20
100002116,2025-03-24,10 Practice Credits,practice,practice,10 practice,others,174.4,2024-12-20
100002117,2024-12-20,10 Practice Credits,practice,practice,10 practice,others,0.0,2024-12-20
100002118,2024-12-20,10 Practice Credits,practice,practice,10 practice,others,0.0,2024-12-20
100002118,2025-07-22,10 Practice Credits,practice,practice,10 practice,others,174.4,2024-12-20
100002119,2024-12-20,25 Practice Credits,practice,practice,25 practice,others,0.0,2024-12-20
100002120,2024-12-20,25 Practice Credits,practice,practice,25 practice,others,0.0,2024-12-20
100002120,2025-03-26,10 Practice Credits,practice,practice,10 practice,others,174.4,2024-12-20
100002120,2025-08-15,30 Mins Practice Credit,practice,practice,30 mins practice,others,21.8,2024-12-20
100002121,2024-12-20,10 Practice Credits,practice,practice,10 practice,others,0.0,2024-12-20
100002122,2024-12-20,10 Practice Credits,practice,practice,10 practice,others,0.0,2024-12-20
100002123,2024-12-20,10 Practice Credits,practice,practice,10 practice,others,0.0,2024-12-20
100002124,2024-12-20,50 Practice Credits,practice,practice,50 practice,others,0.0,2024-12-20
100002125,2024-12-20,10 Practice Credits,practice,practice,10 practice,others,0.0,2024-12-20
100002125,2025-03-28,Golfzon 9 Holes - 2 Pax,play,play,Golfzon,others,87.2,2024-12-20
100002126,2024-12-20,10 Practice Credits,practice,practice,10 practice,others,0.0,2024-12-20
100002127,2024-12-20,10 Practice Credits,practice,practice,10 practice,others,0.0,2024-12-20
100002128,2024-12-20,10 Practice Credits,practice,practice,10 practice,others,0.0,2024-12-20
100002128,2025-04-13,10 Practice Credits,practice,practice,10 practice,others,174.4,2024-12-20
100002131,2024-12-23,Trial Lesson W/ Paul F,trial,trial,Trial lesson,Paul Finch,0.0,2024-12-23
100002132,2024-12-23,10 Practice Credits,practice,practice,10 practice,others,0.0,2024-12-23
100002132,2024-12-31,10 Practice Credits,practice,practice,10 practice,others,0.0,2024-12-23
100002132,2025-01-08,Trial Lesson W/ Jiali Khee,trial,trial,Trial lesson,Jiali Khee,119.9,2024-12-23
100002133,2024-12-23,10 Practice Credits,practice,practice,10 practice,others,0.0,2024-12-23
100002134,2024-12-23,10 Practice Credits,practice,practice,10 practice,others,0.0,2024-12-23
100002135,2024-12-23,10 Practice Credits,practice,practice,10 practice,others,0.0,2024-12-23
100002136,2024-12-23,10 Lesson Pack (Paul Finch),lesson,lesson,10 lesson,Paul Finch,0.0,2024-12-23
100002136,2024-12-23,10 Practice Credits,practice,practice,10 practice,others,0.0,2024-12-23
100002136,2025-02-15,25 Practice Credits,practice,practice,25 practice,others,408.75,2024-12-23
100002136,2025-03-28,25 Practice Credits,practice,practice,25 practice,others,408.75,2024-12-23
100002137,2024-12-23,5 Semi Private (1:2 Lesson) w/ Paul Finch,lesson,lesson,5 group lesson,Paul Finch,0.0,2024-12-23
100002137,2025-08-08,60 Mins Practise,practice,practice,60 mins practice,others,43.6,2024-12-23
100002138,2024-12-23,Trial Lesson W/ Paul F,trial,trial,Trial lesson,Paul Finch,0.0,2024-12-23
100002138,2025-01-13,10 Lesson Pack (Paul Finch),lesson,lesson,10 lesson,Paul Finch,0.0,2024-12-23
100002138,2025-05-04,10 Lesson Pack (Paul Finch),lesson,lesson,10 lesson,Paul Finch,981.0,2024-12-23
100002138,2025-05-04,10 Practice Credits,practice,practice,10 practice,others,156.96,2024-12-23
100002139,2024-12-23,Trial Lessom W/ Johnson Poh,trial,trial,Trial lesson,Johnson Poh,0.0,2024-12-23
100002140,2024-12-23,Trial Lessom W/ Johnson Poh,trial,trial,Trial lesson,Johnson Poh,0.0,2024-12-23
100002141,2024-12-23,Trial Lessom W/ Johnson Poh,trial,trial,Trial lesson,Johnson Poh,0.0,2024-12-23
100002141,2025-01-12,10 Lesson Pack  (Johnson Poh),lesson,lesson,10 lesson,Johnson Poh,981.0,2024-12-23
100002141,2025-01-12,50 Practice Credits,practice,practice,50 practice,others,686.7,2024-12-23
100002141,2025-08-09,10 Lesson Pack  (Johnson Poh),lesson,lesson,10 lesson,Johnson Poh,981.0,2024-12-23
100002142,2024-12-23,25 Practice Credits,practice,practice,25 practice,others,0.0,2024-12-23
100002142,2025-01-04,25 Practice Credits,practice,practice,25 practice,others,408.75,2024-12-23
100002142,2025-03-02,25 Practice Credits,practice,practice,25 practice,others,408.75,2024-12-23
100002142,2025-03-14,Golfzon 18 Holes - 2 Pax,play,play,Golfzon,others,0.0,2024-12-23
100002142,2025-05-02,25 Practice Credits,practice,practice,25 practice,others,408.75,2024-12-23
100002142,2025-05-24,25 Practice Credits,practice,practice,25 practice,others,408.75,2024-12-23
100002143,2024-12-23,25 Practice Credits,practice,practice,25 practice,others,0.0,2024-12-23
100002144,2024-12-23,10 Practice Credits,practice,practice,10 practice,others,0.0,2024-12-23
100002144,2025-01-26,25 Practice Credits,practice,practice,25 practice,others,408.75,2024-12-23
100002144,2025-05-18,25 Practice Credits,practice,practice,25 practice,others,408.75,2024-12-23
100002145,2024-12-23,10 Practice Credits,practice,practice,10 practice,others,0.0,2024-12-23
100002145,2025-02-20,10 Practice Credits,practice,practice,10 practice,others,174.4,2024-12-23
100002146,2024-12-23,25 Practice Credits,practice,practice,25 practice,others,0.0,2024-12-23
100002146,2025-07-06,25 Practice Credits,practice,practice,25 practice,others,408.75,2024-12-23
100002147,2024-12-23,10 Practice Credits,practice,practice,10 practice,others,0.0,2024-12-23
100002148,2024-12-23,10 Practice Credits,practice,practice,10 practice,others,0.0,2024-12-23
100002148,2024-12-23,Trial Lesson W/ Paul F,trial,trial,Trial lesson,Paul Finch,0.0,2024-12-23
100002148,2025-01-10,10 Lesson Pack (Paul Finch),lesson,lesson,10 lesson,Paul Finch,981.0,2024-12-23
100002148,2025-03-09,10 Practice Credits,practice,practice,10 practice,others,174.4,2024-12-23
100002149,2024-12-23,50 Practice Credits,practice,practice,50 practice,others,0.0,2024-12-23
100002150,2024-12-26,10 Lesson Pack ( Aiko H),lesson,lesson,10 lesson,Aiko H,0.0,2024-12-26
100002150,2024-12-26,10 Practice Credits,practice,practice,10 practice,others,0.0,2024-12-26
100002151,2024-12-26,Trial Lessom W/ Johnson Poh,trial,trial,Trial lesson,Johnson Poh,0.0,2024-12-26
100002151,2025-01-12,10 Lesson Pack  (Johnson Poh),lesson,lesson,10 lesson,Johnson Poh,981.0,2024-12-26
100002153,2024-12-27,10 Semi Private (1:2 Lesson)  w/ Jasper Park,lesson,lesson,10 group lesson,Jasper Park,0.0,2024-12-27
100002153,2024-12-27,25 Practice Credits,practice,practice,25 practice,others,0.0,2024-12-27
100002156,2024-12-27,Trial Lessom W/ Johnson Poh,trial,trial,Trial lesson,Johnson Poh,0.0,2024-12-27
100002156,2025-04-27,10 Lesson Pack  (Johnson Poh),lesson,lesson,10 lesson,Johnson Poh,981.0,2024-12-27
100002156,2025-07-05,10 Lesson Pack  (Johnson Poh),lesson,lesson,10 lesson,Johnson Poh,981.0,2024-12-27
100002157,2024-12-27,10 Lesson Pack (Jiali Khee.),lesson,lesson,10 lesson,Jiali Khee,0.0,2024-12-27
100002158,2024-12-27,10 Practice Credits,practice,practice,10 practice,others,0.0,2024-12-27
100002158,2025-01-15,10 Practice Credits,practice,practice,10 practice,others,174.4,2024-12-27
100002158,2025-02-04,10 Practice Credits,practice,practice,10 practice,others,174.4,2024-12-27
100002158,2025-02-22,10 Practice Credits,practice,practice,10 practice,others,174.4,2024-12-27
100002158,2025-03-14,10 Practice Credits,practice,practice,10 practice,others,174.4,2024-12-27
100002158,2025-07-25,10 Practice Credits,practice,practice,10 practice,others,174.4,2024-12-27
100002158,2025-08-07,10 Practice Credits,practice,practice,10 practice,others,174.4,2024-12-27
100002159,2024-12-27,10 Practice Credits,practice,practice,10 practice,others,0.0,2024-12-27
100002159,2025-01-02,10 Practice Credits,practice,practice,10 practice,others,174.4,2024-12-27
100002159,2025-01-25,10 Practice Credits,practice,practice,10 practice,others,174.4,2024-12-27
100002159,2025-02-22,10 Practice Credits,practice,practice,10 practice,others,174.4,2024-12-27
100002159,2025-03-01,10 Practice Credits,practice,practice,10 practice,others,174.4,2024-12-27
100002159,2025-03-29,10 Practice Credits,practice,practice,10 practice,others,174.4,2024-12-27
100002159,2025-04-14,10 Practice Credits,practice,practice,10 practice,others,174.4,2024-12-27
100002160,2024-12-28,30 Mins 1:1 Lesson W/ Jasper,lesson,lesson,30 mins lesson,Jasper Park,0.0,2024-12-28
100002160,2024-12-28,Trial Lesson w/ Jasper,trial,trial,Trial lesson,Jasper Park,0.0,2024-12-28
100002161,2024-12-28,10 Practice Credits,practice,practice,10 practice,others,0.0,2024-12-28
100002161,2024-12-30,10 Lesson Pack  (Johnson Poh),lesson,lesson,10 lesson,Johnson Poh,0.0,2024-12-28
100002161,2025-03-02,10 Practice Credits,practice,practice,10 practice,others,174.4,2024-12-28
100002161,2025-04-13,10 Practice Credits,practice,practice,10 practice,others,174.4,2024-12-28
100002161,2025-07-05,25 Practice Credits,practice,practice,25 practice,others,408.75,2024-12-28
100002162,2024-12-28,50 Practice Credits,practice,practice,50 practice,others,0.0,2024-12-28
100002163,2024-12-28,10 Practice Credits,practice,practice,10 practice,others,0.0,2024-12-28
100002165,2024-12-28,10 Practice Credits,practice,practice,10 practice,others,0.0,2024-12-28
100002165,2025-03-22,10 Practice Credits,practice,practice,10 practice,others,174.4,2024-12-28
100002165,2025-04-05,Trial Lesson W/ Desmond Tan,trial,trial,Trial lesson,Desmond Tan,59.95,2024-12-28
100002165,2025-04-12,10 Lesson Pack (Desmond Tan),lesson,lesson,10 lesson,Desmond Tan,921.05,2024-12-28
100002165,2025-04-12,10 Practice Credits,practice,practice,10 practice,others,156.96,2024-12-28
100002165,2025-04-28,10 Lesson Pack (Desmond Tan),lesson,lesson,10 lesson,Desmond Tan,59.950000000000045,2024-12-28
100002165,2025-04-28,Trial Lesson W/ Desmond Tan,trial,trial,Trial lesson,Desmond Tan,-59.95,2024-12-28
100002165,2025-07-22,10 Practice Credits,practice,practice,10 practice,others,174.4,2024-12-28
100002167,2024-12-28,10 Practice Credits,practice,practice,10 practice,others,0.0,2024-12-28
100002168,2024-12-29,Trial Lesson W/ Paul F,trial,trial,Trial lesson,Paul Finch,0.0,2024-12-29
100002170,2024-12-29,Trial Lesson W/ Kim On You,trial,trial,Trial lesson,Kim On You,0.0,2024-12-29
100002170,2025-02-16,10 Lesson Pack (Kim On You),lesson,lesson,10 lesson,Kim On You,981.0,2024-12-29
100002170,2025-02-16,10 Practice Credits,practice,practice,10 practice,others,156.96,2024-12-29
100002170,2025-06-08,10 Lesson Pack (Kim On You),lesson,lesson,10 lesson,Kim On You,981.0,2024-12-29
100002170,2025-06-08,25 Practice Credits,practice,practice,25 practice,others,367.88,2024-12-29
100002171,2024-12-29,Trial Lesson W/ Paul F,trial,trial,Trial lesson,Paul Finch,0.0,2024-12-29
100002171,2025-01-25,10 Lesson Pack (Paul Finch),lesson,lesson,10 lesson,Paul Finch,981.0,2024-12-29
100002171,2025-01-25,10 Practice Credits,practice,practice,10 practice,others,156.96,2024-12-29
100002171,2025-03-15,10 Lesson Pack (Paul Finch),lesson,lesson,10 lesson,Paul Finch,981.0,2024-12-29
100002171,2025-05-12,10 Lesson Pack (Paul Finch),lesson,lesson,10 lesson,Paul Finch,981.0,2024-12-29
100002172,2024-12-29,25 Practice Credits,practice,practice,25 practice,others,0.0,2024-12-29
100002172,2025-05-10,10 Practice Credits,practice,practice,10 practice,others,174.4,2024-12-29
100002172,2025-06-28,25 Practice Credits,practice,practice,25 practice,others,408.75,2024-12-29
100002173,2024-12-30,Group Trial Paul,trial,trial,Group Trial,Paul Finch,0.0,2024-12-30
100002173,2025-01-02,10 Practice Credits,practice,practice,10 practice,others,296.48,2024-12-30
100002173,2025-01-02,10 Semi Private (1:2 Lesson) w/ Paul Finch,lesson,lesson,10 group lesson,Paul Finch,2594.2,2024-12-30
100002174,2024-12-30,10 Practice Credits,practice,practice,10 practice,others,0.0,2024-12-30
100002175,2024-12-30,10 Practice Credits,practice,practice,10 practice,others,0.0,2024-12-30
100002176,2024-12-30,10 Practice Credits,practice,practice,10 practice,others,0.0,2024-12-30
100002178,2024-12-30,10 Practice Credits,practice,practice,10 practice,others,0.0,2024-12-30
100002178,2025-07-07,Golfzon 9 Holes - 2 Pax,play,play,Golfzon,others,87.2,2024-12-30
100002183,2024-12-31,Trial Lesson W/ Paul F,trial,trial,Trial lesson,Paul Finch,0.0,2024-12-31
100002187,2025-01-03,10 Lesson Pack (Jasper  Park),lesson,lesson,10 lesson,Jasper Park,981.0,2025-01-03
100002187,2025-01-03,25 Practice Credits,practice,practice,25 practice,others,367.87,2025-01-03
100002188,2025-01-02,Group Trial Jiali,trial,trial,Group Trial,Jiali Khee,196.2,2025-01-02
100002188,2025-01-11,10 Practice Credits,practice,practice,10 practice,others,296.48,2025-01-02
100002188,2025-01-11,10 Semi Private (1:2 Lesson) w/ Jiali Khee,lesson,lesson,10 group lesson,Jiali Khee,2594.2,2025-01-02
100002190,2025-01-02,Group Trial Paul,trial,trial,Group Trial,Paul Finch,196.2,2025-01-02
100002191,2025-01-02,10 Practice Credits,practice,practice,10 practice,others,0.0,2025-01-02
100002191,2025-01-03,10 Practice Credits,practice,practice,10 practice,others,0.0,2025-01-02
100002191,2025-01-07,10 Practice Credits,practice,practice,10 practice,others,0.0,2025-01-02
100002191,2025-03-06,10 Practice Credits,practice,practice,10 practice,others,174.4,2025-01-02
100002192,2025-01-02,Trial Lesson W/ Paul F,trial,trial,Trial lesson,Paul Finch,119.9,2025-01-02
100002192,2025-01-04,60 Mins 1:1 Lesson W/ Paul Finch,lesson,lesson,60 mins lesson,Paul Finch,239.8,2025-01-02
100002194,2025-01-02,Trial Lesson W/ Joey Poh,trial,trial,Trial lesson,Joey Poh,119.9,2025-01-02
100002194,2025-01-06,10 Lesson Pack (Joey Poh.),lesson,lesson,10 lesson,Joey Poh,981.0,2025-01-02
100002194,2025-01-12,30 Mins Practice Credit,practice,practice,30 mins practice,others,21.8,2025-01-02
100002194,2025-01-26,30 Mins Practice Credit,practice,practice,30 mins practice,others,21.8,2025-01-02
100002194,2025-01-27,30 Mins Practice Credit,practice,practice,30 mins practice,others,21.8,2025-01-02
100002194,2025-02-15,30 Mins Practice Credit,practice,practice,30 mins practice,others,21.8,2025-01-02
100002194,2025-02-17,30 Mins Practice Credit,practice,practice,30 mins practice,others,21.8,2025-01-02
100002194,2025-02-23,60 Mins Practise,practice,practice,60 mins practice,others,43.6,2025-01-02
100002194,2025-02-24,30 Mins Practice Credit,practice,practice,30 mins practice,others,21.8,2025-01-02
100002194,2025-03-02,30 Mins Practice Credit,practice,practice,30 mins practice,others,21.8,2025-01-02
100002194,2025-03-09,10 Practice Credits,practice,practice,10 practice,others,174.4,2025-01-02
100002194,2025-04-12,10 Practice Credits,practice,practice,10 practice,others,174.4,2025-01-02
100002195,2025-01-03,Trial Lesson W/ Jiali Khee,trial,trial,Trial lesson,Jiali Khee,119.9,2025-01-03
100002196,2025-01-03,20 Lesson Pack (Jiali Khee.),lesson,lesson,20 lesson,Jiali Khee,1853.0,2025-01-03
100002196,2025-01-03,25 Practice Credits,practice,practice,25 practice,others,347.44,2025-01-03
100002196,2025-01-03,Trial Lesson W/ Jiali Khee,trial,trial,Trial lesson,Jiali Khee,119.9,2025-01-03
100002197,2025-01-03,10 Lesson Pack (Paul Finch),lesson,lesson,10 lesson,Paul Finch,981.0,2025-01-03
100002197,2025-01-03,10 Practice Credits,practice,practice,10 practice,others,156.96,2025-01-03
100002197,2025-07-15,10 Practice Credits,practice,practice,10 practice,others,174.4,2025-01-03
100002198,2025-01-03,Trial Lesson W/ Johnson Poh,trial,trial,Trial lesson,Johnson Poh,119.9,2025-01-03
100002198,2025-01-19,10 Lesson Pack  (Johnson Poh),lesson,lesson,10 lesson,Johnson Poh,981.0,2025-01-03
100002198,2025-01-19,10 Practice Credits,practice,practice,10 practice,others,156.96,2025-01-03
100002198,2025-05-03,10 Lesson Pack  (Johnson Poh),lesson,lesson,10 lesson,Johnson Poh,981.0,2025-01-03
100002198,2025-05-03,10 Practice Credits,practice,practice,10 practice,others,156.96,2025-01-03
100002198,2025-08-17,10 Lesson Pack  (Johnson Poh),lesson,lesson,10 lesson,Johnson Poh,981.0,2025-01-03
100002198,2025-08-17,10 Practice Credits,practice,practice,10 practice,others,156.96,2025-01-03
100002199,2025-01-04,20 Lesson Pack (Jiali Khee.),lesson,lesson,20 lesson,Jiali Khee,1853.0,2025-01-04
100002199,2025-01-04,Trial Lesson W/ Jiali Khee,trial,trial,Trial lesson,Jiali Khee,119.9,2025-01-04
100002200,2025-01-04,Group Trial Jasper,trial,trial,Group Trial,Jasper Park,196.2,2025-01-04
100002200,2025-01-04,Trial Lesson w/ Jasper,trial,trial,Trial lesson,Jasper Park,119.9,2025-01-04
100002200,2025-01-10,5 Semi Private (1:2 Lesson) w/ Jasper Park,lesson,lesson,5 group lesson,Jasper Park,1373.4,2025-01-04
100002200,2025-01-11,10 Lesson Pack (Jasper  Park),lesson,lesson,10 lesson,Jasper Park,981.0,2025-01-04
100002200,2025-01-11,10 Practice Credits,practice,practice,10 practice,others,156.96,2025-01-04
100002200,2025-03-12,10 Semi Private (1:2 Lesson)  w/ Jasper Park,lesson,lesson,10 group lesson,Jasper Park,2594.2,2025-01-04
100002200,2025-03-23,20 Lesson Pack (Jasper Park),lesson,lesson,20 lesson,Jasper Park,1853.0,2025-01-04
100002200,2025-03-26,10 Practice Credits,practice,practice,10 practice,others,174.4,2025-01-04
100002200,2025-05-16,10 Practice Credits,practice,practice,10 practice,others,174.4,2025-01-04
100002200,2025-05-27,10 Practice Credits,practice,practice,10 practice,others,174.4,2025-01-04
100002200,2025-06-20,10 Practice Credits,practice,practice,10 practice,others,174.4,2025-01-04
100002201,2025-01-04,10 Practice Credits,practice,practice,10 practice,others,174.4,2025-01-04
100002201,2025-02-01,25 Practice Credits,practice,practice,25 practice,others,408.75,2025-01-04
100002202,2025-01-04,Trial Lesson W/ Joey Poh,trial,trial,Trial lesson,Joey Poh,119.9,2025-01-04
100002203,2025-01-04,10 Practice Credits,practice,practice,10 practice,others,174.4,2025-01-04
100002203,2025-01-06,Trial Lesson W/ Jiali Khee,trial,trial,Trial lesson,Jiali Khee,119.9,2025-01-04
100002203,2025-01-13,10 Lesson Pack (Jiali Khee.),lesson,lesson,10 lesson,Jiali Khee,981.0,2025-01-04
100002203,2025-01-13,10 Practice Credits,practice,practice,10 practice,others,156.96,2025-01-04
100002203,2025-04-15,Trial Lesson W/ Desmond Tan,trial,trial,Trial lesson,Desmond Tan,59.95,2025-01-04
100002203,2025-05-07,10 Lesson Pack (Jiali Khee.),lesson,lesson,10 lesson,Jiali Khee,981.0,2025-01-04
100002203,2025-05-07,10 Practice Credits,practice,practice,10 practice,others,156.96,2025-01-04
100002204,2025-01-04,Group Trial Joey,trial,trial,Group Trial,Joey Poh,196.2,2025-01-04
100002205,2025-01-04,10 Practice Credits,practice,practice,10 practice,others,174.4,2025-01-04
100002205,2025-01-04,25 Practice Credits,practice,practice,25 practice,others,0.0,2025-01-04
100002206,2025-01-04,10 Practice Credits,practice,practice,10 practice,others,174.4,2025-01-04
100002207,2025-01-05,30 Mins Practice Credit,practice,practice,30 mins practice,others,21.8,2025-01-05
100002207,2025-04-13,30 Mins Practice Credit,practice,practice,30 mins practice,others,21.8,2025-01-05
100002208,2025-01-05,10 Practice Credits,practice,practice,10 practice,others,174.4,2025-01-05
100002210,2025-01-05,10 Practice Credits,practice,practice,10 practice,others,174.4,2025-01-05
100002210,2025-06-22,10 Practice Credits,practice,practice,10 practice,others,174.4,2025-01-05
100002211,2025-01-05,Trial Lesson W/ Kim On You,trial,trial,Trial lesson,Kim On You,239.8,2025-01-05
100002211,2025-01-12,10 Lesson Pack (Kim On You),lesson,lesson,10 lesson,Kim On You,981.0,2025-01-05
100002211,2025-01-12,50 Practice Credits,practice,practice,50 practice,others,686.7,2025-01-05
100002212,2025-01-05,10 Practice Credits,practice,practice,10 practice,others,174.4,2025-01-05
100002212,2025-02-16,10 Practice Credits,practice,practice,10 practice,others,174.4,2025-01-05
100002212,2025-03-02,10 Practice Credits,practice,practice,10 practice,others,174.4,2025-01-05
100002212,2025-04-13,10 Practice Credits,practice,practice,10 practice,others,174.4,2025-01-05
100002212,2025-05-25,10 Practice Credits,practice,practice,10 practice,others,174.4,2025-01-05
100002212,2025-07-08,10 Practice Credits,practice,practice,10 practice,others,174.4,2025-01-05
100002212,2025-07-21,Golfzon 9 Holes - 2 Pax,play,play,Golfzon,others,87.2,2025-01-05
100002212,2025-08-12,10 Practice Credits,practice,practice,10 practice,others,174.4,2025-01-05
100002213,2025-01-05,10 Practice Credits,practice,practice,10 practice,others,174.4,2025-01-05
100002214,2025-01-05,10 Practice Credits,practice,practice,10 practice,others,0.0,2025-01-05
100002216,2025-01-05,50 Practice Credits,practice,practice,50 practice,others,763.0,2025-01-05
100002216,2025-03-16,Trial Lesson w/ Jasper ,trial,trial,Trial lesson,Jasper Park,119.9,2025-01-05
100002216,2025-04-01,10 Lesson Pack (Jasper  Park),lesson,lesson,10 lesson,Jasper Park,981.0,2025-01-05
100002216,2025-08-03,10 Lesson Pack (Jasper  Park),lesson,lesson,10 lesson,Jasper Park,981.0,2025-01-05
100002216,2025-08-03,50 Practice Credits,practice,practice,50 practice,others,686.7,2025-01-05
100002216,2025-08-11,Golfzon 18 Holes - 2 Pax,play,play,Golfzon,others,65.4,2025-01-05
100002216,2025-08-15,Golfzon 18 Holes - 2 Pax,play,play,Golfzon,others,65.4,2025-01-05
100002217,2025-02-04,10 Practice Credits,practice,practice,10 practice,others,174.4,2025-02-04
100002217,2025-04-05,10 Practice Credits,practice,practice,10 practice,others,174.4,2025-02-04
100002217,2025-04-26,10 Practice Credits,practice,practice,10 practice,others,174.4,2025-02-04
100002217,2025-07-01,10 Practice Credits,practice,practice,10 practice,others,174.4,2025-02-04
100002218,2025-01-06,100 Practice Credits,practice,practice,100 practice,others,2408.9,2025-01-06
100002218,2025-01-06,20 Lesson Pack (Kim On You),lesson,lesson,20 lesson,Kim On You,3706.0,2025-01-06
100002218,2025-01-06,Trial Lesson W/ Kim On You,trial,trial,Trial lesson,Kim On You,119.9,2025-01-06
100002219,2025-01-06,10 Practice Credits,practice,practice,10 practice,others,174.4,2025-01-06
100002220,2025-01-06,10 Practice Credits,practice,practice,10 practice,others,174.4,2025-01-06
100002221,2025-05-05,10 Practice Credits,practice,practice,10 practice,others,174.4,2025-05-05
100002223,2025-01-06,Trial Lesson W/ Kim On You,trial,trial,Trial lesson,Kim On You,119.9,2025-01-06
100002224,2025-01-06,50 Practice Credits,practice,practice,50 practice,others,763.0,2025-01-06
100002225,2025-01-06,10 Practice Credits,practice,practice,10 practice,others,174.4,2025-01-06
100002225,2025-01-24,25 Practice Credits,practice,practice,25 practice,others,408.75,2025-01-06
100002225,2025-05-29,25 Practice Credits,practice,practice,25 practice,others,408.75,2025-01-06
100002226,2025-01-06,25 Practice Credits,practice,practice,25 practice,others,408.75,2025-01-06
100002227,2025-01-06,10 Practice Credits,practice,practice,10 practice,others,174.4,2025-01-06
100002228,2025-01-06,10 Lesson Pack (Kim On You),lesson,lesson,10 lesson,Kim On You,981.0,2025-01-06
100002228,2025-01-06,25 Practice Credits,practice,practice,25 practice,others,367.87,2025-01-06
100002228,2025-01-06,Trial Lesson W/ Kim On You,trial,trial,Trial lesson,Kim On You,119.9,2025-01-06
100002228,2025-04-15,10 Lesson Pack (Kim On You),lesson,lesson,10 lesson,Kim On You,981.0,2025-01-06
100002230,2025-01-07,100 Practice Credits,practice,practice,100 practice,others,0.0,2025-01-07
100002231,2025-01-07,Trial Lesson W/ Aiko H,trial,trial,Trial lesson,Aiko H,119.9,2025-01-07
100002231,2025-01-08,10 Practice Credits,practice,practice,10 practice,others,174.4,2025-01-07
100002232,2025-01-07,10 Lesson Pack (Jasper  Park),lesson,lesson,10 lesson,Jasper Park,981.0,2025-01-07
100002233,2025-01-07,30 Mins 1:1 Lesson W/ Jiali Khee,lesson,lesson,30 mins lesson,Jiali Khee,119.9,2025-01-07
100002234,2025-01-07,Trial Lesson W/ Jiali Khee,trial,trial,Trial lesson,Jiali Khee,119.9,2025-01-07
100002235,2025-01-07,Trial Lesson W/ Paul F,trial,trial,Trial lesson,Paul Finch,119.9,2025-01-07
100002236,2025-01-07,Trial Lesson W/ Kim On You,trial,trial,Trial lesson,Kim On You,119.9,2025-01-07
100002237,2025-01-13,Trial Lesson W/ Paul F,trial,trial,Trial lesson,Paul Finch,119.9,2025-01-13
100002238,2025-01-08,10 Practice Credits,practice,practice,10 practice,others,174.4,2025-01-08
100002238,2025-04-30,10 Practice Credits,practice,practice,10 practice,others,174.4,2025-01-08
100002239,2025-01-08,20 Lesson Pack (Kim On You),lesson,lesson,20 lesson,Kim On You,1853.0,2025-01-08
100002239,2025-01-08,25 Practice Credits,practice,practice,25 practice,others,347.44,2025-01-08
100002239,2025-06-17,10 Practice Credits,practice,practice,10 practice,others,174.4,2025-01-08
100002239,2025-07-09,10 Practice Credits,practice,practice,10 practice,others,174.4,2025-01-08
100002240,2025-01-08,Trial Lesson W/ Paul F,trial,trial,Trial lesson,Paul Finch,119.9,2025-01-08
100002242,2025-01-09,Trial Lesson W/ Paul F,trial,trial,Trial lesson,Paul Finch,119.9,2025-01-09
100002243,2025-01-09,Trial Lesson W/ Paul F,trial,trial,Trial lesson,Paul Finch,119.9,2025-01-09
100002244,2025-01-09,Trial Lesson W/ Paul F,trial,trial,Trial lesson,Paul Finch,119.9,2025-01-09
100002244,2025-01-15,10 Lesson Pack (Paul Finch),lesson,lesson,10 lesson,Paul Finch,981.0,2025-01-09
100002245,2025-01-09,Trial Lesson W/ Jiali Khee,trial,trial,Trial lesson,Jiali Khee,119.9,2025-01-09
100002247,2025-01-09,10 Practice Credits,practice,practice,10 practice,others,174.4,2025-01-09
100002248,2025-01-24,Trial Lesson W/ Joey Poh,trial,trial,Trial lesson,Joey Poh,119.9,2025-01-24
100002248,2025-02-01,60 Mins Practise,practice,practice,60 mins practice,others,43.6,2025-01-24
100002248,2025-02-02,10 Lesson Pack (Joey Poh.),lesson,lesson,10 lesson,Joey Poh,981.0,2025-01-24
100002248,2025-02-02,25 Practice Credits,practice,practice,25 practice,others,367.87,2025-01-24
100002249,2025-03-21,60 Mins Practise,practice,practice,60 mins practice,others,43.6,2025-03-21
100002249,2025-05-22,30 Mins Practice Credit,practice,practice,30 mins practice,others,21.8,2025-03-21
100002249,2025-05-29,60 Mins Practise,practice,practice,60 mins practice,others,43.6,2025-03-21
100002249,2025-06-21,30 Mins Practice Credit,practice,practice,30 mins practice,others,21.8,2025-03-21
100002251,2025-01-10,Trial Lesson W/ Paul F,trial,trial,Trial lesson,Paul Finch,119.9,2025-01-10
100002251,2025-01-20,10 Lesson Pack (Paul Finch),lesson,lesson,10 lesson,Paul Finch,981.0,2025-01-10
100002251,2025-01-20,10 Practice Credits,practice,practice,10 practice,others,156.96,2025-01-10
100002253,2025-01-20,Trial Lesson W/ Joey Poh,trial,trial,Trial lesson,Joey Poh,119.9,2025-01-20
100002254,2025-01-10,Trial Lesson W/ Jiali Khee,trial,trial,Trial lesson,Jiali Khee,119.9,2025-01-10
100002255,2025-01-10,10 Practice Credits,practice,practice,10 practice,others,174.4,2025-01-10
100002256,2025-01-10,Group Trial Johnson,trial,trial,Group Trial,Johnson Poh,196.2,2025-01-10
100002258,2025-01-11,Trial Lesson W/ Johnson Poh,trial,trial,Trial lesson,Johnson Poh,119.9,2025-01-11
100002258,2025-01-12,10 Lesson Pack  (Johnson Poh),lesson,lesson,10 lesson,Johnson Poh,981.0,2025-01-11
100002258,2025-01-12,10 Practice Credits,practice,practice,10 practice,others,156.96,2025-01-11
100002259,2025-01-11,Trial Lesson W/ Paul F,trial,trial,Trial lesson,Paul Finch,119.9,2025-01-11
100002260,2025-01-11,10 Practice Credits,practice,practice,10 practice,others,174.4,2025-01-11
100002262,2025-01-11,Trial Lesson W/ Johnson Poh,trial,trial,Trial lesson,Johnson Poh,119.9,2025-01-11
100002263,2025-01-11,25 Practice Credits,practice,practice,25 practice,others,408.75,2025-01-11
100002263,2025-05-02,Trial Lesson W/ Desmond Tan,trial,trial,Trial lesson,Desmond Tan,59.95,2025-01-11
100002264,2025-01-11,10 Practice Credits,practice,practice,10 practice,others,174.4,2025-01-11
100002264,2025-04-04,10 Practice Credits,practice,practice,10 practice,others,174.4,2025-01-11
100002264,2025-08-01,Golfzon 18 Holes - 1 Pax,play,play,Golfzon,others,54.5,2025-01-11
100002265,2025-01-11,25 Practice Credits,practice,practice,25 practice,others,408.75,2025-01-11
100002265,2025-06-08,25 Practice Credits,practice,practice,25 practice,others,408.75,2025-01-11
100002266,2025-01-11,10 Practice Credits,practice,practice,10 practice,others,174.4,2025-01-11
100002266,2025-02-05,10 Practice Credits,practice,practice,10 practice,others,174.4,2025-01-11
100002266,2025-04-12,10 Practice Credits,practice,practice,10 practice,others,174.4,2025-01-11
100002266,2025-04-12,Trial Lesson W/ Son Gunwoo,trial,trial,Trial lesson,Son Gunwoo,59.95,2025-01-11
100002266,2025-04-20,Trial Lesson W/ Kim On You,trial,trial,Trial lesson,Kim On You,119.9,2025-01-11
100002266,2025-05-04,10 Practice Credits,practice,practice,10 practice,others,174.4,2025-01-11
100002266,2025-05-31,10 Practice Credits,practice,practice,10 practice,others,174.4,2025-01-11
100002266,2025-07-19,10 Practice Credits,practice,practice,10 practice,others,174.4,2025-01-11
100002266,2025-08-02,10 Practice Credits,practice,practice,10 practice,others,174.4,2025-01-11
100002267,2025-01-11,50 Practice Credits,practice,practice,50 practice,others,0.0,2025-01-11
100002268,2025-01-11,10 Practice Credits,practice,practice,10 practice,others,174.4,2025-01-11
100002268,2025-05-05,10 Practice Credits,practice,practice,10 practice,others,174.4,2025-01-11
100002268,2025-05-05,Trial Lesson W/ Desmond Tan,trial,trial,Trial lesson,Desmond Tan,59.95,2025-01-11
100002269,2025-01-11,Trial Lesson W/ Johnson Poh,trial,trial,Trial lesson,Johnson Poh,119.9,2025-01-11
100002269,2025-01-18,20 Lesson Pack (Johnson Poh),lesson,lesson,20 lesson,Johnson Poh,1853.0,2025-01-11
100002269,2025-01-18,25 Practice Credits,practice,practice,25 practice,others,347.44,2025-01-11
100002270,2025-01-12,Group Trial Paul,trial,trial,Group Trial,Paul Finch,196.2,2025-01-12
100002271,2025-01-12,Trial Lesson W/ Joey Poh,trial,trial,Trial lesson,Joey Poh,119.9,2025-01-12
100002271,2025-02-01,10 Lesson Pack (Joey Poh.),lesson,lesson,10 lesson,Joey Poh,981.0,2025-01-12
100002271,2025-02-01,10 Practice Credits,practice,practice,10 practice,others,156.96,2025-01-12
100002271,2025-04-26,50 Practice Credits,practice,practice,50 practice,others,0.0,2025-01-12
100002271,2025-05-04,10 Lesson Pack (Joey Poh.),lesson,lesson,10 lesson,Joey Poh,981.0,2025-01-12
100002271,2025-08-17,20 Lesson Pack  (Joey Poh),lesson,lesson,20 lesson,Joey Poh,1853.0,2025-01-12
100002272,2025-01-16,Trial Lesson W/ Johnson Poh,trial,trial,Trial lesson,Johnson Poh,119.9,2025-01-16
100002272,2025-01-25,20 Lesson Pack (Johnson Poh),lesson,lesson,20 lesson,Johnson Poh,1853.0,2025-01-16
100002272,2025-01-25,25 Practice Credits,practice,practice,25 practice,others,347.44,2025-01-16
100002272,2025-06-12,Golfzon 18 Holes - 2 Pax,play,play,Golfzon,others,130.8,2025-01-16
100002272,2025-06-14,25 Practice Credits,practice,practice,25 practice,others,408.75,2025-01-16
100002273,2025-01-12,10 Practice Credits,practice,practice,10 practice,others,174.4,2025-01-12
100002274,2025-01-12,10 Practice Credits,practice,practice,10 practice,others,174.4,2025-01-12
100002275,2025-01-12,10 Practice Credits,practice,practice,10 practice,others,174.4,2025-01-12
100002275,2025-04-05,25 Practice Credits,practice,practice,25 practice,others,408.75,2025-01-12
100002276,2025-01-12,10 Practice Credits,practice,practice,10 practice,others,174.4,2025-01-12
100002277,2025-01-13,25 Practice Credits,practice,practice,25 practice,others,408.75,2025-01-13
100002277,2025-05-01,10 Practice Credits,practice,practice,10 practice,others,174.4,2025-01-13
100002277,2025-07-12,Group Trial Paul,trial,trial,Group Trial,Paul Finch,196.2,2025-01-13
100002277,2025-08-10,10 Lesson Pack (Paul Finch),lesson,lesson,10 lesson,Paul Finch,981.0,2025-01-13
100002277,2025-08-10,25 Practice Credits,practice,practice,25 practice,others,367.88,2025-01-13
100002278,2025-01-13,20 Lesson Pack ( Aiko H),lesson,lesson,20 lesson,Aiko H,1853.0,2025-01-13
100002278,2025-01-13,25 Practice Credits,practice,practice,25 practice,others,347.44,2025-01-13
100002278,2025-01-13,Trial Lesson W/ Aiko H,trial,trial,Trial lesson,Aiko H,119.9,2025-01-13
100002279,2025-01-14,Trial Lesson W/ Jiali Khee,trial,trial,Trial lesson,Jiali Khee,119.9,2025-01-14
100002279,2025-01-15,10 Lesson Pack (Jiali Khee.),lesson,lesson,10 lesson,Jiali Khee,981.0,2025-01-14
100002279,2025-01-15,10 Practice Credits,practice,practice,10 practice,others,156.96,2025-01-14
100002280,2025-01-13,25 Practice Credits,practice,practice,25 practice,others,408.75,2025-01-13
100002281,2025-01-13,Trial Lesson W/ Johnson Poh,trial,trial,Trial lesson,Johnson Poh,119.9,2025-01-13
100002281,2025-01-18,20 Lesson Pack (Johnson Poh),lesson,lesson,20 lesson,Johnson Poh,1853.0,2025-01-13
100002281,2025-01-18,25 Practice Credits,practice,practice,25 practice,others,347.44,2025-01-13
100002283,2025-01-14,10 Practice Credits,practice,practice,10 practice,others,174.4,2025-01-14
100002284,2025-01-14,Trial Lesson W/ Kim On You,trial,trial,Trial lesson,Kim On You,119.9,2025-01-14
100002284,2025-01-17,100 Practice Credits,practice,practice,100 practice,others,1204.45,2025-01-14
100002284,2025-01-17,20 Lesson Pack (Kim On You),lesson,lesson,20 lesson,Kim On You,1853.0,2025-01-14
100002285,2025-01-14,10 Lesson Pack (Kim On You),lesson,lesson,10 lesson,Kim On You,981.0,2025-01-14
100002285,2025-01-14,10 Practice Credits,practice,practice,10 practice,others,156.96,2025-01-14
100002285,2025-01-14,Group Trial Onyou,trial,trial,Group Trial,Kim On You,196.2,2025-01-14
100002285,2025-01-14,Trial Lesson W/ Kim On You,trial,trial,Trial lesson,Kim On You,119.9,2025-01-14
100002286,2025-01-14,10 Practice Credits,practice,practice,10 practice,others,174.4,2025-01-14
100002286,2025-04-22,10 Practice Credits,practice,practice,10 practice,others,174.4,2025-01-14
100002287,2025-01-14,10 Practice Credits,practice,practice,10 practice,others,174.4,2025-01-14
100002288,2025-01-15,20 Lesson Pack (Johnson Poh),lesson,lesson,20 lesson,Johnson Poh,1853.0,2025-01-15
100002288,2025-01-15,50 Practice Credits,practice,practice,50 practice,others,648.55,2025-01-15
100002289,2025-01-15,Group Trial Paul,trial,trial,Group Trial,Paul Finch,196.2,2025-01-15
100002290,2025-01-15,10 Practice Credits,practice,practice,10 practice,others,174.4,2025-01-15
100002290,2025-02-20,10 Practice Credits,practice,practice,10 practice,others,174.4,2025-01-15
100002290,2025-04-16,10 Practice Credits,practice,practice,10 practice,others,174.4,2025-01-15
100002290,2025-06-16,10 Practice Credits,practice,practice,10 practice,others,174.4,2025-01-15
100002291,2025-01-15,25 Practice Credits,practice,practice,25 practice,others,0.0,2025-01-15
100002292,2025-01-16,10 Practice Credits,practice,practice,10 practice,others,174.4,2025-01-16
100002292,2025-03-12,Trial Lesson W/ Son Gunwoo,trial,trial,Trial lesson,Son Gunwoo,119.9,2025-01-16
100002293,2025-01-16,10 Practice Credits,practice,practice,10 practice,others,174.4,2025-01-16
100002294,2025-01-16,Trial Lesson W/ Jiali Khee,trial,trial,Trial lesson,Jiali Khee,119.9,2025-01-16
100002294,2025-01-25,10 Lesson Pack (Jiali Khee.),lesson,lesson,10 lesson,Jiali Khee,981.0,2025-01-16
100002294,2025-01-25,10 Practice Credits,practice,practice,10 practice,others,156.96,2025-01-16
100002295,2025-01-16,20 Lesson Pack (Kim On You),lesson,lesson,20 lesson,Kim On You,1853.0,2025-01-16
100002295,2025-01-16,50 Practice Credits,practice,practice,50 practice,others,648.55,2025-01-16
100002296,2025-01-16,Group Trial Johnson,trial,trial,Group Trial,Johnson Poh,392.4,2025-01-16
100002297,2025-01-17,10 Practice Credits,practice,practice,10 practice,others,0.0,2025-01-17
100002298,2025-01-17,10 Practice Credits,practice,practice,10 practice,others,174.4,2025-01-17
100002299,2025-01-17,Trial Lesson W/ Kim On You,trial,trial,Trial lesson,Kim On You,119.9,2025-01-17
100002299,2025-01-22,20 Lesson Pack (Kim On You),lesson,lesson,20 lesson,Kim On You,1853.0,2025-01-17
100002299,2025-01-22,25 Practice Credits,practice,practice,25 practice,others,347.44,2025-01-17
100002300,2025-01-17,Group Trial Paul,trial,trial,Group Trial,Paul Finch,196.2,2025-01-17
100002300,2025-01-18,10 Practice Credits,practice,practice,10 practice,others,174.4,2025-01-17
100002301,2025-01-18,30 Mins Practice Credit,practice,practice,30 mins practice,others,21.8,2025-01-18
100002301,2025-01-22,10 Practice Credits,practice,practice,10 practice,others,174.4,2025-01-18
100002302,2025-01-18,10 Practice Credits,practice,practice,10 practice,others,174.4,2025-01-18
100002304,2025-01-18,25 Practice Credits,practice,practice,25 practice,others,408.75,2025-01-18
100002306,2025-01-18,10 Practice Credits,practice,practice,10 practice,others,174.4,2025-01-18
100002306,2025-01-18,Group Trial Johnson,trial,trial,Group Trial,Johnson Poh,196.2,2025-01-18
100002306,2025-03-08,25 Practice Credits,practice,practice,25 practice,others,408.75,2025-01-18
100002306,2025-05-01,50 Practice Credits,practice,practice,50 practice,others,763.0,2025-01-18
100002306,2025-06-21,100 Practice Credits,practice,practice,100 practice,others,1204.45,2025-01-18
100002306,2025-06-21,20 Lesson Pack (Johnson Poh),lesson,lesson,20 lesson,Johnson Poh,1853.0,2025-01-18
100002307,2025-01-18,25 Practice Credits,practice,practice,25 practice,others,408.75,2025-01-18
100002308,2025-01-18,30 Mins Practice Credit,practice,practice,30 mins practice,others,21.8,2025-01-18
100002309,2025-01-18,Trial Lesson W/ Joey Poh,trial,trial,Trial lesson,Joey Poh,119.9,2025-01-18
100002309,2025-01-26,10 Lesson Pack (Joey Poh.),lesson,lesson,10 lesson,Joey Poh,981.0,2025-01-18
100002309,2025-01-26,25 Practice Credits,practice,practice,25 practice,others,367.87,2025-01-18
100002309,2025-06-25,10 Lesson Pack (Joey Poh.),lesson,lesson,10 lesson,Joey Poh,981.0,2025-01-18
100002309,2025-06-25,10 Practice Credits,practice,practice,10 practice,others,156.96,2025-01-18
100002310,2025-01-18,10 Lesson Pack  (Johnson Poh),lesson,lesson,10 lesson,Johnson Poh,981.0,2025-01-18
100002310,2025-01-18,25 Practice Credits,practice,practice,25 practice,others,367.87,2025-01-18
100002310,2025-04-27,20 Lesson Pack (Johnson Poh),lesson,lesson,20 lesson,Johnson Poh,1853.0,2025-01-18
100002310,2025-04-27,50 Practice Credits,practice,practice,50 practice,others,648.55,2025-01-18
100002311,2025-01-18,30 Mins Practice Credit,practice,practice,30 mins practice,others,43.6,2025-01-18
100002311,2025-01-26,30 Mins Practice Credit,practice,practice,30 mins practice,others,21.8,2025-01-18
100002311,2025-03-08,30 Mins Practice Credit,practice,practice,30 mins practice,others,21.8,2025-01-18
100002311,2025-06-28,30 Mins Practice Credit,practice,practice,30 mins practice,others,43.6,2025-01-18
100002311,2025-06-29,30 Mins Practice Credit,practice,practice,30 mins practice,others,21.8,2025-01-18
100002311,2025-07-05,30 Mins Practice Credit,practice,practice,30 mins practice,others,21.8,2025-01-18
100002311,2025-07-13,30 Mins Practice Credit,practice,practice,30 mins practice,others,21.8,2025-01-18
100002311,2025-07-20,30 Mins Practice Credit,practice,practice,30 mins practice,others,21.8,2025-01-18
100002312,2025-01-18,Trial Lesson W/ Johnson Poh,trial,trial,Trial lesson,Johnson Poh,119.9,2025-01-18
100002312,2025-05-24,30 Mins Practice Credit,practice,practice,30 mins practice,others,21.8,2025-01-18
100002313,2025-01-18,30 Mins Practice Credit,practice,practice,30 mins practice,others,21.8,2025-01-18
100002313,2025-01-18,60 Mins Practise,practice,practice,60 mins practice,others,43.6,2025-01-18
100002313,2025-01-27,60 Mins Practise,practice,practice,60 mins practice,others,43.6,2025-01-18
100002313,2025-01-30,30 Mins Practice Credit,practice,practice,30 mins practice,others,21.8,2025-01-18
100002313,2025-01-30,60 Mins Practise,practice,practice,60 mins practice,others,43.6,2025-01-18
100002313,2025-01-31,60 Mins Practise,practice,practice,60 mins practice,others,43.6,2025-01-18
100002313,2025-02-01,60 Mins Practise,practice,practice,60 mins practice,others,43.6,2025-01-18
100002314,2025-01-19,Trial Lesson W/ Joey Poh,trial,trial,Trial lesson,Joey Poh,119.9,2025-01-19
100002314,2025-01-19,Trial Lesson W/ Paul F,trial,trial,Trial lesson,Paul Finch,119.9,2025-01-19
100002314,2025-01-28,Trial Lesson W/ Aiko H,trial,trial,Trial lesson,Aiko H,119.9,2025-01-19
100002314,2025-02-15,10 Lesson Pack (Paul Finch),lesson,lesson,10 lesson,Paul Finch,981.0,2025-01-19
100002314,2025-02-15,10 Practice Credits,practice,practice,10 practice,others,156.96,2025-01-19
100002315,2025-01-19,60 Mins Practise,practice,practice,60 mins practice,others,43.6,2025-01-19
100002315,2025-01-23,30 Mins Practice Credit,practice,practice,30 mins practice,others,21.8,2025-01-19
100002315,2025-01-24,60 Mins Practise,practice,practice,60 mins practice,others,43.6,2025-01-19
100002315,2025-01-25,30 Mins Practice Credit,practice,practice,30 mins practice,others,21.8,2025-01-19
100002315,2025-01-27,30 Mins Practice Credit,practice,practice,30 mins practice,others,21.8,2025-01-19
100002315,2025-01-28,30 Mins Practice Credit,practice,practice,30 mins practice,others,21.8,2025-01-19
100002315,2025-01-30,30 Mins Practice Credit,practice,practice,30 mins practice,others,21.8,2025-01-19
100002315,2025-01-31,60 Mins Practise,practice,practice,60 mins practice,others,43.6,2025-01-19
100002315,2025-02-02,30 Mins Practice Credit,practice,practice,30 mins practice,others,21.8,2025-01-19
100002315,2025-02-10,30 Mins Practice Credit,practice,practice,30 mins practice,others,21.8,2025-01-19
100002315,2025-03-08,30 Mins Practice Credit,practice,practice,30 mins practice,others,21.8,2025-01-19
100002315,2025-03-12,30 Mins Practice Credit,practice,practice,30 mins practice,others,21.8,2025-01-19
100002315,2025-03-20,30 Mins Practice Credit,practice,practice,30 mins practice,others,21.8,2025-01-19
100002315,2025-04-03,30 Mins Practice Credit,practice,practice,30 mins practice,others,21.8,2025-01-19
100002315,2025-04-06,30 Mins Practice Credit,practice,practice,30 mins practice,others,21.8,2025-01-19
100002315,2025-04-07,30 Mins Practice Credit,practice,practice,30 mins practice,others,21.8,2025-01-19
100002315,2025-04-18,60 Mins Practise,practice,practice,60 mins practice,others,43.6,2025-01-19
100002315,2025-04-26,30 Mins Practice Credit,practice,practice,30 mins practice,others,21.8,2025-01-19
100002315,2025-05-22,30 Mins Practice Credit,practice,practice,30 mins practice,others,21.8,2025-01-19
100002315,2025-06-02,30 Mins Practice Credit,practice,practice,30 mins practice,others,21.8,2025-01-19
100002316,2025-01-19,30 Mins Practice Credit,practice,practice,30 mins practice,others,21.8,2025-01-19
100002316,2025-02-23,Trial Lesson W/ Joey Poh,trial,trial,Trial lesson,Joey Poh,119.9,2025-01-19
100002316,2025-03-09,10 Lesson Pack (Joey Poh.),lesson,lesson,10 lesson,Joey Poh,981.0,2025-01-19
100002316,2025-03-09,10 Practice Credits,practice,practice,10 practice,others,156.96,2025-01-19
100002317,2025-01-19,Trial Lesson W/ Paul F,trial,trial,Trial lesson,Paul Finch,119.9,2025-01-19
100002318,2025-01-19,Trial Lesson W/ Joey Poh,trial,trial,Trial lesson,Joey Poh,119.9,2025-01-19
100002319,2025-01-19,30 Mins Practice Credit,practice,practice,30 mins practice,others,43.6,2025-01-19
100002319,2025-07-19,30 Mins Practice Credit,practice,practice,30 mins practice,others,43.6,2025-01-19
100002320,2025-01-19,30 Mins Practice Credit,practice,practice,30 mins practice,others,21.8,2025-01-19
100002320,2025-01-19,Trial Lesson W/ Joey Poh,trial,trial,Trial lesson,Joey Poh,119.9,2025-01-19
100002320,2025-01-27,10 Lesson Pack (Joey Poh.),lesson,lesson,10 lesson,Joey Poh,981.0,2025-01-19
100002320,2025-04-28,30 Mins Practice Credit,practice,practice,30 mins practice,others,21.8,2025-01-19
100002320,2025-05-05,10 Lesson Pack (Joey Poh.),lesson,lesson,10 lesson,Joey Poh,981.0,2025-01-19
100002320,2025-05-09,30 Mins Practice Credit,practice,practice,30 mins practice,others,21.8,2025-01-19
100002320,2025-06-06,60 Mins Practise,practice,practice,60 mins practice,others,43.6,2025-01-19
100002321,2025-01-19,10 Practice Credits,practice,practice,10 practice,others,174.4,2025-01-19
100002322,2025-01-19,60 Mins Practise,practice,practice,60 mins practice,others,43.6,2025-01-19
100002322,2025-02-02,10 Practice Credits,practice,practice,10 practice,others,174.4,2025-01-19
100002322,2025-04-10,25 Practice Credits,practice,practice,25 practice,others,408.75,2025-01-19
100002323,2025-01-19,60 Mins Practise,practice,practice,60 mins practice,others,87.2,2025-01-19
100002324,2025-01-19,10 Practice Credits,practice,practice,10 practice,others,174.4,2025-01-19
100002325,2025-01-19,Trial Lesson w/ Jasper,trial,trial,Trial lesson,Jasper Park,119.9,2025-01-19
100002326,2025-01-19,50 Practice Credits,practice,practice,50 practice,others,763.0,2025-01-19
100002327,2025-01-19,60 Mins Practise,practice,practice,60 mins practice,others,43.6,2025-01-19
100002327,2025-01-22,10 Practice Credits,practice,practice,10 practice,others,174.4,2025-01-19
100002327,2025-04-24,10 Practice Credits,practice,practice,10 practice,others,174.4,2025-01-19
100002329,2025-01-20,60 Mins Practise,practice,practice,60 mins practice,others,43.6,2025-01-20
100002329,2025-01-20,Trial Lesson W/ Paul F,trial,trial,Trial lesson,Paul Finch,119.9,2025-01-20
100002329,2025-03-09,30 Mins Practice Credit,practice,practice,30 mins practice,others,21.8,2025-01-20
100002329,2025-03-09,60 Mins Practise,practice,practice,60 mins practice,others,43.6,2025-01-20
100002329,2025-04-13,10 Practice Credits,practice,practice,10 practice,others,174.4,2025-01-20
100002330,2025-01-20,30 Mins Practice Credit,practice,practice,30 mins practice,others,43.6,2025-01-20
100002330,2025-02-04,10 Practice Credits,practice,practice,10 practice,others,174.4,2025-01-20
100002330,2025-02-27,Trial Lesson W/ Paul F,trial,trial,Trial lesson,Paul Finch,119.9,2025-01-20
100002330,2025-04-14,30 Mins Practice Credit,practice,practice,30 mins practice,others,43.6,2025-01-20
100002330,2025-04-28,10 Practice Credits,practice,practice,10 practice,others,174.4,2025-01-20
100002332,2025-02-03,10 Lesson Pack (Joey Poh.),lesson,lesson,10 lesson,Joey Poh,981.0,2025-02-03
100002332,2025-02-03,25 Practice Credits,practice,practice,25 practice,others,367.87,2025-02-03
100002333,2025-01-20,30 Mins Practice Credit,practice,practice,30 mins practice,others,21.8,2025-01-20
100002334,2025-01-20,60 Mins Practise,practice,practice,60 mins practice,others,43.6,2025-01-20
100002335,2025-01-20,Trial Lesson W/ Joey Poh,trial,trial,Trial lesson,Joey Poh,119.9,2025-01-20
100002335,2025-01-26,10 Lesson Pack (Joey Poh.),lesson,lesson,10 lesson,Joey Poh,981.0,2025-01-20
100002335,2025-01-26,25 Practice Credits,practice,practice,25 practice,others,367.87,2025-01-20
100002335,2025-03-30,10 Lesson Pack (Joey Poh.),lesson,lesson,10 lesson,Joey Poh,981.0,2025-01-20
100002335,2025-06-15,Golfzon 9 Holes - 2 Pax,play,play,Golfzon,others,87.2,2025-01-20
100002336,2025-01-21,30 Mins Practice Credit,practice,practice,30 mins practice,others,21.8,2025-01-21
100002336,2025-02-27,10 Practice Credits,practice,practice,10 practice,others,174.4,2025-01-21
100002339,2025-01-21,10 Practice Credits,practice,practice,10 practice,others,174.4,2025-01-21
100002340,2025-01-21,60 Mins Practise,practice,practice,60 mins practice,others,43.6,2025-01-21
100002340,2025-02-25,Golfzon 9 Holes - 4 Pax,play,play,Golfzon,others,174.4,2025-01-21
100002340,2025-06-05,60 Mins Practise,practice,practice,60 mins practice,others,43.6,2025-01-21
100002341,2025-01-22,60 Mins Practise,practice,practice,60 mins practice,others,43.6,2025-01-22
100002341,2025-05-09,60 Mins Practise,practice,practice,60 mins practice,others,43.6,2025-01-22
100002342,2025-01-22,Trial Lesson W/ Kim On You,trial,trial,Trial lesson,Kim On You,119.9,2025-01-22
100002342,2025-05-12,20 Lesson Pack (Kim On You),lesson,lesson,20 lesson,Kim On You,1853.0,2025-01-22
100002342,2025-05-12,50 Practice Credits,practice,practice,50 practice,others,648.55,2025-01-22
100002343,2025-01-22,30 Mins Practice Credit,practice,practice,30 mins practice,others,21.8,2025-01-22
100002343,2025-01-24,30 Mins Practice Credit,practice,practice,30 mins practice,others,21.8,2025-01-22
100002344,2025-01-22,10 Practice Credits,practice,practice,10 practice,others,174.4,2025-01-22
100002345,2025-01-22,25 Practice Credits,practice,practice,25 practice,others,408.75,2025-01-22
100002346,2025-01-22,Trial Lesson W/ Jiali Khee,trial,trial,Trial lesson,Jiali Khee,119.9,2025-01-22
100002346,2025-01-27,20 Lesson Pack (Jiali Khee.),lesson,lesson,20 lesson,Jiali Khee,1853.0,2025-01-22
100002346,2025-01-27,50 Practice Credits,practice,practice,50 practice,others,648.55,2025-01-22
100002347,2025-01-22,Trial Lesson W/ Paul F,trial,trial,Trial lesson,Paul Finch,119.9,2025-01-22
100002347,2025-01-24,10 Lesson Pack (Paul Finch),lesson,lesson,10 lesson,Paul Finch,981.0,2025-01-22
100002348,2025-01-22,25 Practice Credits,practice,practice,25 practice,others,408.75,2025-01-22
100002349,2025-01-22,30 Mins Practice Credit,practice,practice,30 mins practice,others,21.8,2025-01-22
100002350,2025-01-22,10 Practice Credits,practice,practice,10 practice,others,174.4,2025-01-22
100002350,2025-06-25,Golfzon 9 Holes - 2 Pax,play,play,Golfzon,others,87.2,2025-01-22
100002350,2025-06-30,25 Practice Credits,practice,practice,25 practice,others,408.75,2025-01-22
100002352,2025-01-23,Trial Lesson W/ Joey Poh,trial,trial,Trial lesson,Joey Poh,119.9,2025-01-23
100002352,2025-02-01,50 Lesson Pack  (Joey Poh),lesson,lesson,50 lesson,Joey Poh,4360.0,2025-01-23
100002352,2025-02-01,50 Practice Credits,practice,practice,50 practice,others,610.4,2025-01-23
100002353,2025-01-23,60 Mins Practise,practice,practice,60 mins practice,others,43.6,2025-01-23
100002354,2025-01-23,Trial Lesson W/ Joey Poh,trial,trial,Trial lesson,Joey Poh,119.9,2025-01-23
100002355,2025-01-23,10 Practice Credits,practice,practice,10 practice,others,174.4,2025-01-23
100002355,2025-07-22,10 Practice Credits,practice,practice,10 practice,others,174.4,2025-01-23
100002356,2025-01-23,10 Practice Credits,practice,practice,10 practice,others,174.4,2025-01-23
100002357,2025-01-23,30 Mins Practice Credit,practice,practice,30 mins practice,others,21.8,2025-01-23
100002358,2025-01-23,30 Mins Practice Credit,practice,practice,30 mins practice,others,21.8,2025-01-23
100002358,2025-04-29,30 Mins Practice Credit,practice,practice,30 mins practice,others,21.8,2025-01-23
100002358,2025-06-13,30 Mins Practice Credit,practice,practice,30 mins practice,others,21.8,2025-01-23
100002359,2025-01-24,60 Mins Practise,practice,practice,60 mins practice,others,43.6,2025-01-24
100002359,2025-02-13,60 Mins Practise,practice,practice,60 mins practice,others,43.6,2025-01-24
100002359,2025-03-06,60 Mins Practise,practice,practice,60 mins practice,others,87.2,2025-01-24
100002359,2025-04-01,30 Mins Practice Credit,practice,practice,30 mins practice,others,21.8,2025-01-24
100002359,2025-04-25,60 Mins Practise,practice,practice,60 mins practice,others,43.6,2025-01-24
100002359,2025-05-20,60 Mins Practise,practice,practice,60 mins practice,others,43.6,2025-01-24
100002359,2025-05-26,60 Mins Practise,practice,practice,60 mins practice,others,43.6,2025-01-24
100002360,2025-01-24,30 Mins Practice Credit,practice,practice,30 mins practice,others,43.6,2025-01-24
100002360,2025-06-30,30 Mins Practice Credit,practice,practice,30 mins practice,others,21.8,2025-01-24
100002362,2025-01-24,10 Practice Credits,practice,practice,10 practice,others,174.4,2025-01-24
100002363,2025-01-24,30 Mins Practice Credit,practice,practice,30 mins practice,others,21.8,2025-01-24
100002363,2025-03-01,30 Mins Practice Credit,practice,practice,30 mins practice,others,21.8,2025-01-24
100002363,2025-03-09,30 Mins Practice Credit,practice,practice,30 mins practice,others,43.6,2025-01-24
100002363,2025-03-14,10 Lesson Pack (Paul Finch),lesson,lesson,10 lesson,Paul Finch,981.0,2025-01-24
100002363,2025-03-14,10 Practice Credits,practice,practice,10 practice,others,156.96,2025-01-24
100002364,2025-01-24,30 Mins Practice Credit,practice,practice,30 mins practice,others,21.8,2025-01-24
100002364,2025-01-24,Trial Lesson W/ Johnson Poh,trial,trial,Trial lesson,Johnson Poh,119.9,2025-01-24
100002365,2025-01-24,60 Mins Practise,practice,practice,60 mins practice,others,43.6,2025-01-24
100002365,2025-02-13,60 Mins Practise,practice,practice,60 mins practice,others,43.6,2025-01-24
100002365,2025-02-21,30 Mins Practice Credit,practice,practice,30 mins practice,others,21.8,2025-01-24
100002365,2025-02-22,30 Mins Practice Credit,practice,practice,30 mins practice,others,21.8,2025-01-24
100002365,2025-03-10,30 Mins Practice Credit,practice,practice,30 mins practice,others,21.8,2025-01-24
100002365,2025-04-25,30 Mins Practice Credit,practice,practice,30 mins practice,others,21.8,2025-01-24
100002365,2025-04-28,10 Practice Credits,practice,practice,10 practice,others,174.4,2025-01-24
100002366,2025-01-25,60 Mins Practise,practice,practice,60 mins practice,others,43.6,2025-01-25
100002366,2025-03-02,Golfzon 18 Holes - 1 Pax,play,play,Golfzon,others,109.0,2025-01-25
100002367,2025-01-25,30 Mins Practice Credit,practice,practice,30 mins practice,others,21.8,2025-01-25
100002368,2025-01-25,30 Mins Practice Credit,practice,practice,30 mins practice,others,21.8,2025-01-25
100002368,2025-01-27,10 Practice Credits,practice,practice,10 practice,others,174.4,2025-01-25
100002369,2025-01-25,30 Mins Practice Credit,practice,practice,30 mins practice,others,21.8,2025-01-25
100002369,2025-01-25,60 Mins Practise,practice,practice,60 mins practice,others,43.6,2025-01-25
100002370,2025-01-25,25 Practice Credits,practice,practice,25 practice,others,408.75,2025-01-25
100002371,2025-01-25,30 Mins Practice Credit,practice,practice,30 mins practice,others,21.8,2025-01-25
100002371,2025-06-14,30 Mins Practice Credit,practice,practice,30 mins practice,others,21.8,2025-01-25
100002372,2025-01-25,30 Mins Practice Credit,practice,practice,30 mins practice,others,21.8,2025-01-25
100002373,2025-01-25,60 Mins Practise,practice,practice,60 mins practice,others,43.6,2025-01-25
100002373,2025-02-22,60 Mins Practise,practice,practice,60 mins practice,others,43.6,2025-01-25
100002374,2025-01-25,10 Practice Credits,practice,practice,10 practice,others,174.4,2025-01-25
100002374,2025-07-19,10 Practice Credits,practice,practice,10 practice,others,174.4,2025-01-25
100002375,2025-01-25,Trial Lesson w/ Jasper,trial,trial,Trial lesson,Jasper Park,119.9,2025-01-25
100002375,2025-02-03,20 Lesson Pack (Jasper Park),lesson,lesson,20 lesson,Jasper Park,1853.0,2025-01-25
100002375,2025-02-03,25 Practice Credits,practice,practice,25 practice,others,347.44,2025-01-25
100002375,2025-08-17,Trial Lesson W/ Joey Poh,trial,trial,Trial lesson,Joey Poh,119.9,2025-01-25
100002376,2025-01-25,10 Practice Credits,practice,practice,10 practice,others,174.4,2025-01-25
100002377,2025-01-25,10 Practice Credits,practice,practice,10 practice,others,174.4,2025-01-25
100002377,2025-01-25,30 Mins Practice Credit,practice,practice,30 mins practice,others,-3.552713678800501e-15,2025-01-25
100002378,2025-01-31,10 Practice Credits,practice,practice,10 practice,others,174.4,2025-01-31
100002378,2025-01-31,Trial Lesson W/ Johnson Poh,trial,trial,Trial lesson,Johnson Poh,119.9,2025-01-31
100002379,2025-01-26,Trial Lesson W/ Johnson Poh,trial,trial,Trial lesson,Johnson Poh,119.9,2025-01-26
100002380,2025-01-26,10 Practice Credits,practice,practice,10 practice,others,174.4,2025-01-26
100002381,2025-01-26,25 Practice Credits,practice,practice,25 practice,others,408.75,2025-01-26
100002382,2025-01-26,30 Mins Practice Credit,practice,practice,30 mins practice,others,21.8,2025-01-26
100002382,2025-02-01,60 Mins Practise,practice,practice,60 mins practice,others,43.6,2025-01-26
100002382,2025-02-27,30 Mins Practice Credit,practice,practice,30 mins practice,others,21.8,2025-01-26
100002382,2025-03-01,30 Mins Practice Credit,practice,practice,30 mins practice,others,21.8,2025-01-26
100002383,2025-01-26,30 Mins Practice Credit,practice,practice,30 mins practice,others,21.8,2025-01-26
100002383,2025-01-27,30 Mins Practice Credit,practice,practice,30 mins practice,others,21.8,2025-01-26
100002383,2025-02-08,30 Mins Practice Credit,practice,practice,30 mins practice,others,21.8,2025-01-26
100002384,2025-01-26,Trial Lesson W/ Joey Poh,trial,trial,Trial lesson,Joey Poh,119.9,2025-01-26
100002384,2025-02-15,30 Mins Practice Credit,practice,practice,30 mins practice,others,21.8,2025-01-26
100002384,2025-05-17,30 Mins Practice Credit,practice,practice,30 mins practice,others,21.8,2025-01-26
100002386,2025-01-27,100 Practice Credits,practice,practice,100 practice,others,1417.0,2025-01-27
100002387,2025-01-27,30 Mins Practice Credit,practice,practice,30 mins practice,others,21.8,2025-01-27
100002387,2025-01-28,30 Mins Practice Credit,practice,practice,30 mins practice,others,21.8,2025-01-27
100002387,2025-01-31,30 Mins Practice Credit,practice,practice,30 mins practice,others,21.8,2025-01-27
100002388,2025-01-27,Trial Lesson W/ Johnson Poh,trial,trial,Trial lesson,Johnson Poh,119.9,2025-01-27
100002388,2025-02-05,Group Trial Johnson,trial,trial,Group Trial,Johnson Poh,76.3,2025-01-27
100002389,2025-01-27,Trial Lesson W/ Jiali Khee,trial,trial,Trial lesson,Jiali Khee,119.9,2025-01-27
100002389,2025-01-27,Trial Lesson W/ Joey Poh,trial,trial,Trial lesson,Joey Poh,119.9,2025-01-27
100002389,2025-02-03,10 Lesson Pack (Jiali Khee.),lesson,lesson,10 lesson,Jiali Khee,981.0,2025-01-27
100002389,2025-02-03,10 Lesson Pack (Joey Poh.),lesson,lesson,10 lesson,Joey Poh,981.0,2025-01-27
100002389,2025-03-19,10 Lesson Pack (Jiali Khee.),lesson,lesson,10 lesson,Jiali Khee,981.0,2025-01-27
100002389,2025-03-19,10 Lesson Pack (Joey Poh.),lesson,lesson,10 lesson,Joey Poh,981.0,2025-01-27
100002390,2025-01-27,Trial Lesson W/ Aiko H,trial,trial,Trial lesson,Aiko H,119.9,2025-01-27
100002391,2025-01-27,30 Mins Practice Credit,practice,practice,30 mins practice,others,21.8,2025-01-27
100002392,2025-01-27,10 Practice Credits,practice,practice,10 practice,others,174.4,2025-01-27
100002393,2025-01-27,30 Mins Practice Credit,practice,practice,30 mins practice,others,21.8,2025-01-27
100002394,2025-01-27,30 Mins Practice Credit,practice,practice,30 mins practice,others,21.8,2025-01-27
100002394,2025-02-01,30 Mins Practice Credit,practice,practice,30 mins practice,others,21.8,2025-01-27
100002395,2025-01-27,60 Mins Practise,practice,practice,60 mins practice,others,43.6,2025-01-27
100002396,2025-01-27,10 Practice Credits,practice,practice,10 practice,others,148.24,2025-01-27
100002396,2025-01-27,20 Lesson Pack  (Joey Poh),lesson,lesson,20 lesson,Joey Poh,1853.0,2025-01-27
100002397,2025-01-27,10 Practice Credits,practice,practice,10 practice,others,174.4,2025-01-27
100002397,2025-07-08,10 Practice Credits,practice,practice,10 practice,others,174.4,2025-01-27
100002397,2025-07-08,Trial Lesson W/ Johnson Poh,trial,trial,Trial lesson,Johnson Poh,119.9,2025-01-27
100002398,2025-01-27,60 Mins Practise,practice,practice,60 mins practice,others,43.6,2025-01-27
100002399,2025-01-28,10 Practice Credits,practice,practice,10 practice,others,174.4,2025-01-28
100002400,2025-01-28,30 Mins Practice Credit,practice,practice,30 mins practice,others,21.8,2025-01-28
100002400,2025-02-08,30 Mins Practice Credit,practice,practice,30 mins practice,others,21.8,2025-01-28
100002400,2025-02-11,30 Mins Practice Credit,practice,practice,30 mins practice,others,21.8,2025-01-28
100002400,2025-02-15,10 Practice Credits,practice,practice,10 practice,others,174.4,2025-01-28
100002400,2025-03-08,Trial Lesson W/ Paul F,trial,trial,Trial lesson,Paul Finch,119.9,2025-01-28
100002400,2025-04-18,30 Mins 1:1 Lesson W/ Paul Finch,lesson,lesson,30 mins lesson,Paul Finch,119.9,2025-01-28
100002400,2025-06-07,10 Practice Credits,practice,practice,10 practice,others,174.4,2025-01-28
100002401,2025-01-30,10 Practice Credits,practice,practice,10 practice,others,174.4,2025-01-30
100002401,2025-07-02,30 Mins Practice Credit,practice,practice,30 mins practice,others,21.8,2025-01-30
100002401,2025-07-02,60 Mins Practise,practice,practice,60 mins practice,others,43.6,2025-01-30
100002402,2025-01-30,10 Practice Credits,practice,practice,10 practice,others,174.4,2025-01-30
100002403,2025-01-30,60 Mins Practise,practice,practice,60 mins practice,others,87.2,2025-01-30
100002403,2025-02-01,30 Mins Practice Credit,practice,practice,30 mins practice,others,87.2,2025-01-30
100002404,2025-05-12,Golfzon 9 Holes - 2 Pax,play,play,Golfzon,others,87.2,2025-05-12
100002405,2025-01-30,50 Practice Credits,practice,practice,50 practice,others,763.0,2025-01-30
100002406,2025-01-30,10 Practice Credits,practice,practice,10 practice,others,174.4,2025-01-30
100002407,2025-01-30,30 Mins Practice Credit,practice,practice,30 mins practice,others,21.8,2025-01-30
100002407,2025-06-11,30 Mins Practice Credit,practice,practice,30 mins practice,others,21.8,2025-01-30
100002407,2025-07-06,10 Practice Credits,practice,practice,10 practice,others,174.4,2025-01-30
100002408,2025-01-30,100 Practice Credits,practice,practice,100 practice,others,1417.0,2025-01-30
100002409,2025-01-30,Group Trial Paul,trial,trial,Group Trial,Paul Finch,392.4,2025-01-30
100002410,2025-01-30,30 Mins Practice Credit,practice,practice,30 mins practice,others,43.6,2025-01-30
100002410,2025-04-18,30 Min Practice Voucher,practice,practice,30 mins practice,others,43.6,2025-01-30
100002410,2025-04-18,30 Mins Practice Credit,practice,practice,30 mins practice,others,0.0,2025-01-30
100002410,2025-04-18,Group Trial Desmond,trial,trial,Group Trial,Desmond Tan,98.1,2025-01-30
100002410,2025-04-26,10 Practice Credits,practice,practice,10 practice,others,174.4,2025-01-30
100002410,2025-05-07,10 Practice Credits,practice,practice,10 practice,others,148.24,2025-01-30
100002410,2025-05-07,10 Semi Private (1:2 Lesson) w/ Joey Poh,lesson,lesson,10 group lesson,Joey Poh,2594.2,2025-01-30
100002411,2025-01-31,10 Practice Credits,practice,practice,10 practice,others,174.4,2025-01-31
100002411,2025-02-22,10 Practice Credits,practice,practice,10 practice,others,174.4,2025-01-31
100002412,2025-01-31,10 Practice Credits,practice,practice,10 practice,others,174.4,2025-01-31
100002412,2025-02-07,Trial Lesson W/ Paul F,trial,trial,Trial lesson,Paul Finch,119.9,2025-01-31
100002413,2025-01-31,60 Mins Practise,practice,practice,60 mins practice,others,43.6,2025-01-31
100002414,2025-01-31,30 Mins Practice Credit,practice,practice,30 mins practice,others,43.6,2025-01-31
100002415,2025-01-31,30 Mins Practice Credit,practice,practice,30 mins practice,others,21.8,2025-01-31
100002416,2025-01-31,60 Mins Practise,practice,practice,60 mins practice,others,43.6,2025-01-31
100002416,2025-03-07,60 Mins Practise,practice,practice,60 mins practice,others,43.6,2025-01-31
100002416,2025-05-04,60 Mins Practise,practice,practice,60 mins practice,others,43.6,2025-01-31
100002416,2025-06-29,30 Mins Practice Credit,practice,practice,30 mins practice,others,21.8,2025-01-31
100002416,2025-07-06,60 Mins Practise,practice,practice,60 mins practice,others,43.6,2025-01-31
100002416,2025-07-19,60 Mins Practise,practice,practice,60 mins practice,others,43.6,2025-01-31
100002416,2025-08-14,60 Mins Practise,practice,practice,60 mins practice,others,43.6,2025-01-31
100002417,2025-02-01,60 Mins Practise,practice,practice,60 mins practice,others,43.6,2025-02-01
100002418,2025-02-01,Golfzon 9 Holes - 2 Pax,play,play,Golfzon,others,87.2,2025-02-01
100002419,2025-02-01,10 Practice Credits,practice,practice,10 practice,others,174.4,2025-02-01
100002419,2025-05-02,Trial Lesson W/ Johnson Poh,trial,trial,Trial lesson,Johnson Poh,119.9,2025-02-01
100002419,2025-05-14,30 Mins 1:1 Lesson W/ Johnson Poh,lesson,lesson,30 mins lesson,Johnson Poh,119.9,2025-02-01
100002419,2025-05-24,30 Mins 1:1 Lesson W/ Johnson Poh,lesson,lesson,30 mins lesson,Johnson Poh,119.9,2025-02-01
100002419,2025-06-02,30 Mins 1:1 Lesson W/ Johnson Poh,lesson,lesson,30 mins lesson,Johnson Poh,119.9,2025-02-01
100002419,2025-08-17,10 Practice Credits,practice,practice,10 practice,others,174.4,2025-02-01
100002420,2025-02-01,30 Mins Practice Credit,practice,practice,30 mins practice,others,21.8,2025-02-01
100002421,2025-02-01,25 Practice Credits,practice,practice,25 practice,others,408.75,2025-02-01
100002421,2025-06-14,50 Practice Credits,practice,practice,50 practice,others,763.0,2025-02-01
100002422,2025-02-01,10 Practice Credits,practice,practice,10 practice,others,174.4,2025-02-01
100002422,2025-04-18,Golfzon 9 Holes - 3 Pax,play,play,Golfzon,others,130.8,2025-02-01
100002423,2025-02-01,30 Mins Practice Credit,practice,practice,30 mins practice,others,21.8,2025-02-01
100002424,2025-02-01,60 Mins Practise,practice,practice,60 mins practice,others,43.6,2025-02-01
100002425,2025-02-01,Golfzon 18 Holes - 4 Pax,play,play,Golfzon,others,261.6,2025-02-01
100002426,2025-02-01,10 Practice Credits,practice,practice,10 practice,others,174.4,2025-02-01
100002426,2025-04-14,Group Trial Desmond,trial,trial,Group Trial,Desmond Tan,196.2,2025-02-01
100002426,2025-06-21,10 Practice Credits,practice,practice,10 practice,others,174.4,2025-02-01
100002427,2025-06-01,50 Practice Credits,practice,practice,50 practice,others,763.0,2025-06-01
100002427,2025-06-15,50 Practice Credits,practice,practice,50 practice,others,0.0,2025-06-01
100002428,2025-02-01,60 Mins Practise,practice,practice,60 mins practice,others,43.6,2025-02-01
100002428,2025-04-17,30 Mins Practice Credit,practice,practice,30 mins practice,others,21.8,2025-02-01
100002429,2025-04-19,Group Trial Gunwoo,trial,trial,Group Trial,Son Gunwoo,98.1,2025-04-19
100002430,2025-02-01,Trial Lesson W/ Kim On You,trial,trial,Trial lesson,Kim On You,0.0,2025-02-01
100002431,2025-02-02,25 Practice Credits,practice,practice,25 practice,others,408.75,2025-02-02
100002432,2025-02-02,Golfzon 9 Holes - 2 Pax,play,play,Golfzon,others,87.2,2025-02-02
100002432,2025-03-09,10 Practice Credits,practice,practice,10 practice,others,174.4,2025-02-02
100002433,2025-02-02,Trial Lesson W/ Johnson Poh,trial,trial,Trial lesson,Johnson Poh,119.9,2025-02-02
100002434,2025-02-02,30 Mins Practice Credit,practice,practice,30 mins practice,others,21.8,2025-02-02
100002435,2025-02-21,30 Mins Practice Credit,practice,practice,30 mins practice,others,43.6,2025-02-21
100002436,2025-02-02,30 Mins Practice Credit,practice,practice,30 mins practice,others,21.8,2025-02-02
100002436,2025-02-02,Golfzon 9 Holes - 2 Pax,play,play,Golfzon,others,87.2,2025-02-02
100002438,2025-02-02,25 Practice Credits,practice,practice,25 practice,others,408.75,2025-02-02
100002439,2025-06-21,30 Mins Practice Credit,practice,practice,30 mins practice,others,21.8,2025-06-21
100002439,2025-07-13,30 Mins Practice Credit,practice,practice,30 mins practice,others,21.8,2025-06-21
100002439,2025-07-16,30 Mins Practice Credit,practice,practice,30 mins practice,others,21.8,2025-06-21
100002439,2025-07-24,30 Mins Practice Credit,practice,practice,30 mins practice,others,21.8,2025-06-21
100002439,2025-07-28,30 Mins Practice Credit,practice,practice,30 mins practice,others,21.8,2025-06-21
100002439,2025-07-31,30 Mins Practice Credit,practice,practice,30 mins practice,others,21.8,2025-06-21
100002440,2025-02-02,30 Mins Practice Credit,practice,practice,30 mins practice,others,43.6,2025-02-02
100002441,2025-02-02,10 Practice Credits,practice,practice,10 practice,others,174.4,2025-02-02
100002443,2025-02-02,30 Mins Practice Credit,practice,practice,30 mins practice,others,21.8,2025-02-02
100002443,2025-07-11,60 Mins Practise,practice,practice,60 mins practice,others,43.6,2025-02-02
100002444,2025-07-14,25 Practice Credits,practice,practice,25 practice,others,408.75,2025-07-14
100002445,2025-02-03,60 Mins Practise,practice,practice,60 mins practice,others,43.6,2025-02-03
100002446,2025-02-03,Group Trial Jasper,trial,trial,Group Trial,Jasper Park,196.2,2025-02-03
100002446,2025-02-10,30 Mins Practice Credit,practice,practice,30 mins practice,others,21.8,2025-02-03
100002446,2025-02-10,5 Semi Private (1:2 Lesson) w/ Jasper Park,lesson,lesson,5 group lesson,Jasper Park,1373.4,2025-02-03
100002446,2025-03-10,10 Semi Private (1:2 Lesson)  w/ Jasper Park,lesson,lesson,10 group lesson,Jasper Park,2594.2,2025-02-03
100002447,2025-02-03,25 Practice Credits,practice,practice,25 practice,others,408.75,2025-02-03
100002447,2025-03-24,25 Practice Credits,practice,practice,25 practice,others,408.75,2025-02-03
100002448,2025-02-03,10 Practice Credits,practice,practice,10 practice,others,174.4,2025-02-03
100002448,2025-07-06,25 Practice Credits,practice,practice,25 practice,others,408.75,2025-02-03
100002448,2025-08-19,25 Practice Credits,practice,practice,25 practice,others,408.75,2025-02-03
100002449,2025-02-03,30 Mins Practice Credit,practice,practice,30 mins practice,others,43.6,2025-02-03
100002449,2025-02-13,30 Mins Practice Credit,practice,practice,30 mins practice,others,21.8,2025-02-03
100002450,2025-02-03,60 Mins Practise,practice,practice,60 mins practice,others,43.6,2025-02-03
100002452,2025-02-03,Trial Lesson w/ Jasper,trial,trial,Trial lesson,Jasper Park,119.9,2025-02-03
100002453,2025-02-03,25 Practice Credits,practice,practice,25 practice,others,408.75,2025-02-03
100002454,2025-02-03,10 Practice Credits,practice,practice,10 practice,others,174.4,2025-02-03
100002454,2025-05-01,10 Practice Credits,practice,practice,10 practice,others,174.4,2025-02-03
100002456,2025-02-04,30 Mins Practice Credit,practice,practice,30 mins practice,others,43.6,2025-02-04
100002456,2025-02-14,60 Mins Practise,practice,practice,60 mins practice,others,43.6,2025-02-04
100002457,2025-02-04,60 Mins Practise,practice,practice,60 mins practice,others,43.6,2025-02-04
100002459,2025-02-04,10 Lesson Pack (Jiali Khee.),lesson,lesson,10 lesson,Jiali Khee,981.0,2025-02-04
100002459,2025-02-04,Trial Lesson W/ Jiali Khee,trial,trial,Trial lesson,Jiali Khee,119.9,2025-02-04
100002460,2025-02-04,30 Mins Practice Credit,practice,practice,30 mins practice,others,21.8,2025-02-04
100002460,2025-02-10,30 Mins Practice Credit,practice,practice,30 mins practice,others,21.8,2025-02-04
100002460,2025-02-14,30 Mins Practice Credit,practice,practice,30 mins practice,others,21.8,2025-02-04
100002460,2025-05-23,30 Mins Practice Credit,practice,practice,30 mins practice,others,21.8,2025-02-04
100002460,2025-07-24,30 Mins Practice Credit,practice,practice,30 mins practice,others,21.8,2025-02-04
100002460,2025-07-25,30 Mins Practice Credit,practice,practice,30 mins practice,others,21.8,2025-02-04
100002460,2025-07-28,30 Mins Practice Credit,practice,practice,30 mins practice,others,21.8,2025-02-04
100002460,2025-07-29,30 Mins Practice Credit,practice,practice,30 mins practice,others,21.8,2025-02-04
100002462,2024-10-22,20 Lesson Pack (Kim On You),lesson,lesson,20 lesson,Kim On You,0.0,2024-10-22
100002462,2024-10-22,50 Practice Credits,practice,practice,50 practice,others,0.0,2024-10-22
100002462,2025-07-01,50 Practice Credits,practice,practice,50 practice,others,763.0,2024-10-22
100002463,2025-02-05,60 Mins Practise,practice,practice,60 mins practice,others,43.6,2025-02-05
100002463,2025-03-25,60 Mins Practise,practice,practice,60 mins practice,others,43.6,2025-02-05
100002463,2025-04-01,60 Mins Practise,practice,practice,60 mins practice,others,43.6,2025-02-05
100002463,2025-07-08,60 Mins Practise,practice,practice,60 mins practice,others,43.6,2025-02-05
100002463,2025-08-11,60 Mins Practise,practice,practice,60 mins practice,others,43.6,2025-02-05
100002464,2025-02-05,Trial Lesson W/ Joey Poh,trial,trial,Trial lesson,Joey Poh,119.9,2025-02-05
100002466,2025-02-05,Trial Lesson W/ Kim On You,trial,trial,Trial lesson,Kim On You,119.9,2025-02-05
100002466,2025-02-10,10 Lesson Pack (Kim On You),lesson,lesson,10 lesson,Kim On You,981.0,2025-02-05
100002466,2025-02-10,25 Practice Credits,practice,practice,25 practice,others,367.87,2025-02-05
100002468,2025-02-05,10 Practice Credits,practice,practice,10 practice,others,119.9,2025-02-05
100002468,2025-05-30,Golfzon 9 Holes - 4 Pax,play,play,Golfzon,others,174.4,2025-02-05
100002469,2025-02-05,10 Practice Credits,practice,practice,10 practice,others,174.4,2025-02-05
100002470,2024-10-25,10 Practice Credits,practice,practice,10 practice,others,0.0,2024-10-25
100002471,2025-02-15,Trial Lesson W/ Jiali Khee,trial,trial,Trial lesson,Jiali Khee,119.9,2025-02-15
100002472,2025-02-06,Trial Lesson W/ Jiali Khee,trial,trial,Trial lesson,Jiali Khee,119.9,2025-02-06
100002472,2025-02-07,10 Lesson Pack (Jiali Khee.),lesson,lesson,10 lesson,Jiali Khee,981.0,2025-02-06
100002472,2025-02-07,10 Practice Credits,practice,practice,10 practice,others,156.96,2025-02-06
100002475,2024-11-01,10 Practice Credits,practice,practice,10 practice,others,0.0,2024-11-01
100002475,2024-11-01,20 Lesson Pack (Kim On You),lesson,lesson,20 lesson,Kim On You,0.0,2024-11-01
100002475,2025-02-11,20 Lesson Pack (Kim On You),lesson,lesson,20 lesson,Kim On You,1853.0,2024-11-01
100002475,2025-02-11,25 Practice Credits,practice,practice,25 practice,others,347.44,2024-11-01
100002476,2025-02-07,60 Mins Practise,practice,practice,60 mins practice,others,43.6,2025-02-07
100002476,2025-02-12,60 Mins Practise,practice,practice,60 mins practice,others,43.6,2025-02-07
100002476,2025-03-12,30 Mins Practice Credit,practice,practice,30 mins practice,others,21.8,2025-02-07
100002476,2025-03-20,10 Practice Credits,practice,practice,10 practice,others,174.4,2025-02-07
100002477,2025-02-07,30 Mins Practice Credit,practice,practice,30 mins practice,others,21.8,2025-02-07
100002477,2025-05-02,30 Mins Practice Credit,practice,practice,30 mins practice,others,21.8,2025-02-07
100002477,2025-05-23,30 Mins Practice Credit,practice,practice,30 mins practice,others,21.8,2025-02-07
100002478,2025-02-07,30 Mins Practice Credit,practice,practice,30 mins practice,others,43.6,2025-02-07
100002478,2025-07-19,30 Mins Practice Credit,practice,practice,30 mins practice,others,43.6,2025-02-07
100002478,2025-07-25,30 Mins Practice Credit,practice,practice,30 mins practice,others,43.6,2025-02-07
100002478,2025-08-02,30 Mins Practice Credit,practice,practice,30 mins practice,others,43.6,2025-02-07
100002478,2025-08-03,30 Mins Practice Credit,practice,practice,30 mins practice,others,43.6,2025-02-07
100002480,2025-02-07,25 Practice Credits,practice,practice,25 practice,others,408.75,2025-02-07
100002482,2025-02-08,Trial Lesson W/ Paul F,trial,trial,Trial lesson,Paul Finch,119.9,2025-02-08
100002483,2025-02-08,10 Practice Credits,practice,practice,10 practice,others,174.4,2025-02-08
100002483,2025-03-16,10 Practice Credits,practice,practice,10 practice,others,174.4,2025-02-08
100002483,2025-04-13,25 Practice Credits,practice,practice,25 practice,others,408.75,2025-02-08
100002484,2025-02-08,10 Practice Credits,practice,practice,10 practice,others,174.4,2025-02-08
100002484,2025-03-21,10 Practice Credits,practice,practice,10 practice,others,174.4,2025-02-08
100002484,2025-08-03,10 Practice Credits,practice,practice,10 practice,others,174.4,2025-02-08
100002485,2025-02-08,30 Mins Practice Credit,practice,practice,30 mins practice,others,21.8,2025-02-08
100002485,2025-02-08,Trial Lesson W/ Joey Poh,trial,trial,Trial lesson,Joey Poh,119.9,2025-02-08
100002485,2025-02-16,30 Mins Practice Credit,practice,practice,30 mins practice,others,21.8,2025-02-08
100002486,2025-02-08,Golfzon 9 Holes - 2 Pax,play,play,Golfzon,others,87.2,2025-02-08
100002488,2025-02-08,10 Practice Credits,practice,practice,10 practice,others,174.4,2025-02-08
100002488,2025-05-03,Golfzon 18 Holes - 2 Pax,play,play,Golfzon,others,130.8,2025-02-08
100002488,2025-08-09,Golfzon 9 Holes - 3 Pax,play,play,Golfzon,others,130.8,2025-02-08
100002488,2025-08-09,Golfzon 9 Holes - 4 Pax,play,play,Golfzon,others,0.0,2025-02-08
100002489,2025-02-09,10 Practice Credits,practice,practice,10 practice,others,174.4,2025-02-09
100002489,2025-05-03,Golfzon 18 Holes - 2 Pax,play,play,Golfzon,others,130.8,2025-02-09
100002491,2025-02-09,10 Lesson Pack (Joey Poh.),lesson,lesson,10 lesson,Joey Poh,981.0,2025-02-09
100002491,2025-02-09,10 Practice Credits,practice,practice,10 practice,others,0.0,2025-02-09
100002491,2025-02-09,25 Practice Credits,practice,practice,25 practice,others,367.87,2025-02-09
100002491,2025-04-04,Trial Lesson W/ Kim On You,trial,trial,Trial lesson,Kim On You,119.9,2025-02-09
100002491,2025-06-02,10 Lesson Pack (Kim On You),lesson,lesson,10 lesson,Kim On You,981.0,2025-02-09
100002492,2025-02-09,25 Practice Credits,practice,practice,25 practice,others,408.75,2025-02-09
100002493,2025-02-09,30 Mins Practice Credit,practice,practice,30 mins practice,others,21.8,2025-02-09
100002494,2025-02-09,60 Mins Practise,practice,practice,60 mins practice,others,43.6,2025-02-09
100002494,2025-02-16,60 Mins Practise,practice,practice,60 mins practice,others,43.6,2025-02-09
100002494,2025-02-20,10 Practice Credits,practice,practice,10 practice,others,174.4,2025-02-09
100002494,2025-03-25,25 Practice Credits,practice,practice,25 practice,others,408.75,2025-02-09
100002494,2025-05-20,60 Mins Practise,practice,practice,60 mins practice,others,43.6,2025-02-09
100002495,2025-02-09,10 Lesson Pack (Jasper  Park),lesson,lesson,10 lesson,Jasper Park,981.0,2025-02-09
100002495,2025-02-09,10 Practice Credits,practice,practice,10 practice,others,156.96,2025-02-09
100002496,2025-02-09,25 Practice Credits,practice,practice,25 practice,others,408.75,2025-02-09
100002497,2025-02-09,10 Practice Credits,practice,practice,10 practice,others,174.4,2025-02-09
100002498,2025-02-09,30 Mins Practice Credit,practice,practice,30 mins practice,others,21.8,2025-02-09
100002498,2025-02-09,90 Mins practice,practice,practice,90 mins practice,others,65.4,2025-02-09
100002499,2024-10-25,50 Practice Credits,practice,practice,50 practice,others,0.0,2024-10-25
100002500,2025-02-09,Trial Lesson w/ Jasper,trial,trial,Trial lesson,Jasper Park,119.9,2025-02-09
100002500,2025-02-14,10 Lesson Pack (Jasper  Park),lesson,lesson,10 lesson,Jasper Park,981.0,2025-02-09
100002500,2025-02-14,10 Practice Credits,practice,practice,10 practice,others,156.96,2025-02-09
100002500,2025-04-29,10 Lesson Pack (Jasper  Park),lesson,lesson,10 lesson,Jasper Park,981.0,2025-02-09
100002500,2025-04-29,25 Practice Credits,practice,practice,25 practice,others,367.87,2025-02-09
100002500,2025-07-15,25 Practice Credits,practice,practice,25 practice,others,408.75,2025-02-09
100002501,2025-02-09,10 Practice Credits,practice,practice,10 practice,others,174.4,2025-02-09
100002502,2025-02-24,10 Practice Credits,practice,practice,10 practice,others,174.4,2025-02-24
100002504,2025-02-24,10 Practice Credits,practice,practice,10 practice,others,174.4,2025-02-24
100002504,2025-08-05,10 Practice Credits,practice,practice,10 practice,others,174.4,2025-02-24
100002505,2025-02-24,10 Practice Credits,practice,practice,10 practice,others,174.4,2025-02-24
100002506,2025-02-09,100 Practice Credits,practice,practice,100 practice,others,1417.0,2025-02-09
100002507,2025-02-10,10 Practice Credits,practice,practice,10 practice,others,174.4,2025-02-10
100002508,2025-02-10,10 Lesson Pack (Jiali Khee.),lesson,lesson,10 lesson,Jiali Khee,981.0,2025-02-10
100002508,2025-02-10,10 Practice Credits,practice,practice,10 practice,others,156.96,2025-02-10
100002508,2025-02-10,Trial Lesson W/ Jiali Khee,trial,trial,Trial lesson,Jiali Khee,239.8,2025-02-10
100002509,2025-02-10,10 Practice Credits,practice,practice,10 practice,others,174.4,2025-02-10
100002509,2025-05-15,10 Practice Credits,practice,practice,10 practice,others,174.4,2025-02-10
100002510,2025-02-10,10 Lesson Pack ( Aiko H),lesson,lesson,10 lesson,Aiko H,981.0,2025-02-10
100002510,2025-02-10,Trial Lesson W/ Aiko H,trial,trial,Trial lesson,Aiko H,119.9,2025-02-10
100002510,2025-03-10,30 Mins Practice Credit,practice,practice,30 mins practice,others,21.8,2025-02-10
100002510,2025-03-22,10 Practice Credits,practice,practice,10 practice,others,174.4,2025-02-10
100002511,2025-02-10,10 Practice Credits,practice,practice,10 practice,others,174.4,2025-02-10
100002511,2025-05-09,Trial Lesson W/ Paul F,trial,trial,Trial lesson,Paul Finch,119.9,2025-02-10
100002512,2025-02-10,20 Lesson Pack (Jasper Park),lesson,lesson,20 lesson,Jasper Park,1853.0,2025-02-10
100002512,2025-02-10,50 Practice Credits,practice,practice,50 practice,others,648.55,2025-02-10
100002512,2025-02-10,Trial Lesson w/ Jasper,trial,trial,Trial lesson,Jasper Park,119.9,2025-02-10
100002512,2025-05-28,10 Lesson Pack (Jasper  Park),lesson,lesson,10 lesson,Jasper Park,345.41999999999996,2025-02-10
100002512,2025-05-28,50 Practice Credits,practice,practice,50 practice,others,0.0,2025-02-10
100002514,2025-02-11,10 Lesson Pack ( Aiko H),lesson,lesson,10 lesson,Aiko H,981.0,2025-02-11
100002516,2025-02-11,Trial Lesson W/ Johnson Poh,trial,trial,Trial lesson,Johnson Poh,119.9,2025-02-11
100002516,2025-02-21,10 Lesson Pack  (Johnson Poh),lesson,lesson,10 lesson,Johnson Poh,981.0,2025-02-11
100002516,2025-02-21,10 Practice Credits,practice,practice,10 practice,others,156.96,2025-02-11
100002517,2025-02-11,10 Lesson Pack (Kim On You),lesson,lesson,10 lesson,Kim On You,981.0,2025-02-11
100002517,2025-02-11,50 Practice Credits,practice,practice,50 practice,others,686.7,2025-02-11
100002518,2025-02-11,30 Mins 1:1 Lesson W/ Johnson Poh,lesson,lesson,30 mins lesson,Johnson Poh,119.9,2025-02-11
100002518,2025-03-13,25 Practice Credits,practice,practice,25 practice,others,408.75,2025-02-11
100002519,2025-02-11,10 Lesson Pack (Jiali Khee.),lesson,lesson,10 lesson,Jiali Khee,981.0,2025-02-11
100002519,2025-02-11,10 Practice Credits,practice,practice,10 practice,others,156.96,2025-02-11
100002520,2025-02-11,10 Lesson Pack (Jiali Khee.),lesson,lesson,10 lesson,Jiali Khee,981.0,2025-02-11
100002520,2025-02-11,10 Practice Credits,practice,practice,10 practice,others,156.96,2025-02-11
100002520,2025-02-11,Group Trial Jiali,trial,trial,Group Trial,Jiali Khee,196.2,2025-02-11
100002521,2025-02-11,10 Practice Credits,practice,practice,10 practice,others,174.4,2025-02-11
100002522,2025-02-11,60 Mins Practise,practice,practice,60 mins practice,others,43.6,2025-02-11
100002523,2025-02-11,25 Practice Credits,practice,practice,25 practice,others,408.75,2025-02-11
100002524,2025-02-11,30 Mins Practice Credit,practice,practice,30 mins practice,others,21.8,2025-02-11
100002524,2025-02-23,30 Mins Practice Credit,practice,practice,30 mins practice,others,21.8,2025-02-11
100002524,2025-03-22,60 Mins Practise,practice,practice,60 mins practice,others,43.6,2025-02-11
100002524,2025-03-26,30 Mins Practice Credit,practice,practice,30 mins practice,others,21.8,2025-02-11
100002524,2025-06-15,30 Mins Practice Credit,practice,practice,30 mins practice,others,21.8,2025-02-11
100002524,2025-08-11,30 Mins Practice Credit,practice,practice,30 mins practice,others,21.8,2025-02-11
100002526,2025-02-12,Trial Lesson W/ Paul F,trial,trial,Trial lesson,Paul Finch,119.9,2025-02-12
100002527,2025-02-12,30 Mins 1:1 Lesson W/ Joey Poh,lesson,lesson,30 mins lesson,Joey Poh,119.9,2025-02-12
100002528,2025-02-12,10 Lesson Pack (Kim On You),lesson,lesson,10 lesson,Kim On You,981.0,2025-02-12
100002528,2025-02-12,10 Practice Credits,practice,practice,10 practice,others,156.96,2025-02-12
100002529,2025-02-12,Trial Lesson W/ Paul F,trial,trial,Trial lesson,Paul Finch,119.9,2025-02-12
100002530,2025-02-12,10 Practice Credits,practice,practice,10 practice,others,174.4,2025-02-12
100002535,2024-10-21,10 Practice Credits,practice,practice,10 practice,others,0.0,2024-10-21
100002535,2024-10-21,10 Semi Private (1:2 Lesson) w/ Kim On You,lesson,lesson,10 group lesson,Kim On You,0.0,2024-10-21
100002535,2025-02-13,10 Lesson Pack (Kim On You),lesson,lesson,10 lesson,Kim On You,981.0,2024-10-21
100002535,2025-02-13,50 Practice Credits,practice,practice,50 practice,others,686.7,2024-10-21
100002537,2025-02-13,Golfzon 18 Holes - 2 Pax,play,play,Golfzon,others,130.8,2025-02-13
100002538,2025-02-13,10 Lesson Pack (Jasper  Park),lesson,lesson,10 lesson,Jasper Park,981.0,2025-02-13
100002538,2025-06-16,30 Mins 1:1 Lesson W/ Jasper,lesson,lesson,30 mins lesson,Jasper Park,119.9,2025-02-13
100002540,2025-02-13,Trial Lesson W/ Paul F,trial,trial,Trial lesson,Paul Finch,119.9,2025-02-13
100002540,2025-02-22,10 Lesson Pack (Paul Finch),lesson,lesson,10 lesson,Paul Finch,981.0,2025-02-13
100002540,2025-02-22,25 Practice Credits,practice,practice,25 practice,others,367.87,2025-02-13
100002542,2025-02-14,60 Mins Practise,practice,practice,60 mins practice,others,87.2,2025-02-14
100002542,2025-02-24,60 Mins Practise,practice,practice,60 mins practice,others,87.2,2025-02-14
100002542,2025-05-06,60 Mins Practise,practice,practice,60 mins practice,others,43.6,2025-02-14
100002543,2025-02-14,25 Practice Credits,practice,practice,25 practice,others,408.75,2025-02-14
100002544,2025-02-14,60 Mins Practise,practice,practice,60 mins practice,others,0.0,2025-02-14
100002544,2025-02-21,60 Mins Practise,practice,practice,60 mins practice,others,43.6,2025-02-14
100002544,2025-03-14,60 Mins Practise,practice,practice,60 mins practice,others,43.6,2025-02-14
100002544,2025-03-21,30 Mins Practice Credit,practice,practice,30 mins practice,others,21.8,2025-02-14
100002544,2025-04-04,90 Mins practice,practice,practice,90 mins practice,others,65.4,2025-02-14
100002544,2025-05-09,60 Mins Practise,practice,practice,60 mins practice,others,43.6,2025-02-14
100002544,2025-05-18,60 Mins Practise,practice,practice,60 mins practice,others,43.6,2025-02-14
100002544,2025-07-02,60 Mins Practise,practice,practice,60 mins practice,others,43.6,2025-02-14
100002544,2025-07-11,60 Mins Practise,practice,practice,60 mins practice,others,43.6,2025-02-14
100002545,2025-02-14,30 Mins Practice Credit,practice,practice,30 mins practice,others,21.8,2025-02-14
100002545,2025-02-21,30 Mins Practice Credit,practice,practice,30 mins practice,others,21.8,2025-02-14
100002545,2025-03-22,30 Mins Practice Credit,practice,practice,30 mins practice,others,21.8,2025-02-14
100002545,2025-03-25,30 Mins Practice Credit,practice,practice,30 mins practice,others,21.8,2025-02-14
100002545,2025-04-24,30 Mins Practice Credit,practice,practice,30 mins practice,others,21.8,2025-02-14
100002545,2025-05-02,30 Mins Practice Credit,practice,practice,30 mins practice,others,21.8,2025-02-14
100002545,2025-05-07,30 Mins Practice Credit,practice,practice,30 mins practice,others,21.8,2025-02-14
100002545,2025-05-09,30 Mins Practice Credit,practice,practice,30 mins practice,others,21.8,2025-02-14
100002545,2025-05-10,30 Mins Practice Credit,practice,practice,30 mins practice,others,21.8,2025-02-14
100002545,2025-05-14,30 Mins Practice Credit,practice,practice,30 mins practice,others,21.8,2025-02-14
100002545,2025-05-16,30 Mins Practice Credit,practice,practice,30 mins practice,others,21.8,2025-02-14
100002545,2025-05-16,60 Mins Practise,practice,practice,60 mins practice,others,43.6,2025-02-14
100002545,2025-05-23,30 Mins Practice Credit,practice,practice,30 mins practice,others,21.8,2025-02-14
100002545,2025-06-07,30 Mins Practice Credit,practice,practice,30 mins practice,others,21.8,2025-02-14
100002545,2025-06-11,30 Mins Practice Credit,practice,practice,30 mins practice,others,21.8,2025-02-14
100002545,2025-06-13,30 Mins Practice Credit,practice,practice,30 mins practice,others,21.8,2025-02-14
100002545,2025-06-20,30 Mins Practice Credit,practice,practice,30 mins practice,others,21.8,2025-02-14
100002545,2025-06-27,30 Mins Practice Credit,practice,practice,30 mins practice,others,21.8,2025-02-14
100002545,2025-07-02,30 Mins Practice Credit,practice,practice,30 mins practice,others,21.8,2025-02-14
100002545,2025-07-04,30 Mins Practice Credit,practice,practice,30 mins practice,others,21.8,2025-02-14
100002545,2025-07-11,30 Mins Practice Credit,practice,practice,30 mins practice,others,21.8,2025-02-14
100002545,2025-07-16,30 Mins Practice Credit,practice,practice,30 mins practice,others,21.8,2025-02-14
100002545,2025-07-23,30 Mins Practice Credit,practice,practice,30 mins practice,others,21.8,2025-02-14
100002546,2025-02-14,10 Practice Credits,practice,practice,10 practice,others,174.4,2025-02-14
100002548,2025-02-14,30 Mins Practice Credit,practice,practice,30 mins practice,others,21.8,2025-02-14
100002548,2025-03-04,30 Mins Practice Credit,practice,practice,30 mins practice,others,21.8,2025-02-14
100002548,2025-03-15,30 Mins Practice Credit,practice,practice,30 mins practice,others,21.8,2025-02-14
100002548,2025-03-31,30 Mins Practice Credit,practice,practice,30 mins practice,others,21.8,2025-02-14
100002548,2025-04-09,30 Mins Practice Credit,practice,practice,30 mins practice,others,21.8,2025-02-14
100002548,2025-04-18,30 Mins Practice Credit,practice,practice,30 mins practice,others,21.8,2025-02-14
100002548,2025-04-20,30 Mins Practice Credit,practice,practice,30 mins practice,others,21.8,2025-02-14
100002548,2025-05-03,30 Mins Practice Credit,practice,practice,30 mins practice,others,21.8,2025-02-14
100002548,2025-05-08,30 Mins Practice Credit,practice,practice,30 mins practice,others,21.8,2025-02-14
100002550,2025-02-15,Trial Lesson W/ Joey Poh,trial,trial,Trial lesson,Joey Poh,119.9,2025-02-15
100002551,2025-02-15,10 Practice Credits,practice,practice,10 practice,others,174.4,2025-02-15
100002552,2025-02-15,30 Mins Practice Credit,practice,practice,30 mins practice,others,21.8,2025-02-15
100002553,2025-02-15,10 Practice Credits,practice,practice,10 practice,others,174.4,2025-02-15
100002553,2025-05-24,10 Practice Credits,practice,practice,10 practice,others,174.4,2025-02-15
100002554,2025-02-15,30 Mins Practice Credit,practice,practice,30 mins practice,others,21.8,2025-02-15
100002554,2025-02-15,60 Mins Practise,practice,practice,60 mins practice,others,43.6,2025-02-15
100002554,2025-02-16,60 Mins Practise,practice,practice,60 mins practice,others,43.6,2025-02-15
100002556,2025-02-15,50 Practice Credits,practice,practice,50 practice,others,763.0,2025-02-15
100002557,2025-02-15,Trial Lesson w/ Jasper,trial,trial,Trial lesson,Jasper Park,119.9,2025-02-15
100002557,2025-03-15,100 Practice Credits,practice,practice,100 practice,others,1133.6,2025-02-15
100002557,2025-03-15,30 Mins 1:1 Lesson W/ Jasper,lesson,lesson,30 mins lesson,Jasper Park,0.0,2025-02-15
100002557,2025-03-15,50 Lesson Pack (Jasper Park),lesson,lesson,50 lesson,Jasper Park,4360.0,2025-02-15
100002558,2025-02-15,30 Mins Practice Credit,practice,practice,30 mins practice,others,87.2,2025-02-15
100002559,2025-02-15,Group Trial Joey,trial,trial,Group Trial,Joey Poh,196.2,2025-02-15
100002559,2025-02-22,10 Lesson Pack (Joey Poh.),lesson,lesson,10 lesson,Joey Poh,981.0,2025-02-15
100002559,2025-02-22,10 Practice Credits,practice,practice,10 practice,others,156.96,2025-02-15
100002559,2025-05-24,10 Practice Credits,practice,practice,10 practice,others,148.24,2025-02-15
100002559,2025-05-24,20 Lesson Pack  (Joey Poh),lesson,lesson,20 lesson,Joey Poh,1853.0,2025-02-15
100002560,2025-02-15,10 Practice Credits,practice,practice,10 practice,others,0.0,2025-02-15
100002560,2025-02-15,Trial Lesson W/ Kim On You,trial,trial,Trial lesson,Kim On You,119.9,2025-02-15
100002560,2025-02-17,10 Lesson Pack (Kim On You),lesson,lesson,10 lesson,Kim On You,981.0,2025-02-15
100002560,2025-02-17,25 Practice Credits,practice,practice,25 practice,others,367.87,2025-02-15
100002561,2025-02-15,10 Practice Credits,practice,practice,10 practice,others,174.4,2025-02-15
100002561,2025-07-08,10 Practice Credits,practice,practice,10 practice,others,174.4,2025-02-15
100002561,2025-08-15,Golfzon 18 Holes - 2 Pax,play,play,Golfzon,others,130.8,2025-02-15
100002562,2025-02-15,10 Practice Credits,practice,practice,10 practice,others,174.4,2025-02-15
100002562,2025-04-04,Golfzon 18 Holes - 3 Pax,play,play,Golfzon,others,196.2,2025-02-15
100002564,2025-02-16,10 Practice Credits,practice,practice,10 practice,others,174.4,2025-02-16
100002564,2025-08-04,10 Practice Credits,practice,practice,10 practice,others,4.399999999999992,2025-02-16
100002565,2025-02-16,60 Mins Practise,practice,practice,60 mins practice,others,43.6,2025-02-16
100002565,2025-02-22,60 Mins Practise,practice,practice,60 mins practice,others,43.6,2025-02-16
100002565,2025-03-01,60 Mins Practise,practice,practice,60 mins practice,others,43.6,2025-02-16
100002565,2025-03-02,60 Mins Practise,practice,practice,60 mins practice,others,43.6,2025-02-16
100002565,2025-05-24,60 Mins Practise,practice,practice,60 mins practice,others,43.6,2025-02-16
100002565,2025-06-07,60 Mins Practise,practice,practice,60 mins practice,others,43.6,2025-02-16
100002565,2025-06-11,60 Mins Practise,practice,practice,60 mins practice,others,43.6,2025-02-16
100002565,2025-07-09,30 Mins Practice Credit,practice,practice,30 mins practice,others,21.8,2025-02-16
100002565,2025-07-27,60 Mins Practise,practice,practice,60 mins practice,others,43.6,2025-02-16
100002565,2025-07-30,10 Practice Credits,practice,practice,10 practice,others,174.4,2025-02-16
100002566,2025-02-16,Trial Lesson W/ Johnson Poh,trial,trial,Trial lesson,Johnson Poh,119.9,2025-02-16
100002566,2025-03-01,10 Lesson Pack  (Johnson Poh),lesson,lesson,10 lesson,Johnson Poh,981.0,2025-02-16
100002566,2025-06-01,10 Lesson Pack  (Johnson Poh),lesson,lesson,10 lesson,Johnson Poh,981.0,2025-02-16
100002568,2025-02-16,30 Mins Practice Credit,practice,practice,30 mins practice,others,21.8,2025-02-16
100002568,2025-03-11,10 Lesson Pack (Kim On You),lesson,lesson,10 lesson,Kim On You,981.0,2025-02-16
100002568,2025-03-11,10 Practice Credits,practice,practice,10 practice,others,0.0,2025-02-16
100002568,2025-03-11,25 Practice Credits,practice,practice,25 practice,others,367.87,2025-02-16
100002569,2025-02-16,Trial Lesson W/ Paul F,trial,trial,Trial lesson,Paul Finch,119.9,2025-02-16
100002569,2025-02-16,Trial Lesson w/ Jasper,trial,trial,Trial lesson,Jasper Park,119.9,2025-02-16
100002569,2025-04-21,30 Mins Practice Credit,practice,practice,30 mins practice,others,21.8,2025-02-16
100002571,2025-02-16,30 Mins Practice Credit,practice,practice,30 mins practice,others,43.6,2025-02-16
100002571,2025-08-17,10 Practice Credits,practice,practice,10 practice,others,174.4,2025-02-16
100002572,2025-02-17,10 Practice Credits,practice,practice,10 practice,others,174.4,2025-02-17
100002573,2025-02-17,10 Lesson Pack (Kim On You),lesson,lesson,10 lesson,Kim On You,981.0,2025-02-17
100002573,2025-02-17,10 Practice Credits,practice,practice,10 practice,others,156.96,2025-02-17
100002574,2025-02-17,30 Mins Practice Credit,practice,practice,30 mins practice,others,21.8,2025-02-17
100002575,2025-02-17,Group Trial Paul,trial,trial,Group Trial,Paul Finch,196.2,2025-02-17
100002575,2025-02-22,10 Practice Credits,practice,practice,10 practice,others,296.48,2025-02-17
100002575,2025-02-22,10 Semi Private (1:2 Lesson) w/ Paul Finch,lesson,lesson,10 group lesson,Paul Finch,2594.2,2025-02-17
100002575,2025-08-10,5 Semi Private (1:2 Lesson) w/ Paul Finch,lesson,lesson,5 group lesson,Paul Finch,1373.4,2025-02-17
100002577,2025-02-17,10 Practice Credits,practice,practice,10 practice,others,174.4,2025-02-17
100002577,2025-03-10,25 Practice Credits,practice,practice,25 practice,others,408.75,2025-02-17
100002577,2025-03-18,Golfzon 9 Holes - 2 Pax,play,play,Golfzon,others,87.2,2025-02-17
100002579,2025-02-17,25 Practice Credits,practice,practice,25 practice,others,408.75,2025-02-17
100002579,2025-03-30,25 Practice Credits,practice,practice,25 practice,others,408.75,2025-02-17
100002579,2025-08-02,25 Practice Credits,practice,practice,25 practice,others,408.75,2025-02-17
100002580,2025-02-17,10 Practice Credits,practice,practice,10 practice,others,174.4,2025-02-17
100002581,2025-02-18,30 Mins 1:1 Lesson W/ Joey Poh,lesson,lesson,30 mins lesson,Joey Poh,119.9,2025-02-18
100002581,2025-03-15,30 Mins Practice Credit,practice,practice,30 mins practice,others,21.8,2025-02-18
100002581,2025-04-26,30 Mins Practice Credit,practice,practice,30 mins practice,others,21.8,2025-02-18
100002583,2025-02-18,10 Practice Credits,practice,practice,10 practice,others,174.4,2025-02-18
100002583,2025-07-03,10 Practice Credits,practice,practice,10 practice,others,174.4,2025-02-18
100002584,2025-02-18,Trial Lesson W/ Joey Poh,trial,trial,Trial lesson,Joey Poh,119.9,2025-02-18
100002584,2025-02-22,10 Lesson Pack (Joey Poh.),lesson,lesson,10 lesson,Joey Poh,981.0,2025-02-18
100002584,2025-02-22,25 Practice Credits,practice,practice,25 practice,others,367.87,2025-02-18
100002584,2025-06-08,Trial Lesson W/ Jiali Khee,trial,trial,Trial lesson,Jiali Khee,119.9,2025-02-18
100002584,2025-06-09,Trial Lesson W/ Paul F,trial,trial,Trial lesson,Paul Finch,119.9,2025-02-18
100002584,2025-06-17,50 Practice Credits,practice,practice,50 practice,others,763.0,2025-02-18
100002584,2025-07-19,Golfzon 9 Holes - 4 Pax,play,play,Golfzon,others,174.4,2025-02-18
100002585,2025-02-18,Trial Lesson W/ Jiali Khee,trial,trial,Trial lesson,Jiali Khee,119.9,2025-02-18
100002586,2025-02-18,30 Mins Practice Credit,practice,practice,30 mins practice,others,21.8,2025-02-18
100002586,2025-02-20,30 Mins Practice Credit,practice,practice,30 mins practice,others,21.8,2025-02-18
100002586,2025-02-21,30 Mins Practice Credit,practice,practice,30 mins practice,others,21.8,2025-02-18
100002586,2025-02-23,30 Mins Practice Credit,practice,practice,30 mins practice,others,43.6,2025-02-18
100002586,2025-02-26,30 Mins Practice Credit,practice,practice,30 mins practice,others,21.8,2025-02-18
100002586,2025-02-27,30 Mins Practice Credit,practice,practice,30 mins practice,others,21.8,2025-02-18
100002586,2025-02-28,30 Mins Practice Credit,practice,practice,30 mins practice,others,21.8,2025-02-18
100002586,2025-03-02,30 Mins Practice Credit,practice,practice,30 mins practice,others,21.8,2025-02-18
100002586,2025-03-04,30 Mins Practice Credit,practice,practice,30 mins practice,others,43.6,2025-02-18
100002586,2025-03-14,60 Mins Practise,practice,practice,60 mins practice,others,87.2,2025-02-18
100002586,2025-03-16,30 Mins Practice Credit,practice,practice,30 mins practice,others,21.8,2025-02-18
100002586,2025-03-17,30 Mins Practice Credit,practice,practice,30 mins practice,others,43.6,2025-02-18
100002586,2025-03-18,60 Mins Practise,practice,practice,60 mins practice,others,43.6,2025-02-18
100002586,2025-03-19,60 Mins Practise,practice,practice,60 mins practice,others,43.6,2025-02-18
100002586,2025-03-20,30 Mins Practice Credit,practice,practice,30 mins practice,others,43.6,2025-02-18
100002587,2025-02-19,Trial Lesson W/ Jiali Khee,trial,trial,Trial lesson,Jiali Khee,119.9,2025-02-19
100002587,2025-02-21,10 Lesson Pack (Jiali Khee.),lesson,lesson,10 lesson,Jiali Khee,981.0,2025-02-19
100002587,2025-02-21,25 Practice Credits,practice,practice,25 practice,others,367.87,2025-02-19
100002588,2025-02-19,30 Mins Practice Credit,practice,practice,30 mins practice,others,21.8,2025-02-19
100002589,2025-02-19,30 Mins Practice Credit,practice,practice,30 mins practice,others,21.8,2025-02-19
100002591,2025-02-19,30 Mins Practice Credit,practice,practice,30 mins practice,others,21.8,2025-02-19
100002592,2025-02-19,30 Mins Practice Credit,practice,practice,30 mins practice,others,43.6,2025-02-19
100002593,2025-02-19,30 Mins Practice Credit,practice,practice,30 mins practice,others,21.8,2025-02-19
100002594,2025-02-19,60 Mins Practise,practice,practice,60 mins practice,others,43.6,2025-02-19
100002595,2025-02-20,30 Mins Practice Credit,practice,practice,30 mins practice,others,21.8,2025-02-20
100002596,2025-02-20,30 Mins Practice Credit,practice,practice,30 mins practice,others,21.8,2025-02-20
100002597,2024-11-12,10 Lesson Pack (Jiali Khee.),lesson,lesson,10 lesson,Jiali Khee,0.0,2024-11-12
100002597,2024-11-12,10 Practice Credits,practice,practice,10 practice,others,0.0,2024-11-12
100002597,2025-02-25,25 Practice Credits,practice,practice,25 practice,others,408.75,2024-11-12
100002597,2025-03-21,Trial Lesson W/ Paul F,trial,trial,Trial lesson,Paul Finch,119.9,2024-11-12
100002597,2025-04-03,10 Lesson Pack (Paul Finch),lesson,lesson,10 lesson,Paul Finch,981.0,2024-11-12
100002599,2025-02-20,10 Practice Credits,practice,practice,10 practice,others,174.4,2025-02-20
100002599,2025-05-19,10 Practice Credits,practice,practice,10 practice,others,174.4,2025-02-20
100002599,2025-06-16,10 Practice Credits,practice,practice,10 practice,others,174.4,2025-02-20
100002599,2025-08-18,10 Practice Credits,practice,practice,10 practice,others,174.4,2025-02-20
100002600,2025-02-25,10 Practice Credits,practice,practice,10 practice,others,174.4,2025-02-25
100002602,2025-02-20,60 Mins Practise,practice,practice,60 mins practice,others,43.6,2025-02-20
100002603,2025-02-20,10 Practice Credits,practice,practice,10 practice,others,174.4,2025-02-20
100002605,2025-02-20,Trial Lesson w/ Jasper ,trial,trial,Trial lesson,Jasper Park,119.9,2025-02-20
100002605,2025-02-26,10 Practice Credits,practice,practice,10 practice,others,174.4,2025-02-20
100002605,2025-03-11,30 Mins 1:1 Lesson W/ Jasper,lesson,lesson,30 mins lesson,Jasper Park,119.9,2025-02-20
100002605,2025-04-08,30 Mins 1:1 Lesson W/ Jasper,lesson,lesson,30 mins lesson,Jasper Park,119.9,2025-02-20
100002607,2025-02-20,60 Mins Practise,practice,practice,60 mins practice,others,43.6,2025-02-20
100002608,2025-02-21,90 Mins practice,practice,practice,90 mins practice,others,65.4,2025-02-21
100002608,2025-03-15,60 Mins Practise,practice,practice,60 mins practice,others,43.6,2025-02-21
100002608,2025-03-21,60 Mins Practise,practice,practice,60 mins practice,others,43.6,2025-02-21
100002608,2025-03-30,60 Mins Practise,practice,practice,60 mins practice,others,43.6,2025-02-21
100002608,2025-04-03,30 Mins Practice Credit,practice,practice,30 mins practice,others,21.8,2025-02-21
100002608,2025-07-16,60 Mins Practise,practice,practice,60 mins practice,others,43.6,2025-02-21
100002608,2025-07-18,60 Mins Practise,practice,practice,60 mins practice,others,43.6,2025-02-21
100002608,2025-07-19,30 Mins Practice Credit,practice,practice,30 mins practice,others,21.8,2025-02-21
100002609,2024-12-26,20 Lesson Pack (Kim On You),lesson,lesson,20 lesson,Kim On You,0.0,2024-12-26
100002609,2024-12-26,50 Practice Credits,practice,practice,50 practice,others,0.0,2024-12-26
100002609,2025-02-21,Trial Lesson W/ Kim On You,trial,trial,Trial lesson,Kim On You,119.9,2024-12-26
100002609,2025-05-25,Golfzon 9 Holes - 2 Pax,play,play,Golfzon,others,87.2,2024-12-26
100002610,2025-02-27,Group Trial Johnson,trial,trial,Group Trial,Johnson Poh,196.2,2025-02-27
100002610,2025-03-12,10 Practice Credits,practice,practice,10 practice,others,313.92,2025-02-27
100002610,2025-03-12,5 Semi Private (1:2 Lesson) w/ Johnson Poh.,lesson,lesson,5 group lesson,Johnson Poh,1373.4,2025-02-27
100002610,2025-04-23,10 Semi Private (1:2 Lesson) w/ Johnson Poh,lesson,lesson,10 group lesson,Johnson Poh,2594.2,2025-02-27
100002611,2025-02-21,60 Mins Practise,practice,practice,60 mins practice,others,43.6,2025-02-21
100002612,2025-02-21,30 Mins Practice Credit,practice,practice,30 mins practice,others,21.8,2025-02-21
100002612,2025-02-21,Trial Lesson W/ Joey Poh,trial,trial,Trial lesson,Joey Poh,119.9,2025-02-21
100002612,2025-05-22,30 Mins Practice Credit,practice,practice,30 mins practice,others,43.6,2025-02-21
100002612,2025-05-29,30 Mins Practice Credit,practice,practice,30 mins practice,others,43.6,2025-02-21
100002614,2025-02-21,30 Mins Practice Credit,practice,practice,30 mins practice,others,43.6,2025-02-21
100002615,2025-02-21,30 Mins Practice Credit,practice,practice,30 mins practice,others,43.6,2025-02-21
100002616,2025-02-22,60 Mins Practise,practice,practice,60 mins practice,others,43.6,2025-02-22
100002616,2025-04-02,60 Mins Practise,practice,practice,60 mins practice,others,43.6,2025-02-22
100002617,2025-02-22,30 Mins Practice Credit,practice,practice,30 mins practice,others,21.8,2025-02-22
100002617,2025-03-04,10 Practice Credits,practice,practice,10 practice,others,174.4,2025-02-22
100002618,2025-02-22,30 Mins Practice Credit,practice,practice,30 mins practice,others,21.8,2025-02-22
100002619,2025-02-22,30 Mins Practice Credit,practice,practice,30 mins practice,others,21.8,2025-02-22
100002620,2025-02-22,30 Mins Practice Credit,practice,practice,30 mins practice,others,21.8,2025-02-22
100002621,2025-03-02,10 Practice Credits,practice,practice,10 practice,others,174.4,2025-03-02
100002621,2025-08-03,10 Practice Credits,practice,practice,10 practice,others,174.4,2025-03-02
100002622,2025-02-23,10 Practice Credits,practice,practice,10 practice,others,174.4,2025-02-23
100002623,2025-02-23,10 Practice Credits,practice,practice,10 practice,others,174.4,2025-02-23
100002625,2025-02-23,10 Practice Credits,practice,practice,10 practice,others,174.4,2025-02-23
100002627,2025-02-23,25 Practice Credits,practice,practice,25 practice,others,408.75,2025-02-23
100002627,2025-02-23,60 Mins Practise,practice,practice,60 mins practice,others,43.6,2025-02-23
100002628,2025-02-23,Trial Lesson W/ Johnson Poh,trial,trial,Trial lesson,Johnson Poh,119.9,2025-02-23
100002629,2025-02-23,60 Mins Practise,practice,practice,60 mins practice,others,43.6,2025-02-23
100002629,2025-03-08,60 Mins Practise,practice,practice,60 mins practice,others,43.6,2025-02-23
100002629,2025-04-22,60 Mins Practise,practice,practice,60 mins practice,others,43.6,2025-02-23
100002632,2025-02-23,10 Practice Credits,practice,practice,10 practice,others,174.4,2025-02-23
100002633,2025-02-23,30 Mins Practice Credit,practice,practice,30 mins practice,others,21.8,2025-02-23
100002634,2025-02-23,30 Mins Practice Credit,practice,practice,30 mins practice,others,21.8,2025-02-23
100002634,2025-03-01,10 Practice Credits,practice,practice,10 practice,others,174.4,2025-02-23
100002634,2025-05-11,10 Practice Credits,practice,practice,10 practice,others,174.4,2025-02-23
100002634,2025-07-25,Golfzon 18 Holes - 2 Pax,play,play,Golfzon,others,65.4,2025-02-23
100002635,2025-04-21,Group Trial Joey,trial,trial,Group Trial,Joey Poh,196.2,2025-04-21
100002636,2025-02-23,30 Mins Practice Credit,practice,practice,30 mins practice,others,21.8,2025-02-23
100002636,2025-06-21,30 Mins Practice Credit,practice,practice,30 mins practice,others,21.8,2025-02-23
100002637,2025-02-23,25 Practice Credits,practice,practice,25 practice,others,408.75,2025-02-23
100002637,2025-05-15,25 Practice Credits,practice,practice,25 practice,others,408.75,2025-02-23
100002637,2025-07-01,50 Practice Credits,practice,practice,50 practice,others,763.0,2025-02-23
100002638,2025-03-08,Trial Lesson W/ Joey Poh,trial,trial,Trial lesson,Joey Poh,119.9,2025-03-08
100002638,2025-05-06,10 Lesson Pack (Joey Poh.),lesson,lesson,10 lesson,Joey Poh,981.0,2025-03-08
100002638,2025-05-06,10 Practice Credits,practice,practice,10 practice,others,156.96,2025-03-08
100002639,2025-02-24,30 Mins Practice Credit,practice,practice,30 mins practice,others,21.8,2025-02-24
100002640,2025-02-24,Golfzon 9 Holes - 2 Pax,play,play,Golfzon,others,87.2,2025-02-24
100002641,2025-02-24,10 Practice Credits,practice,practice,10 practice,others,174.4,2025-02-24
100002642,2025-02-24,30 Mins Practice Credit,practice,practice,30 mins practice,others,21.8,2025-02-24
100002643,2025-02-24,30 Mins Practice Credit,practice,practice,30 mins practice,others,21.8,2025-02-24
100002643,2025-02-26,25 Practice Credits,practice,practice,25 practice,others,408.75,2025-02-24
100002644,2025-02-24,30 Mins Practice Credit,practice,practice,30 mins practice,others,21.8,2025-02-24
100002645,2025-02-24,10 Practice Credits,practice,practice,10 practice,others,174.4,2025-02-24
100002645,2025-04-25,10 Practice Credits,practice,practice,10 practice,others,174.4,2025-02-24
100002645,2025-06-18,10 Practice Credits,practice,practice,10 practice,others,174.4,2025-02-24
100002646,2025-02-24,10 Practice Credits,practice,practice,10 practice,others,174.4,2025-02-24
100002646,2025-05-25,10 Practice Credits,practice,practice,10 practice,others,174.4,2025-02-24
100002646,2025-06-18,10 Practice Credits,practice,practice,10 practice,others,174.4,2025-02-24
100002647,2025-02-25,Trial Lesson W/ Joey Poh,trial,trial,Trial lesson,Joey Poh,119.9,2025-02-25
100002647,2025-03-06,10 Lesson Pack (Joey Poh.),lesson,lesson,10 lesson,Joey Poh,981.0,2025-02-25
100002647,2025-03-06,10 Practice Credits,practice,practice,10 practice,others,156.96,2025-02-25
100002648,2025-02-25,30 Mins Practice Credit,practice,practice,30 mins practice,others,21.8,2025-02-25
100002648,2025-02-25,Trial Lesson W/ Johnson Poh,trial,trial,Trial lesson,Johnson Poh,119.9,2025-02-25
100002648,2025-03-02,10 Lesson Pack  (Johnson Poh),lesson,lesson,10 lesson,Johnson Poh,981.0,2025-02-25
100002648,2025-03-16,10 Practice Credits,practice,practice,10 practice,others,174.4,2025-02-25
100002649,2025-02-25,60 Mins Practise,practice,practice,60 mins practice,others,43.6,2025-02-25
100002649,2025-03-01,10 Practice Credits,practice,practice,10 practice,others,174.4,2025-02-25
100002649,2025-05-01,Golfzon 9 Holes - 4 Pax,play,play,Golfzon,others,174.4,2025-02-25
100002651,2025-02-25,Trial Lesson W/ Jiali Khee,trial,trial,Trial lesson,Jiali Khee,119.9,2025-02-25
100002651,2025-03-29,30 Mins 1:1 Lesson W/ Jiali Khee,lesson,lesson,30 mins lesson,Jiali Khee,119.9,2025-02-25
100002651,2025-05-19,30 Mins 1:1 Lesson W/ Jiali Khee,lesson,lesson,30 mins lesson,Jiali Khee,119.9,2025-02-25
100002651,2025-06-06,10 Lesson Pack (Jiali Khee.),lesson,lesson,10 lesson,Jiali Khee,981.0,2025-02-25
100002651,2025-06-06,30 Mins 1:1 Lesson W/ Jiali Khee,lesson,lesson,30 mins lesson,Jiali Khee,0.0,2025-02-25
100002652,2025-02-25,30 Mins Practice Credit,practice,practice,30 mins practice,others,21.8,2025-02-25
100002653,2025-02-26,60 Mins Practise,practice,practice,60 mins practice,others,0.0,2025-02-26
100002653,2025-04-16,60 Mins Practise,practice,practice,60 mins practice,others,0.0,2025-02-26
100002654,2025-02-26,Trial Lesson w/ Jasper ,trial,trial,Trial lesson,Jasper Park,119.9,2025-02-26
100002655,2025-02-26,10 Practice Credits,practice,practice,10 practice,others,174.4,2025-02-26
100002656,2025-02-26,10 Practice Credits,practice,practice,10 practice,others,174.4,2025-02-26
100002657,2025-02-27,30 Mins Practice Credit,practice,practice,30 mins practice,others,21.8,2025-02-27
100002657,2025-08-15,30 Mins Practice Credit,practice,practice,30 mins practice,others,43.6,2025-02-27
100002658,2025-02-27,Trial Lesson W/ Aiko H,trial,trial,Trial lesson,Aiko H,119.9,2025-02-27
100002658,2025-03-06,10 Lesson Pack ( Aiko H),lesson,lesson,10 lesson,Aiko H,981.0,2025-02-27
100002658,2025-03-06,10 Practice Credits,practice,practice,10 practice,others,156.96,2025-02-27
100002658,2025-07-10,10 Lesson Pack ( Aiko H),lesson,lesson,10 lesson,Aiko H,981.0,2025-02-27
100002659,2025-02-27,60 Mins Practise,practice,practice,60 mins practice,others,87.2,2025-02-27
100002660,2025-02-27,30 Mins Practice Credit,practice,practice,30 mins practice,others,21.8,2025-02-27
100002660,2025-04-30,60 Mins Practise,practice,practice,60 mins practice,others,87.2,2025-02-27
100002660,2025-05-19,30 Mins Practice Credit,practice,practice,30 mins practice,others,21.8,2025-02-27
100002660,2025-07-15,30 Mins Practice Credit,practice,practice,30 mins practice,others,21.8,2025-02-27
100002660,2025-07-29,30 Mins Practice Credit,practice,practice,30 mins practice,others,21.8,2025-02-27
100002661,2025-02-27,Trial Lesson W/ Jiali Khee,trial,trial,Trial lesson,Jiali Khee,119.9,2025-02-27
100002662,2025-02-28,10 Practice Credits,practice,practice,10 practice,others,174.4,2025-02-28
100002662,2025-03-24,25 Practice Credits,practice,practice,25 practice,others,408.75,2025-02-28
100002664,2025-02-28,Trial Lesson W/ Jiali Khee,trial,trial,Trial lesson,Jiali Khee,119.9,2025-02-28
100002664,2025-03-14,10 Practice Credits,practice,practice,10 practice,others,148.24,2025-02-28
100002664,2025-03-14,20 Lesson Pack (Jiali Khee.),lesson,lesson,20 lesson,Jiali Khee,1853.0,2025-02-28
100002665,2025-02-28,Group Trial Paul,trial,trial,Group Trial,Paul Finch,196.2,2025-02-28
100002665,2025-03-02,Group Trial Joey,trial,trial,Group Trial,Joey Poh,0.0,2025-02-28
100002665,2025-03-02,Group Trial Paul,trial,trial,Group Trial,Paul Finch,0.0,2025-02-28
100002665,2025-03-09,5 Semi Private (1:2 Lesson) w/ Joey Poh,lesson,lesson,5 group lesson,Joey Poh,1373.4,2025-02-28
100002666,2025-02-28,30 Mins Practice Credit,practice,practice,30 mins practice,others,21.8,2025-02-28
100002666,2025-03-05,30 Mins Practice Credit,practice,practice,30 mins practice,others,21.8,2025-02-28
100002666,2025-03-21,10 Practice Credits,practice,practice,10 practice,others,174.4,2025-02-28
100002667,2025-02-28,60 Mins Practise,practice,practice,60 mins practice,others,43.6,2025-02-28
100002668,2025-03-01,10 Practice Credits,practice,practice,10 practice,others,174.4,2025-03-01
100002668,2025-04-06,10 Practice Credits,practice,practice,10 practice,others,174.4,2025-03-01
100002668,2025-05-11,10 Practice Credits,practice,practice,10 practice,others,174.4,2025-03-01
100002668,2025-06-14,25 Practice Credits,practice,practice,25 practice,others,408.75,2025-03-01
100002669,2025-03-01,30 Mins Practice Credit,practice,practice,30 mins practice,others,21.8,2025-03-01
100002670,2025-03-01,5 Semi Private (1:2 Lesson) w/ Kim On You,lesson,lesson,5 group lesson,Kim On You,1373.4,2025-03-01
100002670,2025-03-03,5 Semi Private (1:2 Lesson) w/ Kim On You,lesson,lesson,5 group lesson,Kim On You,0.0,2025-03-01
100002670,2025-03-03,5 Semi Private (1:2 Lesson) w/ Paul Finch,lesson,lesson,5 group lesson,Paul Finch,0.0,2025-03-01
100002671,2025-03-01,10 Practice Credits,practice,practice,10 practice,others,174.4,2025-03-01
100002672,2025-03-01,10 Practice Credits,practice,practice,10 practice,others,174.4,2025-03-01
100002673,2025-03-01,30 Mins Practice Credit,practice,practice,30 mins practice,others,43.6,2025-03-01
100002673,2025-03-20,30 Mins Practice Credit,practice,practice,30 mins practice,others,65.4,2025-03-01
100002675,2025-03-01,60 Mins Practise,practice,practice,60 mins practice,others,43.6,2025-03-01
100002675,2025-03-09,10 Practice Credits,practice,practice,10 practice,others,174.4,2025-03-01
100002675,2025-03-09,Trial Lesson W/ Joey Poh,trial,trial,Trial lesson,Joey Poh,119.9,2025-03-01
100002675,2025-03-10,10 Lesson Pack (Joey Poh.),lesson,lesson,10 lesson,Joey Poh,981.0,2025-03-01
100002675,2025-03-10,25 Practice Credits,practice,practice,25 practice,others,367.87,2025-03-01
100002675,2025-06-29,25 Practice Credits,practice,practice,25 practice,others,408.75,2025-03-01
100002675,2025-07-25,50 Practice Credits,practice,practice,50 practice,others,763.0,2025-03-01
100002675,2025-07-31,Golfzon 9 Holes - 4 Pax,play,play,Golfzon,others,174.4,2025-03-01
100002676,2025-03-01,10 Practice Credits,practice,practice,10 practice,others,174.4,2025-03-01
100002676,2025-07-16,Trial Lesson W/ Joey Poh,trial,trial,Trial lesson,Joey Poh,119.9,2025-03-01
100002677,2025-03-01,10 Practice Credits,practice,practice,10 practice,others,174.4,2025-03-01
100002678,2025-03-01,30 Mins Practice Credit,practice,practice,30 mins practice,others,21.8,2025-03-01
100002678,2025-03-05,30 Mins Practice Credit,practice,practice,30 mins practice,others,21.8,2025-03-01
100002678,2025-03-17,10 Practice Credits,practice,practice,10 practice,others,174.4,2025-03-01
100002678,2025-04-29,10 Practice Credits,practice,practice,10 practice,others,174.4,2025-03-01
100002678,2025-05-13,Trial Lesson W/ Paul F,trial,trial,Trial lesson,Paul Finch,119.9,2025-03-01
100002678,2025-06-20,10 Practice Credits,practice,practice,10 practice,others,174.4,2025-03-01
100002678,2025-08-01,10 Practice Credits,practice,practice,10 practice,others,174.4,2025-03-01
100002679,2025-03-01,10 Lesson Pack (Kim On You),lesson,lesson,10 lesson,Kim On You,981.0,2025-03-01
100002679,2025-03-01,10 Practice Credits,practice,practice,10 practice,others,156.96,2025-03-01
100002679,2025-04-30,50 Practice Credits,practice,practice,50 practice,others,763.0,2025-03-01
100002680,2025-03-02,30 Mins Practice Credit,practice,practice,30 mins practice,others,0.0,2025-03-02
100002681,2025-03-02,Trial Lesson W/ Paul F,trial,trial,Trial lesson,Paul Finch,119.9,2025-03-02
100002681,2025-03-08,10 Lesson Pack (Paul Finch),lesson,lesson,10 lesson,Paul Finch,981.0,2025-03-02
100002681,2025-03-13,10 Lesson Pack (Jasper  Park),lesson,lesson,10 lesson,Jasper Park,0.0,2025-03-02
100002681,2025-03-13,10 Lesson Pack (Paul Finch),lesson,lesson,10 lesson,Paul Finch,0.0,2025-03-02
100002682,2025-03-02,30 Mins Practice Credit,practice,practice,30 mins practice,others,21.8,2025-03-02
100002683,2024-10-28,10 Lesson Pack (Kim On You),lesson,lesson,10 lesson,Kim On You,0.0,2024-10-28
100002683,2024-10-28,25 Practice Credits,practice,practice,25 practice,others,0.0,2024-10-28
100002684,2025-03-03,50 Practice Credits,practice,practice,50 practice,others,763.0,2025-03-03
100002685,2025-03-03,Group Trial Joey,trial,trial,Group Trial,Joey Poh,196.2,2025-03-03
100002685,2025-03-11,25 Practice Credits,practice,practice,25 practice,others,367.87,2025-03-03
100002685,2025-03-11,5 Semi Private (1:2 Lesson) w/ Joey Poh,lesson,lesson,5 group lesson,Joey Poh,1373.4,2025-03-03
100002685,2025-04-04,10 Practice Credits,practice,practice,10 practice,others,174.4,2025-03-03
100002685,2025-04-04,Trial Lesson W/ Desmond Tan,trial,trial,Trial lesson,Desmond Tan,59.95,2025-03-03
100002686,2025-03-03,10 Lesson Pack (Kim On You),lesson,lesson,10 lesson,Kim On You,981.0,2025-03-03
100002686,2025-03-03,25 Practice Credits,practice,practice,25 practice,others,408.75,2025-03-03
100002686,2025-03-03,50 Practice Credits,practice,practice,50 practice,others,686.7,2025-03-03
100002687,2025-03-04,Group Trial Jiali,trial,trial,Group Trial,Jiali Khee,196.2,2025-03-04
100002687,2025-03-08,20 Lesson Pack (Jiali Khee.),lesson,lesson,20 lesson,Jiali Khee,1853.0,2025-03-04
100002687,2025-03-08,25 Practice Credits,practice,practice,25 practice,others,347.44,2025-03-04
100002687,2025-05-07,50 Lesson Pack  (Jiali Khee),lesson,lesson,50 lesson,Jiali Khee,4360.0,2025-03-04
100002688,2025-03-04,10 Practice Credits,practice,practice,10 practice,others,174.4,2025-03-04
100002689,2025-03-04,25 Practice Credits,practice,practice,25 practice,others,408.75,2025-03-04
100002690,2025-03-04,10 Practice Credits,practice,practice,10 practice,others,174.4,2025-03-04
100002691,2025-03-05,Trial Lesson W/ Paul F,trial,trial,Trial lesson,Paul Finch,119.9,2025-03-05
100002693,2025-03-06,Group Trial Joey,trial,trial,Group Trial,Joey Poh,196.2,2025-03-06
100002694,2025-03-05,10 Practice Credits,practice,practice,10 practice,others,174.4,2025-03-05
100002695,2025-03-05,10 Practice Credits,practice,practice,10 practice,others,174.4,2025-03-05
100002696,2025-03-05,30 Mins Practice Credit,practice,practice,30 mins practice,others,21.8,2025-03-05
100002696,2025-04-11,30 Mins Practice Credit,practice,practice,30 mins practice,others,21.8,2025-03-05
100002696,2025-06-11,60 Mins Practise,practice,practice,60 mins practice,others,43.6,2025-03-05
100002696,2025-07-15,60 Mins Practise,practice,practice,60 mins practice,others,43.6,2025-03-05
100002697,2025-03-05,30 Mins Practice Credit,practice,practice,30 mins practice,others,21.8,2025-03-05
100002698,2025-03-05,10 Practice Credits,practice,practice,10 practice,others,174.4,2025-03-05
100002699,2025-03-05,30 Mins Practice Credit,practice,practice,30 mins practice,others,21.8,2025-03-05
100002699,2025-03-20,30 Mins Practice Credit,practice,practice,30 mins practice,others,21.8,2025-03-05
100002700,2025-03-05,30 Mins Practice Credit,practice,practice,30 mins practice,others,21.8,2025-03-05
100002700,2025-04-01,30 Mins Practice Credit,practice,practice,30 mins practice,others,21.8,2025-03-05
100002700,2025-04-03,60 Mins Practise,practice,practice,60 mins practice,others,43.6,2025-03-05
100002703,2025-03-06,10 Practice Credits,practice,practice,10 practice,others,174.4,2025-03-06
100002704,2025-03-06,60 Mins Practise,practice,practice,60 mins practice,others,87.2,2025-03-06
100002704,2025-04-04,60 Mins Practise,practice,practice,60 mins practice,others,43.6,2025-03-06
100002705,2025-03-06,30 Mins Practice Credit,practice,practice,30 mins practice,others,21.8,2025-03-06
100002705,2025-03-11,10 Practice Credits,practice,practice,10 practice,others,174.4,2025-03-06
100002706,2025-03-06,30 Mins Practice Credit,practice,practice,30 mins practice,others,21.8,2025-03-06
100002707,2025-03-06,60 Mins Practise,practice,practice,60 mins practice,others,43.6,2025-03-06
100002709,2025-03-06,90 Mins practice,practice,practice,90 mins practice,others,65.4,2025-03-06
100002709,2025-03-08,90 Mins practice,practice,practice,90 mins practice,others,65.4,2025-03-06
100002710,2025-03-06,60 Mins Practise,practice,practice,60 mins practice,others,43.6,2025-03-06
100002710,2025-03-27,10 Practice Credits,practice,practice,10 practice,others,174.4,2025-03-06
100002710,2025-05-25,10 Practice Credits,practice,practice,10 practice,others,174.4,2025-03-06
100002710,2025-07-02,10 Practice Credits,practice,practice,10 practice,others,174.4,2025-03-06
100002711,2025-03-06,30 Mins Practice Credit,practice,practice,30 mins practice,others,21.8,2025-03-06
100002712,2025-03-06,10 Practice Credits,practice,practice,10 practice,others,174.4,2025-03-06
100002713,2025-03-06,30 Mins Practice Credit,practice,practice,30 mins practice,others,21.8,2025-03-06
100002714,2025-03-06,30 Mins Practice Credit,practice,practice,30 mins practice,others,43.6,2025-03-06
100002715,2025-03-07,10 Lesson Pack (Paul Finch),lesson,lesson,10 lesson,Paul Finch,981.0,2025-03-07
100002715,2025-03-07,25 Practice Credits,practice,practice,25 practice,others,367.87,2025-03-07
100002715,2025-03-07,Trial Lesson W/ Paul F,trial,trial,Trial lesson,Paul Finch,119.9,2025-03-07
100002715,2025-05-21,50 Practice Credits,practice,practice,50 practice,others,763.0,2025-03-07
100002716,2025-03-10,25 Practice Credits,practice,practice,25 practice,others,408.75,2025-03-10
100002716,2025-03-10,Golfzon 9 Holes - 2 Pax,play,play,Golfzon,others,87.2,2025-03-10
100002718,2025-03-07,Golfzon 9 Holes - 2 Pax,play,play,Golfzon,others,87.2,2025-03-07
100002719,2025-03-07,60 Mins Practise,practice,practice,60 mins practice,others,43.6,2025-03-07
100002722,2025-03-07,60 Mins Practise,practice,practice,60 mins practice,others,43.6,2025-03-07
100002722,2025-03-12,60 Mins Practise,practice,practice,60 mins practice,others,87.2,2025-03-07
100002723,2025-03-07,30 Mins Practice Credit,practice,practice,30 mins practice,others,43.6,2025-03-07
100002725,2025-03-08,60 Mins Practise,practice,practice,60 mins practice,others,43.6,2025-03-08
100002725,2025-04-11,30 Mins Practice Credit,practice,practice,30 mins practice,others,21.8,2025-03-08
100002725,2025-06-14,60 Mins Practise,practice,practice,60 mins practice,others,43.6,2025-03-08
100002725,2025-06-29,30 Mins Practice Credit,practice,practice,30 mins practice,others,43.6,2025-03-08
100002726,2025-03-08,Trial Lesson w/ Jasper,trial,trial,Trial lesson,Jasper Park,119.9,2025-03-08
100002726,2025-06-28,Trial Lesson W/ Paul F,trial,trial,Trial lesson,Paul Finch,119.9,2025-03-08
100002726,2025-07-04,10 Lesson Pack (Paul Finch),lesson,lesson,10 lesson,Paul Finch,981.0,2025-03-08
100002727,2025-03-08,30 Mins Practice Credit,practice,practice,30 mins practice,others,43.6,2025-03-08
100002728,2025-03-08,30 Mins Practice Credit,practice,practice,30 mins practice,others,21.8,2025-03-08
100002728,2025-03-11,30 Mins Practice Credit,practice,practice,30 mins practice,others,21.8,2025-03-08
100002729,2025-03-08,10 Practice Credits,practice,practice,10 practice,others,174.4,2025-03-08
100002730,2025-03-08,30 Mins Practice Credit,practice,practice,30 mins practice,others,21.8,2025-03-08
100002730,2025-03-09,30 Mins Practice Credit,practice,practice,30 mins practice,others,21.8,2025-03-08
100002730,2025-08-07,30 Mins Practice Credit,practice,practice,30 mins practice,others,21.8,2025-03-08
100002731,2025-05-26,60 Mins Practise,practice,practice,60 mins practice,others,43.6,2025-05-26
100002731,2025-07-12,60 Mins Practise,practice,practice,60 mins practice,others,43.6,2025-05-26
100002731,2025-08-10,60 Mins Practise,practice,practice,60 mins practice,others,43.6,2025-05-26
100002732,2025-03-09,Trial Lesson W/ Paul F,trial,trial,Trial lesson,Paul Finch,119.9,2025-03-09
100002733,2025-03-09,10 Lesson Pack (Kim On You),lesson,lesson,10 lesson,Kim On You,981.0,2025-03-09
100002733,2025-03-09,10 Practice Credits,practice,practice,10 practice,others,156.96,2025-03-09
100002734,2025-03-09,30 Mins Practice Credit,practice,practice,30 mins practice,others,21.8,2025-03-09
100002734,2025-03-14,30 Mins Practice Credit,practice,practice,30 mins practice,others,21.8,2025-03-09
100002735,2025-03-09,10 Lesson Pack  (Johnson Poh),lesson,lesson,10 lesson,Johnson Poh,981.0,2025-03-09
100002735,2025-03-09,10 Practice Credits,practice,practice,10 practice,others,156.96,2025-03-09
100002736,2025-03-09,20 Lesson Pack (Johnson Poh),lesson,lesson,20 lesson,Johnson Poh,1853.0,2025-03-09
100002736,2025-03-26,20 Lesson Pack (Jiali Khee.),lesson,lesson,20 lesson,Jiali Khee,0.0,2025-03-09
100002736,2025-03-26,20 Lesson Pack (Johnson Poh),lesson,lesson,20 lesson,Johnson Poh,0.0,2025-03-09
100002737,2025-03-09,10 Practice Credits,practice,practice,10 practice,others,174.4,2025-03-09
100002738,2025-03-10,Trial Lesson W/ Paul F,trial,trial,Trial lesson,Paul Finch,119.9,2025-03-10
100002739,2025-03-10,60 Mins Practise,practice,practice,60 mins practice,others,43.6,2025-03-10
100002740,2025-03-10,10 Lesson Pack (Kim On You),lesson,lesson,10 lesson,Kim On You,981.0,2025-03-10
100002740,2025-03-10,50 Practice Credits,practice,practice,50 practice,others,686.7,2025-03-10
100002742,2025-03-10,30 Mins Practice Credit,practice,practice,30 mins practice,others,21.8,2025-03-10
100002742,2025-03-21,30 Mins Practice Credit,practice,practice,30 mins practice,others,21.8,2025-03-10
100002742,2025-04-04,30 Mins Practice Credit,practice,practice,30 mins practice,others,21.8,2025-03-10
100002742,2025-04-22,30 Mins Practice Credit,practice,practice,30 mins practice,others,21.8,2025-03-10
100002742,2025-06-29,30 Mins Practice Credit,practice,practice,30 mins practice,others,21.8,2025-03-10
100002742,2025-07-13,30 Mins Practice Credit,practice,practice,30 mins practice,others,21.8,2025-03-10
100002743,2025-03-11,60 Mins Practise,practice,practice,60 mins practice,others,43.6,2025-03-11
100002744,2025-03-11,Trial Lesson W/ Joey Poh,trial,trial,Trial lesson,Joey Poh,119.9,2025-03-11
100002745,2025-03-11,10 Practice Credits,practice,practice,10 practice,others,174.4,2025-03-11
100002746,2025-03-12,10 Practice Credits,practice,practice,10 practice,others,174.4,2025-03-12
100002746,2025-03-13,Trial Lesson W/ Kim On You,trial,trial,Trial lesson,Kim On You,119.9,2025-03-12
100002747,2025-03-12,30 Mins Practice Credit,practice,practice,30 mins practice,others,21.8,2025-03-12
100002747,2025-05-04,60 Mins Practise,practice,practice,60 mins practice,others,43.6,2025-03-12
100002747,2025-08-06,30 Mins Practice Credit,practice,practice,30 mins practice,others,21.8,2025-03-12
100002748,2025-03-12,60 Mins Practise,practice,practice,60 mins practice,others,43.6,2025-03-12
100002748,2025-03-16,60 Mins Practise,practice,practice,60 mins practice,others,43.6,2025-03-12
100002748,2025-03-22,100 Practice Credits,practice,practice,100 practice,others,1417.0,2025-03-12
100002748,2025-06-01,100 Practice Credits,practice,practice,100 practice,others,1417.0,2025-03-12
100002748,2025-07-04,Golfzon 18 Holes - 2 Pax,play,play,Golfzon,others,130.8,2025-03-12
100002749,2025-03-14,Trial Lesson W/ Johnson Poh,trial,trial,Trial lesson,Johnson Poh,119.9,2025-03-14
100002750,2025-03-12,30 Mins Practice Credit,practice,practice,30 mins practice,others,21.8,2025-03-12
100002750,2025-03-12,60 Mins Practise,practice,practice,60 mins practice,others,43.6,2025-03-12
100002750,2025-05-12,30 Mins Practice Credit,practice,practice,30 mins practice,others,21.8,2025-03-12
100002751,2025-03-12,60 Mins Practise,practice,practice,60 mins practice,others,43.6,2025-03-12
100002751,2025-06-29,30 Mins Practice Credit,practice,practice,30 mins practice,others,21.8,2025-03-12
100002751,2025-08-15,Golfzon 18 Holes - 2 Pax,play,play,Golfzon,others,130.8,2025-03-12
100002752,2025-03-12,Trial Lesson W/ Johnson Poh,trial,trial,Trial lesson,Johnson Poh,119.9,2025-03-12
100002752,2025-03-13,50 Lesson Pack  (Johnson Poh),lesson,lesson,50 lesson,Johnson Poh,4360.0,2025-03-12
100002752,2025-03-13,50 Practice Credits,practice,practice,50 practice,others,610.4,2025-03-12
100002753,2025-03-13,Trial Lesson W/ Joey Poh,trial,trial,Trial lesson,Joey Poh,119.9,2025-03-13
100002753,2025-03-14,10 Practice Credits,practice,practice,10 practice,others,174.4,2025-03-13
100002753,2025-03-28,10 Lesson Pack (Jiali Khee.),lesson,lesson,10 lesson,Jiali Khee,0.0,2025-03-13
100002753,2025-03-28,10 Lesson Pack (Joey Poh.),lesson,lesson,10 lesson,Joey Poh,981.0,2025-03-13
100002754,2025-03-13,10 Practice Credits,practice,practice,10 practice,others,174.4,2025-03-13
100002756,2025-03-13,30 Mins Practice Credit,practice,practice,30 mins practice,others,21.8,2025-03-13
100002757,2025-03-13,25 Practice Credits,practice,practice,25 practice,others,408.75,2025-03-13
100002758,2025-03-13,10 Practice Credits,practice,practice,10 practice,others,174.4,2025-03-13
100002758,2025-06-24,25 Practice Credits,practice,practice,25 practice,others,408.75,2025-03-13
100002759,2025-03-13,30 Mins Practice Credit,practice,practice,30 mins practice,others,21.8,2025-03-13
100002759,2025-03-19,30 Mins Practice Credit,practice,practice,30 mins practice,others,21.8,2025-03-13
100002759,2025-04-17,30 Mins Practice Credit,practice,practice,30 mins practice,others,21.8,2025-03-13
100002759,2025-07-14,30 Mins Practice Credit,practice,practice,30 mins practice,others,21.8,2025-03-13
100002760,2025-03-13,30 Mins Practice Credit,practice,practice,30 mins practice,others,21.8,2025-03-13
100002761,2025-03-13,60 Mins Practise,practice,practice,60 mins practice,others,43.6,2025-03-13
100002761,2025-03-16,60 Mins Practise,practice,practice,60 mins practice,others,43.6,2025-03-13
100002761,2025-03-22,60 Mins Practise,practice,practice,60 mins practice,others,43.6,2025-03-13
100002761,2025-04-06,60 Mins Practise,practice,practice,60 mins practice,others,43.6,2025-03-13
100002761,2025-04-13,60 Mins Practise,practice,practice,60 mins practice,others,43.6,2025-03-13
100002761,2025-04-16,60 Mins Practise,practice,practice,60 mins practice,others,43.6,2025-03-13
100002761,2025-04-20,60 Mins Practise,practice,practice,60 mins practice,others,43.6,2025-03-13
100002762,2025-03-14,Trial Lesson W/ Aiko H,trial,trial,Trial lesson,Aiko H,119.9,2025-03-14
100002763,2025-03-14,30 Mins Practice Credit,practice,practice,30 mins practice,others,43.6,2025-03-14
100002763,2025-03-28,60 Mins Practise,practice,practice,60 mins practice,others,43.6,2025-03-14
100002763,2025-04-14,60 Mins Practise,practice,practice,60 mins practice,others,43.6,2025-03-14
100002763,2025-04-18,60 Mins Practise,practice,practice,60 mins practice,others,43.6,2025-03-14
100002763,2025-05-14,60 Mins Practise,practice,practice,60 mins practice,others,43.6,2025-03-14
100002763,2025-06-07,60 Mins Practise,practice,practice,60 mins practice,others,43.6,2025-03-14
100002763,2025-06-15,90 Mins practice,practice,practice,90 mins practice,others,65.4,2025-03-14
100002763,2025-06-22,60 Mins Practise,practice,practice,60 mins practice,others,43.6,2025-03-14
100002764,2025-03-14,60 Mins Practise,practice,practice,60 mins practice,others,43.6,2025-03-14
100002765,2025-03-14,60 Mins Practise,practice,practice,60 mins practice,others,43.6,2025-03-14
100002765,2025-03-17,10 Practice Credits,practice,practice,10 practice,others,174.4,2025-03-14
100002766,2025-03-14,30 Mins Practice Credit,practice,practice,30 mins practice,others,21.8,2025-03-14
100002766,2025-03-18,25 Practice Credits,practice,practice,25 practice,others,408.75,2025-03-14
100002766,2025-07-02,50 Practice Credits,practice,practice,50 practice,others,763.0,2025-03-14
100002767,2025-03-14,10 Practice Credits,practice,practice,10 practice,others,174.4,2025-03-14
100002768,2025-03-14,10 Practice Credits,practice,practice,10 practice,others,174.4,2025-03-14
100002769,2025-03-14,60 Mins Practise,practice,practice,60 mins practice,others,43.6,2025-03-14
100002769,2025-04-01,30 Mins Practice Credit,practice,practice,30 mins practice,others,21.8,2025-03-14
100002770,2025-03-14,10 Practice Credits,practice,practice,10 practice,others,174.4,2025-03-14
100002771,2025-03-14,Trial Lesson W/ Jiali Khee,trial,trial,Trial lesson,Jiali Khee,119.9,2025-03-14
100002771,2025-03-17,30 Mins Practice Credit,practice,practice,30 mins practice,others,21.8,2025-03-14
100002771,2025-06-15,10 Lesson Pack (Jiali Khee.),lesson,lesson,10 lesson,Jiali Khee,981.0,2025-03-14
100002771,2025-08-08,10 Practice Credits,practice,practice,10 practice,others,174.4,2025-03-14
100002772,2025-03-14,100 Practice Credits,practice,practice,100 practice,others,1417.0,2025-03-14
100002773,2025-03-14,Trial Lesson W/ Johnson Poh,trial,trial,Trial lesson,Johnson Poh,119.9,2025-03-14
100002773,2025-03-21,10 Lesson Pack  (Johnson Poh),lesson,lesson,10 lesson,Johnson Poh,981.0,2025-03-14
100002773,2025-03-21,10 Practice Credits,practice,practice,10 practice,others,156.96,2025-03-14
100002774,2025-03-14,10 Practice Credits,practice,practice,10 practice,others,174.4,2025-03-14
100002776,2025-03-13,30 Mins Practice Credit,practice,practice,30 mins practice,others,43.6,2025-03-13
100002776,2025-03-13,60 Mins Practise,practice,practice,60 mins practice,others,43.6,2025-03-13
100002776,2025-03-15,30 Mins Practice Credit,practice,practice,30 mins practice,others,21.8,2025-03-13
100002776,2025-03-15,Trial Lesson W/ Paul F,trial,trial,Trial lesson,Paul Finch,119.9,2025-03-13
100002776,2025-03-16,10 Practice Credits,practice,practice,10 practice,others,174.4,2025-03-13
100002777,2025-03-15,30 Mins Practice Credit,practice,practice,30 mins practice,others,21.8,2025-03-15
100002777,2025-03-18,30 Mins Practice Credit,practice,practice,30 mins practice,others,21.8,2025-03-15
100002777,2025-06-13,30 Mins Practice Credit,practice,practice,30 mins practice,others,21.8,2025-03-15
100002777,2025-06-16,30 Mins Practice Credit,practice,practice,30 mins practice,others,21.8,2025-03-15
100002777,2025-06-18,30 Mins Practice Credit,practice,practice,30 mins practice,others,21.8,2025-03-15
100002777,2025-06-20,30 Mins Practice Credit,practice,practice,30 mins practice,others,21.8,2025-03-15
100002777,2025-06-22,30 Mins Practice Credit,practice,practice,30 mins practice,others,21.8,2025-03-15
100002777,2025-06-23,30 Mins Practice Credit,practice,practice,30 mins practice,others,21.8,2025-03-15
100002777,2025-06-24,30 Mins Practice Credit,practice,practice,30 mins practice,others,21.8,2025-03-15
100002777,2025-06-25,30 Mins Practice Credit,practice,practice,30 mins practice,others,21.8,2025-03-15
100002777,2025-06-27,30 Mins Practice Credit,practice,practice,30 mins practice,others,21.8,2025-03-15
100002777,2025-07-01,30 Mins Practice Credit,practice,practice,30 mins practice,others,21.8,2025-03-15
100002777,2025-07-03,30 Mins Practice Credit,practice,practice,30 mins practice,others,21.8,2025-03-15
100002777,2025-07-04,30 Mins Practice Credit,practice,practice,30 mins practice,others,21.8,2025-03-15
100002777,2025-07-07,30 Mins Practice Credit,practice,practice,30 mins practice,others,21.8,2025-03-15
100002777,2025-07-08,30 Mins Practice Credit,practice,practice,30 mins practice,others,21.8,2025-03-15
100002777,2025-07-22,30 Mins Practice Credit,practice,practice,30 mins practice,others,21.8,2025-03-15
100002777,2025-08-01,30 Mins Practice Credit,practice,practice,30 mins practice,others,21.8,2025-03-15
100002777,2025-08-18,30 Mins Practice Credit,practice,practice,30 mins practice,others,21.8,2025-03-15
100002777,2025-08-20,30 Mins Practice Credit,practice,practice,30 mins practice,others,21.8,2025-03-15
100002778,2025-03-15,Trial Lesson W/ Paul F,trial,trial,Trial lesson,Paul Finch,119.9,2025-03-15
100002779,2025-03-15,30 Mins Practice Credit,practice,practice,30 mins practice,others,21.8,2025-03-15
100002779,2025-03-15,Trial Lesson W/ Paul F,trial,trial,Trial lesson,Paul Finch,119.9,2025-03-15
100002779,2025-03-22,10 Lesson Pack (Paul Finch),lesson,lesson,10 lesson,Paul Finch,981.0,2025-03-15
100002779,2025-03-22,10 Practice Credits,practice,practice,10 practice,others,156.96,2025-03-15
100002780,2025-03-15,30 Mins Practice Credit,practice,practice,30 mins practice,others,21.8,2025-03-15
100002780,2025-03-22,30 Mins Practice Credit,practice,practice,30 mins practice,others,21.8,2025-03-15
100002780,2025-05-18,30 Mins Practice Credit,practice,practice,30 mins practice,others,21.8,2025-03-15
100002780,2025-06-13,30 Mins Practice Credit,practice,practice,30 mins practice,others,43.6,2025-03-15
100002782,2025-03-15,30 Mins Practice Credit,practice,practice,30 mins practice,others,21.8,2025-03-15
100002782,2025-05-26,30 Mins Practice Credit,practice,practice,30 mins practice,others,21.8,2025-03-15
100002782,2025-06-15,30 Mins Practice Credit,practice,practice,30 mins practice,others,21.8,2025-03-15
100002783,2025-03-15,10 Practice Credits,practice,practice,10 practice,others,174.4,2025-03-15
100002784,2025-03-15,10 Practice Credits,practice,practice,10 practice,others,174.4,2025-03-15
100002784,2025-03-15,60 Mins Practise,practice,practice,60 mins practice,others,0.0,2025-03-15
100002785,2025-03-16,30 Mins Practice Credit,practice,practice,30 mins practice,others,21.8,2025-03-16
100002785,2025-03-16,Trial Lesson W/ Jiali Khee,trial,trial,Trial lesson,Jiali Khee,119.9,2025-03-16
100002785,2025-06-18,30 Mins Practice Credit,practice,practice,30 mins practice,others,21.8,2025-03-16
100002785,2025-06-19,Golfzon 9 Holes - 1 Pax,play,play,Golfzon,others,38.15,2025-03-16
100002786,2025-03-16,10 Practice Credits,practice,practice,10 practice,others,174.4,2025-03-16
100002787,2025-03-16,Trial Lesson W/ Johnson Poh,trial,trial,Trial lesson,Johnson Poh,119.9,2025-03-16
100002787,2025-03-30,20 Lesson Pack (Johnson Poh),lesson,lesson,20 lesson,Johnson Poh,1853.0,2025-03-16
100002787,2025-07-07,20 Lesson Pack (Johnson Poh),lesson,lesson,20 lesson,Johnson Poh,1853.0,2025-03-16
100002788,2025-03-16,Golfzon 9 Holes - 2 Pax,play,play,Golfzon,others,87.2,2025-03-16
100002789,2025-03-16,30 Mins Practice Credit,practice,practice,30 mins practice,others,21.8,2025-03-16
100002789,2025-05-12,30 Mins Practice Credit,practice,practice,30 mins practice,others,21.8,2025-03-16
100002790,2025-03-16,30 Mins Practice Credit,practice,practice,30 mins practice,others,21.8,2025-03-16
100002790,2025-05-10,30 Mins Practice Credit,practice,practice,30 mins practice,others,21.8,2025-03-16
100002790,2025-05-31,30 Mins Practice Credit,practice,practice,30 mins practice,others,21.8,2025-03-16
100002790,2025-06-08,30 Mins Practice Credit,practice,practice,30 mins practice,others,21.8,2025-03-16
100002790,2025-06-15,30 Mins Practice Credit,practice,practice,30 mins practice,others,21.8,2025-03-16
100002790,2025-06-28,30 Mins Practice Credit,practice,practice,30 mins practice,others,21.8,2025-03-16
100002790,2025-07-22,30 Mins Practice Credit,practice,practice,30 mins practice,others,21.8,2025-03-16
100002790,2025-08-09,30 Mins Practice Credit,practice,practice,30 mins practice,others,21.8,2025-03-16
100002790,2025-08-16,30 Mins Practice Credit,practice,practice,30 mins practice,others,21.8,2025-03-16
100002791,2025-03-16,30 Mins Practice Credit,practice,practice,30 mins practice,others,43.6,2025-03-16
100002791,2025-03-18,10 Practice Credits,practice,practice,10 practice,others,174.4,2025-03-16
100002791,2025-03-18,Trial Lesson W/ Jiali Khee,trial,trial,Trial lesson,Jiali Khee,119.9,2025-03-16
100002791,2025-03-21,10 Lesson Pack (Jiali Khee.),lesson,lesson,10 lesson,Jiali Khee,981.0,2025-03-16
100002792,2025-03-16,25 Practice Credits,practice,practice,25 practice,others,408.75,2025-03-16
100002793,2025-03-16,10 Practice Credits,practice,practice,10 practice,others,174.4,2025-03-16
100002793,2025-04-05,10 Practice Credits,practice,practice,10 practice,others,174.4,2025-03-16
100002795,2025-03-17,Group Trial Jasper,trial,trial,Group Trial,Jasper Park,196.2,2025-03-17
100002796,2025-03-17,Group Trial Paul,trial,trial,Group Trial,Paul Finch,196.2,2025-03-17
100002796,2025-03-19,25 Practice Credits,practice,practice,25 practice,others,374.64,2025-03-17
100002796,2025-03-19,5 Semi Private (1:2 Lesson) w/ Paul Finch,lesson,lesson,5 group lesson,Paul Finch,1373.4,2025-03-17
100002796,2025-05-02,5 Semi Private (1:2 Lesson) w/ Paul Finch,lesson,lesson,5 group lesson,Paul Finch,1373.4,2025-03-17
100002796,2025-05-02,50 Practice Credits,practice,practice,50 practice,others,686.7,2025-03-17
100002796,2025-07-17,Group Trial Jiali,trial,trial,Group Trial,Jiali Khee,196.2,2025-03-17
100002796,2025-07-29,5 Semi Private (1:2 Lesson) w/ Jiali Khee,lesson,lesson,5 group lesson,Jiali Khee,0.0,2025-03-17
100002796,2025-07-29,5 Semi Private (1:2 Lesson) w/ Paul Finch,lesson,lesson,5 group lesson,Paul Finch,0.0,2025-03-17
100002797,2025-03-17,Trial Lesson W/ Kim On You,trial,trial,Trial lesson,Kim On You,119.9,2025-03-17
100002798,2025-03-17,Trial Lesson w/ Jasper ,trial,trial,Trial lesson,Jasper Park,119.9,2025-03-17
100002798,2025-03-18,60 Mins 1:1 Lesson W/ Jasper Park.,lesson,lesson,60 mins lesson,Jasper Park,203.82999999999998,2025-03-17
100002798,2025-03-22,30 Mins 1:1 Lesson W/ Jasper,lesson,lesson,30 mins lesson,Jasper Park,101.92,2025-03-17
100002799,2025-03-17,10 Lesson Pack ( Aiko H),lesson,lesson,10 lesson,Aiko H,981.0,2025-03-17
100002800,2025-03-17,Trial Lesson W/ Johnson Poh,trial,trial,Trial lesson,Johnson Poh,119.9,2025-03-17
100002801,2025-03-17,30 Mins Practice Credit,practice,practice,30 mins practice,others,21.8,2025-03-17
100002801,2025-04-08,30 Mins Practice Credit,practice,practice,30 mins practice,others,21.8,2025-03-17
100002802,2024-11-13,25 Practice Credits,practice,practice,25 practice,others,0.0,2024-11-13
100002802,2024-12-07,10 Semi Private (1:2 Lesson) w/ Johnson Poh,lesson,lesson,10 group lesson,Johnson Poh,0.0,2024-11-13
100002802,2025-03-17,10 Lesson Pack  (Johnson Poh),lesson,lesson,10 lesson,Johnson Poh,981.0,2024-11-13
100002803,2025-03-17,Trial Lesson W/ Johnson Poh,trial,trial,Trial lesson,Johnson Poh,119.9,2025-03-17
100002804,2025-03-20,10 Lesson Pack (Kim On You),lesson,lesson,10 lesson,Kim On You,981.0,2025-03-20
100002804,2025-03-20,25 Practice Credits,practice,practice,25 practice,others,367.87,2025-03-20
100002805,2025-03-17,60 Mins Practise,practice,practice,60 mins practice,others,43.6,2025-03-17
100002805,2025-03-22,Golfzon 18 Holes - 2 Pax,play,play,Golfzon,others,130.8,2025-03-17
100002805,2025-05-06,10 Practice Credits,practice,practice,10 practice,others,174.4,2025-03-17
100002806,2025-04-03,Trial Lesson w/ Jasper,trial,trial,Trial lesson,Jasper Park,119.9,2025-04-03
100002806,2025-04-07,10 Lesson Pack (Jasper  Park),lesson,lesson,10 lesson,Jasper Park,981.0,2025-04-03
100002806,2025-04-07,25 Practice Credits,practice,practice,25 practice,others,367.87,2025-04-03
100002807,2025-03-18,30 Mins Practice Credit,practice,practice,30 mins practice,others,21.8,2025-03-18
100002809,2025-03-18,30 Mins Practice Credit,practice,practice,30 mins practice,others,21.8,2025-03-18
100002809,2025-07-02,60 Mins Practise,practice,practice,60 mins practice,others,43.6,2025-03-18
100002809,2025-07-08,30 Mins Practice Credit,practice,practice,30 mins practice,others,21.8,2025-03-18
100002810,2025-03-18,60 Mins Practise,practice,practice,60 mins practice,others,43.6,2025-03-18
100002810,2025-03-26,30 Mins Practice Credit,practice,practice,30 mins practice,others,21.8,2025-03-18
100002811,2025-03-18,10 Practice Credits,practice,practice,10 practice,others,174.4,2025-03-18
100002811,2025-05-18,10 Practice Credits,practice,practice,10 practice,others,174.4,2025-03-18
100002811,2025-07-30,10 Practice Credits,practice,practice,10 practice,others,174.4,2025-03-18
100002812,2025-03-18,10 Practice Credits,practice,practice,10 practice,others,174.4,2025-03-18
100002813,2025-03-18,60 Mins Practise,practice,practice,60 mins practice,others,43.6,2025-03-18
100002814,2025-03-19,30 Mins Practice Credit,practice,practice,30 mins practice,others,21.8,2025-03-19
100002815,2025-03-19,10 Practice Credits,practice,practice,10 practice,others,174.4,2025-03-19
100002816,2025-03-19,30 Mins Practice Credit,practice,practice,30 mins practice,others,21.8,2025-03-19
100002817,2025-03-19,10 Practice Credits,practice,practice,10 practice,others,174.4,2025-03-19
100002819,2025-03-19,30 Mins Practice Credit,practice,practice,30 mins practice,others,21.8,2025-03-19
100002820,2025-03-19,Trial Lesson W/ Paul F,trial,trial,Trial lesson,Paul Finch,119.9,2025-03-19
100002821,2025-03-19,Trial Lesson W/ Son Gunwoo,trial,trial,Trial lesson,Son Gunwoo,119.9,2025-03-19
100002821,2025-03-29,10 Lesson Pack (Son Gunwoo),lesson,lesson,10 lesson,Son Gunwoo,981.0,2025-03-19
100002821,2025-03-29,10 Practice Credits,practice,practice,10 practice,others,156.96,2025-03-19
100002821,2025-04-08,10 Practice Credits,practice,practice,10 practice,others,0.0,2025-03-19
100002821,2025-04-28,10 Lesson Pack (Kim On You),lesson,lesson,10 lesson,Kim On You,981.0,2025-03-19
100002821,2025-04-28,10 Lesson Pack (Son Gunwoo),lesson,lesson,10 lesson,Son Gunwoo,-981.0,2025-03-19
100002823,2025-03-20,Trial Lesson w/ Jasper ,trial,trial,Trial lesson,Jasper Park,119.9,2025-03-20
100002823,2025-03-23,30 Mins Practice Credit,practice,practice,30 mins practice,others,21.8,2025-03-20
100002823,2025-03-27,30 Mins Practice Credit,practice,practice,30 mins practice,others,21.8,2025-03-20
100002823,2025-03-30,10 Practice Credits,practice,practice,10 practice,others,174.4,2025-03-20
100002823,2025-05-29,Golfzon 9 Holes - 2 Pax,play,play,Golfzon,others,43.6,2025-03-20
100002823,2025-05-31,Trial Lesson W/ Johnson Poh,trial,trial,Trial lesson,Johnson Poh,119.9,2025-03-20
100002823,2025-06-06,10 Lesson Pack  (Johnson Poh),lesson,lesson,10 lesson,Johnson Poh,981.0,2025-03-20
100002823,2025-06-26,Golfzon 9 Holes - 2 Pax,play,play,Golfzon,others,43.6,2025-03-20
100002823,2025-07-10,Golfzon 9 Holes - 2 Pax,play,play,Golfzon,others,43.6,2025-03-20
100002823,2025-08-07,Golfzon 9 Holes - 2 Pax,play,play,Golfzon,others,43.6,2025-03-20
100002823,2025-08-14,Golfzon 9 Holes - 2 Pax,play,play,Golfzon,others,43.6,2025-03-20
100002823,2025-08-21,Golfzon 9 Holes - 2 Pax,play,play,Golfzon,others,43.6,2025-03-20
100002824,2025-03-20,10 Practice Credits,practice,practice,10 practice,others,174.4,2025-03-20
100002825,2025-03-20,30 Mins Practice Credit,practice,practice,30 mins practice,others,21.8,2025-03-20
100002826,2025-03-20,Trial Lesson W/ Aiko H,trial,trial,Trial lesson,Aiko H,119.9,2025-03-20
100002827,2025-03-20,10 Practice Credits,practice,practice,10 practice,others,174.4,2025-03-20
100002828,2025-03-20,25 Practice Credits,practice,practice,25 practice,others,408.75,2025-03-20
100002829,2025-03-20,60 Mins Practise,practice,practice,60 mins practice,others,43.6,2025-03-20
100002829,2025-03-21,30 Mins Practice Credit,practice,practice,30 mins practice,others,43.6,2025-03-20
100002830,2025-03-20,30 Mins Practice Credit,practice,practice,30 mins practice,others,43.6,2025-03-20
100002831,2025-03-20,30 Mins Practice Credit,practice,practice,30 mins practice,others,21.8,2025-03-20
100002832,2025-03-20,10 Lesson Pack  (Johnson Poh),lesson,lesson,10 lesson,Johnson Poh,981.0,2025-03-20
100002833,2025-03-20,30 Mins Practice Credit,practice,practice,30 mins practice,others,21.8,2025-03-20
100002833,2025-03-20,60 Mins Practise,practice,practice,60 mins practice,others,43.6,2025-03-20
100002833,2025-07-09,60 Mins Practise,practice,practice,60 mins practice,others,43.6,2025-03-20
100002834,2025-03-21,30 Mins Practice Credit,practice,practice,30 mins practice,others,21.8,2025-03-21
100002834,2025-04-23,30 Mins Practice Credit,practice,practice,30 mins practice,others,21.8,2025-03-21
100002834,2025-04-29,30 Mins Practice Credit,practice,practice,30 mins practice,others,21.8,2025-03-21
100002834,2025-07-09,30 Mins Practice Credit,practice,practice,30 mins practice,others,43.6,2025-03-21
100002834,2025-07-22,30 Mins Practice Credit,practice,practice,30 mins practice,others,21.8,2025-03-21
100002834,2025-07-29,30 Mins Practice Credit,practice,practice,30 mins practice,others,21.8,2025-03-21
100002834,2025-08-08,60 Mins Practise,practice,practice,60 mins practice,others,43.6,2025-03-21
100002834,2025-08-21,30 Mins Practice Credit,practice,practice,30 mins practice,others,21.8,2025-03-21
100002835,2024-12-26,100 Practice Credits,practice,practice,100 practice,others,0.0,2024-12-26
100002835,2024-12-29,10 Lesson Pack (Jasper  Park),lesson,lesson,10 lesson,Jasper Park,0.0,2024-12-26
100002835,2025-01-19,60 Mins Practise,practice,practice,60 mins practice,others,43.6,2024-12-26
100002836,2025-03-22,30 Mins Practice Credit,practice,practice,30 mins practice,others,43.6,2025-03-22
100002837,2025-03-22,Trial Lesson W/ Joey Poh,trial,trial,Trial lesson,Joey Poh,119.9,2025-03-22
100002839,2025-03-22,Trial Lesson W/ Kim On You,trial,trial,Trial lesson,Kim On You,119.9,2025-03-22
100002839,2025-03-23,10 Lesson Pack (Kim On You),lesson,lesson,10 lesson,Kim On You,981.0,2025-03-22
100002839,2025-03-23,10 Practice Credits,practice,practice,10 practice,others,156.96,2025-03-22
100002840,2025-03-22,10 Practice Credits,practice,practice,10 practice,others,174.4,2025-03-22
100002841,2025-04-05,Trial Lesson W/ Joey Poh,trial,trial,Trial lesson,Joey Poh,0.0,2025-04-05
100002841,2025-04-19,10 Lesson Pack (Joey Poh.),lesson,lesson,10 lesson,Joey Poh,981.0,2025-04-05
100002841,2025-04-19,10 Practice Credits,practice,practice,10 practice,others,156.96,2025-04-05
100002841,2025-07-05,10 Lesson Pack (Joey Poh.),lesson,lesson,10 lesson,Joey Poh,981.0,2025-04-05
100002842,2025-03-22,Trial Lesson W/ Joey Poh,trial,trial,Trial lesson,Joey Poh,119.9,2025-03-22
100002842,2025-03-27,30 Mins Practice Credit,practice,practice,30 mins practice,others,21.8,2025-03-22
100002842,2025-04-04,10 Lesson Pack (Joey Poh.),lesson,lesson,10 lesson,Joey Poh,981.0,2025-03-22
100002842,2025-04-04,10 Practice Credits,practice,practice,10 practice,others,156.96,2025-03-22
100002842,2025-04-04,Trial Lesson W/ Jiali Khee,trial,trial,Trial lesson,Jiali Khee,119.9,2025-03-22
100002843,2025-03-22,30 Mins Practice Credit,practice,practice,30 mins practice,others,43.6,2025-03-22
100002843,2025-03-22,60 Mins Practise,practice,practice,60 mins practice,others,43.6,2025-03-22
100002843,2025-03-28,60 Mins Practise,practice,practice,60 mins practice,others,-43.6,2025-03-22
100002844,2025-03-22,30 Mins Practice Credit,practice,practice,30 mins practice,others,21.8,2025-03-22
100002844,2025-03-22,90 Mins practice,practice,practice,90 mins practice,others,65.4,2025-03-22
100002846,2025-03-23,30 Mins Practice Credit,practice,practice,30 mins practice,others,21.8,2025-03-23
100002847,2025-03-23,30 Mins Practice Credit,practice,practice,30 mins practice,others,21.8,2025-03-23
100002848,2025-03-23,90 Mins practice,practice,practice,90 mins practice,others,65.4,2025-03-23
100002850,2025-03-23,30 Mins Practice Credit,practice,practice,30 mins practice,others,21.8,2025-03-23
100002853,2025-03-23,10 Practice Credits,practice,practice,10 practice,others,174.4,2025-03-23
100002854,2025-03-23,10 Practice Credits,practice,practice,10 practice,others,174.4,2025-03-23
100002854,2025-03-23,Trial Lesson W/ Joey Poh,trial,trial,Trial lesson,Joey Poh,119.9,2025-03-23
100002854,2025-04-16,Trial Lesson W/ Johnson Poh,trial,trial,Trial lesson,Johnson Poh,119.9,2025-03-23
100002854,2025-04-22,20 Lesson Pack (Johnson Poh),lesson,lesson,20 lesson,Johnson Poh,1853.0,2025-03-23
100002854,2025-04-23,25 Practice Credits,practice,practice,25 practice,others,347.44,2025-03-23
100002855,2025-03-23,Trial Lesson w/ Jasper ,trial,trial,Trial lesson,Jasper Park,119.9,2025-03-23
100002855,2025-03-24,Trial Lesson W/ Paul F,trial,trial,Trial lesson,Paul Finch,119.9,2025-03-23
100002855,2025-03-26,10 Practice Credits,practice,practice,10 practice,others,174.4,2025-03-23
100002856,2025-03-23,10 Practice Credits,practice,practice,10 practice,others,174.4,2025-03-23
100002856,2025-05-29,10 Practice Credits,practice,practice,10 practice,others,174.4,2025-03-23
100002856,2025-06-10,10 Practice Credits,practice,practice,10 practice,others,174.4,2025-03-23
100002858,2025-03-24,10 Practice Credits,practice,practice,10 practice,others,174.4,2025-03-24
100002858,2025-07-15,25 Practice Credits,practice,practice,25 practice,others,408.75,2025-03-24
100002859,2025-03-24,Trial Lesson w/ Jasper ,trial,trial,Trial lesson,Jasper Park,119.9,2025-03-24
100002859,2025-03-26,Trial Lesson W/ Paul F,trial,trial,Trial lesson,Paul Finch,119.9,2025-03-24
100002860,2025-03-24,30 Mins Practice Credit,practice,practice,30 mins practice,others,21.8,2025-03-24
100002861,2025-03-24,10 Practice Credits,practice,practice,10 practice,others,174.4,2025-03-24
100002861,2025-04-15,Trial Lesson W/ Jiali Khee,trial,trial,Trial lesson,Jiali Khee,119.9,2025-03-24
100002861,2025-04-16,10 Lesson Pack (Jiali Khee.),lesson,lesson,10 lesson,Jiali Khee,981.0,2025-03-24
100002861,2025-04-16,10 Practice Credits,practice,practice,10 practice,others,156.96,2025-03-24
100002863,2025-03-25,Trial Lesson W/ Jiali Khee,trial,trial,Trial lesson,Jiali Khee,119.9,2025-03-25
100002864,2025-03-25,30 Mins Practice Credit,practice,practice,30 mins practice,others,21.8,2025-03-25
100002864,2025-03-26,30 Mins Practice Credit,practice,practice,30 mins practice,others,21.8,2025-03-25
100002864,2025-03-28,30 Mins Practice Credit,practice,practice,30 mins practice,others,21.8,2025-03-25
100002866,2025-03-26,30 Mins Practice Credit,practice,practice,30 mins practice,others,43.6,2025-03-26
100002867,2025-03-26,60 Mins Practise,practice,practice,60 mins practice,others,43.6,2025-03-26
100002868,2025-03-26,60 Mins Practise,practice,practice,60 mins practice,others,43.6,2025-03-26
100002868,2025-03-27,60 Mins Practise,practice,practice,60 mins practice,others,43.6,2025-03-26
100002869,2025-03-26,30 Mins Practice Credit,practice,practice,30 mins practice,others,21.8,2025-03-26
100002871,2025-03-27,60 Mins Practise,practice,practice,60 mins practice,others,43.6,2025-03-27
100002871,2025-03-27,Trial Lesson W/ Johnson Poh,trial,trial,Trial lesson,Johnson Poh,119.9,2025-03-27
100002871,2025-03-27,Trial Lesson w/ Jasper,trial,trial,Trial lesson,Jasper Park,0.0,2025-03-27
100002872,2025-03-27,30 Mins Practice Credit,practice,practice,30 mins practice,others,21.8,2025-03-27
100002872,2025-03-29,30 Mins Practice Credit,practice,practice,30 mins practice,others,21.8,2025-03-27
100002873,2025-03-27,Trial Lesson W/ Paul F,trial,trial,Trial lesson,Paul Finch,119.9,2025-03-27
100002873,2025-03-30,Golfzon 9 Holes - 2 Pax,play,play,Golfzon,others,87.2,2025-03-27
100002873,2025-03-31,Golfzon 9 Holes - 2 Pax,play,play,Golfzon,others,87.2,2025-03-27
100002873,2025-04-06,Golfzon 9 Holes - 3 Pax,play,play,Golfzon,others,130.8,2025-03-27
100002873,2025-04-08,Golfzon 9 Holes - 3 Pax,play,play,Golfzon,others,130.8,2025-03-27
100002873,2025-04-27,30 Mins Practice Credit,practice,practice,30 mins practice,others,21.8,2025-03-27
100002873,2025-04-27,Golfzon 9 Holes - 4 Pax,play,play,Golfzon,others,174.4,2025-03-27
100002873,2025-05-02,Golfzon 18 Holes - 2 Pax,play,play,Golfzon,others,65.4,2025-03-27
100002873,2025-05-07,20 Lesson Pack (Paul Finch),lesson,lesson,20 lesson,Paul Finch,1853.0,2025-03-27
100002873,2025-05-07,25 Practice Credits,practice,practice,25 practice,others,347.44,2025-03-27
100002873,2025-05-19,Golfzon 18 Holes - 2 Pax,play,play,Golfzon,others,130.8,2025-03-27
100002873,2025-06-04,Golfzon 18 Holes - 2 Pax,play,play,Golfzon,others,130.8,2025-03-27
100002873,2025-06-05,Golfzon 9 Holes - 2 Pax,play,play,Golfzon,others,43.6,2025-03-27
100002873,2025-06-18,Golfzon 18 Holes - 2 Pax,play,play,Golfzon,others,65.4,2025-03-27
100002873,2025-06-23,Golfzon 9 Holes - 2 Pax,play,play,Golfzon,others,43.6,2025-03-27
100002873,2025-07-04,Golfzon 18 Holes - 3 Pax,play,play,Golfzon,others,98.1,2025-03-27
100002873,2025-07-23,Golfzon 18 Holes - 1 Pax,play,play,Golfzon,others,109.0,2025-03-27
100002873,2025-07-30,Golfzon 18 Holes - 2 Pax,play,play,Golfzon,others,130.8,2025-03-27
100002873,2025-08-06,Golfzon 18 Holes - 2 Pax,play,play,Golfzon,others,65.4,2025-03-27
100002874,2025-03-28,30 Mins Practice Credit,practice,practice,30 mins practice,others,21.8,2025-03-28
100002875,2025-03-28,Trial Lesson W/ Paul F,trial,trial,Trial lesson,Paul Finch,119.9,2025-03-28
100002875,2025-03-29,20 Lesson Pack (Paul Finch),lesson,lesson,20 lesson,Paul Finch,1853.0,2025-03-28
100002875,2025-03-29,25 Practice Credits,practice,practice,25 practice,others,347.44,2025-03-28
100002876,2025-03-28,60 Mins Practise,practice,practice,60 mins practice,others,87.2,2025-03-28
100002876,2025-06-27,60 Mins Practise,practice,practice,60 mins practice,others,43.6,2025-03-28
100002877,2025-03-28,10 Practice Credits,practice,practice,10 practice,others,174.4,2025-03-28
100002878,2025-03-28,10 Practice Credits,practice,practice,10 practice,others,174.4,2025-03-28
100002878,2025-05-31,10 Practice Credits,practice,practice,10 practice,others,174.4,2025-03-28
100002879,2025-03-29,60 Mins Practise,practice,practice,60 mins practice,others,43.6,2025-03-29
100002879,2025-04-13,60 Mins Practise,practice,practice,60 mins practice,others,43.6,2025-03-29
100002879,2025-04-22,60 Mins Practise,practice,practice,60 mins practice,others,43.6,2025-03-29
100002879,2025-05-07,60 Mins Practise,practice,practice,60 mins practice,others,43.6,2025-03-29
100002879,2025-06-22,60 Mins Practise,practice,practice,60 mins practice,others,43.6,2025-03-29
100002879,2025-07-04,10 Practice Credits,practice,practice,10 practice,others,174.4,2025-03-29
100002880,2025-03-29,30 Mins Practice Credit,practice,practice,30 mins practice,others,21.8,2025-03-29
100002880,2025-05-31,60 Mins Practise,practice,practice,60 mins practice,others,87.2,2025-03-29
100002880,2025-08-10,30 Mins Practice Credit,practice,practice,30 mins practice,others,21.8,2025-03-29
100002881,2025-03-29,30 Mins Practice Credit,practice,practice,30 mins practice,others,21.8,2025-03-29
100002882,2025-03-29,Trial Lesson W/ Joey Poh,trial,trial,Trial lesson,Joey Poh,119.9,2025-03-29
100002883,2025-03-29,30 Mins Practice Credit,practice,practice,30 mins practice,others,21.8,2025-03-29
100002883,2025-04-05,30 Mins Practice Credit,practice,practice,30 mins practice,others,21.8,2025-03-29
100002883,2025-05-25,30 Mins Practice Credit,practice,practice,30 mins practice,others,21.8,2025-03-29
100002884,2025-03-29,60 Mins Practise,practice,practice,60 mins practice,others,43.6,2025-03-29
100002884,2025-04-27,60 Mins Practise,practice,practice,60 mins practice,others,43.6,2025-03-29
100002885,2025-03-29,30 Mins Practice Credit,practice,practice,30 mins practice,others,21.8,2025-03-29
100002887,2025-03-29,10 Practice Credits,practice,practice,10 practice,others,174.4,2025-03-29
100002887,2025-08-18,90 Mins practice,practice,practice,90 mins practice,others,65.4,2025-03-29
100002888,2025-03-29,Trial Lesson W/ Johnson Poh,trial,trial,Trial lesson,Johnson Poh,119.9,2025-03-29
100002888,2025-04-24,10 Lesson Pack  (Johnson Poh),lesson,lesson,10 lesson,Johnson Poh,981.0,2025-03-29
100002889,2025-03-29,25 Practice Credits,practice,practice,25 practice,others,408.75,2025-03-29
100002890,2025-03-29,60 Mins Practise,practice,practice,60 mins practice,others,43.6,2025-03-29
100002891,2025-03-30,30 Mins Practice Credit,practice,practice,30 mins practice,others,21.8,2025-03-30
100002892,2025-05-26,Golfzon 9 Holes - 2 Pax,play,play,Golfzon,others,87.2,2025-05-26
100002893,2025-03-30,30 Mins Practice Credit,practice,practice,30 mins practice,others,21.8,2025-03-30
100002893,2025-04-22,30 Mins Practice Credit,practice,practice,30 mins practice,others,21.8,2025-03-30
100002894,2025-03-30,60 Mins Practise,practice,practice,60 mins practice,others,43.6,2025-03-30
100002895,2025-03-30,10 Practice Credits,practice,practice,10 practice,others,0.0,2025-03-30
100002896,2025-03-30,10 Practice Credits,practice,practice,10 practice,others,174.4,2025-03-30
100002896,2025-05-04,10 Practice Credits,practice,practice,10 practice,others,174.4,2025-03-30
100002897,2025-03-30,100 Practice Credits,practice,practice,100 practice,others,1417.0,2025-03-30
100002898,2025-03-30,Trial Lesson W/ Paul F,trial,trial,Trial lesson,Paul Finch,119.9,2025-03-30
100002899,2025-03-30,Trial Lesson W/ Paul F,trial,trial,Trial lesson,Paul Finch,119.9,2025-03-30
100002900,2025-03-30,10 Practice Credits,practice,practice,10 practice,others,174.4,2025-03-30
100002901,2025-03-30,60 Mins Practise,practice,practice,60 mins practice,others,43.6,2025-03-30
100002901,2025-05-24,30 Mins Practice Credit,practice,practice,30 mins practice,others,21.8,2025-03-30
100002902,2025-03-30,10 Practice Credits,practice,practice,10 practice,others,174.4,2025-03-30
100002903,2025-03-30,Trial Lesson W/ Paul F,trial,trial,Trial lesson,Paul Finch,119.9,2025-03-30
100002904,2025-03-31,30 Mins Practice Credit,practice,practice,30 mins practice,others,21.8,2025-03-31
100002904,2025-04-02,10 Practice Credits,practice,practice,10 practice,others,174.4,2025-03-31
100002904,2025-06-22,10 Practice Credits,practice,practice,10 practice,others,174.4,2025-03-31
100002905,2025-03-31,10 Practice Credits,practice,practice,10 practice,others,174.4,2025-03-31
100002905,2025-05-17,10 Practice Credits,practice,practice,10 practice,others,174.4,2025-03-31
100002905,2025-07-05,10 Practice Credits,practice,practice,10 practice,others,174.4,2025-03-31
100002905,2025-08-05,10 Practice Credits,practice,practice,10 practice,others,174.4,2025-03-31
100002906,2025-03-31,30 Mins Practice Credit,practice,practice,30 mins practice,others,21.8,2025-03-31
100002906,2025-06-16,30 Mins Practice Credit,practice,practice,30 mins practice,others,21.8,2025-03-31
100002906,2025-06-18,30 Mins Practice Credit,practice,practice,30 mins practice,others,21.8,2025-03-31
100002906,2025-06-20,30 Mins Practice Credit,practice,practice,30 mins practice,others,21.8,2025-03-31
100002906,2025-06-23,30 Mins Practice Credit,practice,practice,30 mins practice,others,21.8,2025-03-31
100002906,2025-06-26,30 Mins Practice Credit,practice,practice,30 mins practice,others,21.8,2025-03-31
100002906,2025-07-09,30 Mins Practice Credit,practice,practice,30 mins practice,others,21.8,2025-03-31
100002906,2025-07-27,30 Mins Practice Credit,practice,practice,30 mins practice,others,21.8,2025-03-31
100002906,2025-08-18,30 Mins Practice Credit,practice,practice,30 mins practice,others,21.8,2025-03-31
100002907,2025-03-31,30 Mins Practice Credit,practice,practice,30 mins practice,others,21.8,2025-03-31
100002908,2025-03-31,Trial Lesson W/ Paul F,trial,trial,Trial lesson,Paul Finch,119.9,2025-03-31
100002909,2025-03-31,30 Mins Practice Credit,practice,practice,30 mins practice,others,21.8,2025-03-31
100002910,2025-03-31,Trial Lesson W/ Jiali Khee,trial,trial,Trial lesson,Jiali Khee,119.9,2025-03-31
100002910,2025-04-01,10 Lesson Pack (Jiali Khee.),lesson,lesson,10 lesson,Jiali Khee,981.0,2025-03-31
100002910,2025-04-01,10 Practice Credits,practice,practice,10 practice,others,156.96,2025-03-31
100002911,2025-03-31,60 Mins Practise,practice,practice,60 mins practice,others,87.2,2025-03-31
100002911,2025-06-15,30 Mins Practice Credit,practice,practice,30 mins practice,others,21.8,2025-03-31
100002911,2025-06-15,60 Mins Practise,practice,practice,60 mins practice,others,43.6,2025-03-31
100002911,2025-06-16,10 Practice Credits,practice,practice,10 practice,others,174.4,2025-03-31
100002911,2025-07-30,10 Practice Credits,practice,practice,10 practice,others,174.4,2025-03-31
100002911,2025-08-03,10 Practice Credits,practice,practice,10 practice,others,174.4,2025-03-31
100002912,2025-03-31,10 Practice Credits,practice,practice,10 practice,others,174.4,2025-03-31
100002913,2025-03-31,60 Mins Practise,practice,practice,60 mins practice,others,43.6,2025-03-31
100002914,2025-03-31,25 Practice Credits,practice,practice,25 practice,others,408.75,2025-03-31
100002914,2025-03-31,60 Mins Practise,practice,practice,60 mins practice,others,43.6,2025-03-31
100002915,2025-03-31,30 Mins Practice Credit,practice,practice,30 mins practice,others,21.8,2025-03-31
100002916,2025-03-31,30 Mins Practice Credit,practice,practice,30 mins practice,others,21.8,2025-03-31
100002916,2025-04-18,60 Mins Practise,practice,practice,60 mins practice,others,43.6,2025-03-31
100002916,2025-05-12,60 Mins Practise,practice,practice,60 mins practice,others,43.6,2025-03-31
100002916,2025-06-07,30 Mins Practice Credit,practice,practice,30 mins practice,others,21.8,2025-03-31
100002917,2025-04-01,30 Mins Practice Credit,practice,practice,30 mins practice,others,21.8,2025-04-01
100002917,2025-04-15,30 Mins Practice Credit,practice,practice,30 mins practice,others,21.8,2025-04-01
100002917,2025-04-17,30 Mins Practice Credit,practice,practice,30 mins practice,others,21.8,2025-04-01
100002917,2025-04-18,Trial Lesson W/ Desmond Tan,trial,trial,Trial lesson,Desmond Tan,59.95,2025-04-01
100002917,2025-07-15,30 Mins Practice Credit,practice,practice,30 mins practice,others,43.6,2025-04-01
100002917,2025-07-17,30 Mins Practice Credit,practice,practice,30 mins practice,others,21.8,2025-04-01
100002917,2025-07-22,30 Mins Practice Credit,practice,practice,30 mins practice,others,21.8,2025-04-01
100002918,2025-04-01,Trial Lesson w/ Jasper ,trial,trial,Trial lesson,Jasper Park,119.9,2025-04-01
100002918,2025-04-04,Trial Lesson W/ Desmond Tan,trial,trial,Trial lesson,Desmond Tan,59.95,2025-04-01
100002918,2025-04-08,20 Lesson Pack (Desmond Tan),lesson,lesson,20 lesson,Desmond Tan,1793.05,2025-04-01
100002918,2025-04-08,25 Practice Credits,practice,practice,25 practice,others,347.44,2025-04-01
100002918,2025-04-28,20 Lesson Pack (Desmond Tan),lesson,lesson,20 lesson,Desmond Tan,59.950000000000045,2025-04-01
100002918,2025-04-28,Trial Lesson W/ Desmond Tan,trial,trial,Trial lesson,Desmond Tan,-59.95,2025-04-01
100002920,2025-04-01,30 Mins Practice Credit,practice,practice,30 mins practice,others,21.8,2025-04-01
100002921,2025-04-01,30 Mins Practice Credit,practice,practice,30 mins practice,others,21.8,2025-04-01
100002923,2025-04-02,30 Mins Practice Credit,practice,practice,30 mins practice,others,21.8,2025-04-02
100002923,2025-04-09,30 Mins Practice Credit,practice,practice,30 mins practice,others,21.8,2025-04-02
100002923,2025-04-11,30 Mins Practice Credit,practice,practice,30 mins practice,others,21.8,2025-04-02
100002924,2025-04-02,10 Lesson Pack (Paul Finch),lesson,lesson,10 lesson,Paul Finch,981.0,2025-04-02
100002924,2025-04-02,30 Mins Practice Credit,practice,practice,30 mins practice,others,21.8,2025-04-02
100002924,2025-04-09,30 Mins Practice Credit,practice,practice,30 mins practice,others,21.8,2025-04-02
100002924,2025-04-29,30 Mins Practice Credit,practice,practice,30 mins practice,others,21.8,2025-04-02
100002924,2025-04-30,60 Mins Practise,practice,practice,60 mins practice,others,43.6,2025-04-02
100002924,2025-05-06,30 Mins Practice Credit,practice,practice,30 mins practice,others,21.8,2025-04-02
100002924,2025-05-07,30 Mins Practice Credit,practice,practice,30 mins practice,others,21.8,2025-04-02
100002924,2025-05-12,30 Mins Practice Credit,practice,practice,30 mins practice,others,21.8,2025-04-02
100002925,2025-04-02,30 Mins Practice Credit,practice,practice,30 mins practice,others,21.8,2025-04-02
100002925,2025-04-03,Trial Lesson W/ Paul F,trial,trial,Trial lesson,Paul Finch,119.9,2025-04-02
100002925,2025-05-28,60 Mins Practise,practice,practice,60 mins practice,others,43.6,2025-04-02
100002926,2025-04-02,10 Lesson Pack (Paul Finch),lesson,lesson,10 lesson,Paul Finch,981.0,2025-04-02
100002927,2025-03-23,Group Trial Paul,trial,trial,Group Trial,Paul Finch,196.2,2025-03-23
100002927,2025-04-02,10 Practice Credits,practice,practice,10 practice,others,313.92,2025-03-23
100002927,2025-04-02,5 Semi Private (1:2 Lesson) w/ Paul Finch,lesson,lesson,5 group lesson,Paul Finch,1373.4,2025-03-23
100002927,2025-06-06,10 Lesson Pack (Paul Finch),lesson,lesson,10 lesson,Paul Finch,981.0,2025-03-23
100002927,2025-06-06,10 Practice Credits,practice,practice,10 practice,others,156.96,2025-03-23
100002929,2025-04-03,Trial Lesson W/ Paul F,trial,trial,Trial lesson,Paul Finch,119.9,2025-04-03
100002929,2025-04-15,30 Mins Practice Credit,practice,practice,30 mins practice,others,21.8,2025-04-03
100002929,2025-04-22,30 Mins Practice Credit,practice,practice,30 mins practice,others,21.8,2025-04-03
100002929,2025-04-29,30 Mins Practice Credit,practice,practice,30 mins practice,others,21.8,2025-04-03
100002930,2025-04-03,10 Practice Credits,practice,practice,10 practice,others,174.4,2025-04-03
100002931,2025-04-03,Group Trial Joey,trial,trial,Group Trial,Joey Poh,196.2,2025-04-03
100002931,2025-06-22,5 Semi Private (1:2 Lesson) w/ Joey Poh,lesson,lesson,5 group lesson,Joey Poh,1373.4,2025-04-03
100002932,2025-04-03,60 Mins Practise,practice,practice,60 mins practice,others,87.2,2025-04-03
100002933,2025-04-03,30 Mins Practice Credit,practice,practice,30 mins practice,others,21.8,2025-04-03
100002933,2025-04-04,10 Practice Credits,practice,practice,10 practice,others,174.4,2025-04-03
100002934,2025-04-03,60 Mins Practise,practice,practice,60 mins practice,others,87.2,2025-04-03
100002935,2025-04-03,60 Mins Practise,practice,practice,60 mins practice,others,43.6,2025-04-03
100002935,2025-08-12,30 Mins Practice Credit,practice,practice,30 mins practice,others,21.8,2025-04-03
100002936,2025-04-03,30 Mins Practice Credit,practice,practice,30 mins practice,others,21.8,2025-04-03
100002936,2025-05-12,10 Practice Credits,practice,practice,10 practice,others,0.0,2025-04-03
100002937,2025-04-03,30 Mins Practice Credit,practice,practice,30 mins practice,others,21.8,2025-04-03
100002938,2025-04-04,10 Lesson Pack (Kim On You),lesson,lesson,10 lesson,Kim On You,981.0,2025-04-04
100002938,2025-04-04,10 Practice Credits,practice,practice,10 practice,others,156.96,2025-04-04
100002939,2025-04-04,10 Lesson Pack (Kim On You),lesson,lesson,10 lesson,Kim On You,981.0,2025-04-04
100002939,2025-04-04,10 Practice Credits,practice,practice,10 practice,others,156.96,2025-04-04
100002940,2025-04-04,Trial Lesson W/ Desmond Tan,trial,trial,Trial lesson,Desmond Tan,59.95,2025-04-04
100002940,2025-04-10,20 Lesson Pack (Desmond Tan),lesson,lesson,20 lesson,Desmond Tan,1793.05,2025-04-04
100002940,2025-04-10,25 Practice Credits,practice,practice,25 practice,others,347.44,2025-04-04
100002940,2025-04-28,20 Lesson Pack (Desmond Tan),lesson,lesson,20 lesson,Desmond Tan,59.950000000000045,2025-04-04
100002940,2025-04-28,Trial Lesson W/ Desmond Tan,trial,trial,Trial lesson,Desmond Tan,-59.95,2025-04-04
100002940,2025-08-01,10 Lesson Pack (Desmond Tan),lesson,lesson,10 lesson,Desmond Tan,981.0,2025-04-04
100002940,2025-08-01,25 Practice Credits,practice,practice,25 practice,others,367.88,2025-04-04
100002940,2025-08-08,Golfzon 9 Holes - 2 Pax,play,play,Golfzon,others,43.6,2025-04-04
100002941,2025-04-04,30 Mins Practice Credit,practice,practice,30 mins practice,others,21.8,2025-04-04
100002941,2025-04-04,90 Mins practice,practice,practice,90 mins practice,others,65.4,2025-04-04
100002943,2025-04-04,30 Mins Practice Credit,practice,practice,30 mins practice,others,43.6,2025-04-04
100002943,2025-04-04,Group Trial Desmond,trial,trial,Group Trial,Desmond Tan,98.1,2025-04-04
100002943,2025-04-08,30 Mins Practice Credit,practice,practice,30 mins practice,others,43.6,2025-04-04
100002943,2025-04-24,90 Mins practice,practice,practice,90 mins practice,others,65.4,2025-04-04
100002944,2025-04-04,30 Mins Practice Credit,practice,practice,30 mins practice,others,21.8,2025-04-04
100002944,2025-05-05,30 Mins Practice Credit,practice,practice,30 mins practice,others,21.8,2025-04-04
100002945,2025-04-04,30 Mins Practice Credit,practice,practice,30 mins practice,others,21.8,2025-04-04
100002945,2025-04-04,Golfzon 9 Holes - 1 Pax,play,play,Golfzon,others,76.3,2025-04-04
100002946,2025-04-06,Trial Lesson W/ Desmond Tan,trial,trial,Trial lesson,Desmond Tan,59.95,2025-04-06
100002947,2025-04-04,Trial Lesson W/ Desmond Tan,trial,trial,Trial lesson,Desmond Tan,59.95,2025-04-04
100002948,2025-04-04,10 Practice Credits,practice,practice,10 practice,others,174.4,2025-04-04
100002949,2025-04-04,Trial Lesson W/ Johnson Poh,trial,trial,Trial lesson,Johnson Poh,119.9,2025-04-04
100002950,2024-11-07,20 Lesson Pack (Kim On You),lesson,lesson,20 lesson,Kim On You,0.0,2024-11-07
100002950,2024-11-07,25 Practice Credits,practice,practice,25 practice,others,0.0,2024-11-07
100002951,2025-04-06,10 Practice Credits,practice,practice,10 practice,others,174.4,2025-04-06
100002951,2025-08-10,10 Practice Credits,practice,practice,10 practice,others,174.4,2025-04-06
100002952,2025-04-05,Group Trial Gunwoo,trial,trial,Group Trial,Son Gunwoo,98.1,2025-04-05
100002953,2025-04-05,Trial Lesson W/ Desmond Tan,trial,trial,Trial lesson,Desmond Tan,59.95,2025-04-05
100002953,2025-04-10,30 Mins Practice Credit,practice,practice,30 mins practice,others,21.8,2025-04-05
100002954,2025-04-05,60 Mins Practise,practice,practice,60 mins practice,others,43.6,2025-04-05
100002955,2025-04-05,60 Mins Practise,practice,practice,60 mins practice,others,43.6,2025-04-05
100002956,2025-04-05,10 Practice Credits,practice,practice,10 practice,others,174.4,2025-04-05
100002956,2025-06-10,10 Practice Credits,practice,practice,10 practice,others,174.4,2025-04-05
100002957,2025-04-05,Trial Lesson W/ Desmond Tan,trial,trial,Trial lesson,Desmond Tan,59.95,2025-04-05
100002958,2025-04-05,Trial Lesson W/ Desmond Tan,trial,trial,Trial lesson,Desmond Tan,59.95,2025-04-05
100002959,2025-04-05,30 Mins Practice Credit,practice,practice,30 mins practice,others,21.8,2025-04-05
100002960,2025-04-05,Group Trial Desmond,trial,trial,Group Trial,Desmond Tan,98.1,2025-04-05
100002961,2025-04-05,30 Mins Practice Credit,practice,practice,30 mins practice,others,21.8,2025-04-05
100002961,2025-04-13,10 Practice Credits,practice,practice,10 practice,others,174.4,2025-04-05
100002962,2025-04-05,Trial Lesson W/ Desmond Tan,trial,trial,Trial lesson,Desmond Tan,59.95,2025-04-05
100002963,2025-04-08,Trial Lesson W/ Jiali Khee,trial,trial,Trial lesson,Jiali Khee,119.9,2025-04-08
100002964,2025-04-06,Trial Lesson W/ Desmond Tan,trial,trial,Trial lesson,Desmond Tan,59.95,2025-04-06
100002964,2025-04-17,20 Lesson Pack (Desmond Tan),lesson,lesson,20 lesson,Desmond Tan,1793.05,2025-04-06
100002964,2025-04-17,25 Practice Credits,practice,practice,25 practice,others,347.44,2025-04-06
100002964,2025-04-28,20 Lesson Pack (Desmond Tan),lesson,lesson,20 lesson,Desmond Tan,59.950000000000045,2025-04-06
100002964,2025-04-28,Trial Lesson W/ Desmond Tan,trial,trial,Trial lesson,Desmond Tan,-59.95,2025-04-06
100002965,2025-04-06,Trial Lesson W/ Desmond Tan,trial,trial,Trial lesson,Desmond Tan,59.95,2025-04-06
100002966,2025-04-06,30 Mins Practice Credit,practice,practice,30 mins practice,others,43.6,2025-04-06
100002966,2025-06-15,30 Mins Practice Credit,practice,practice,30 mins practice,others,43.6,2025-04-06
100002967,2025-04-06,10 Practice Credits,practice,practice,10 practice,others,174.4,2025-04-06
100002967,2025-05-27,10 Practice Credits,practice,practice,10 practice,others,174.4,2025-04-06
100002967,2025-05-27,Trial Lesson W/ Desmond Tan,trial,trial,Trial lesson,Desmond Tan,119.9,2025-04-06
100002967,2025-05-27,Trial Lesson W/ Johnson Poh,trial,trial,Trial lesson,Johnson Poh,119.9,2025-04-06
100002967,2025-06-03,10 Lesson Pack  (Johnson Poh),lesson,lesson,10 lesson,Johnson Poh,981.0,2025-04-06
100002967,2025-06-03,10 Practice Credits,practice,practice,10 practice,others,156.96,2025-04-06
100002967,2025-07-05,25 Practice Credits,practice,practice,25 practice,others,408.75,2025-04-06
100002967,2025-08-04,25 Practice Credits,practice,practice,25 practice,others,408.75,2025-04-06
100002968,2025-04-06,60 Mins Practise,practice,practice,60 mins practice,others,87.2,2025-04-06
100002969,2025-04-06,60 Mins Practise,practice,practice,60 mins practice,others,87.2,2025-04-06
100002970,2025-04-06,60 Mins Practise,practice,practice,60 mins practice,others,43.6,2025-04-06
100002971,2025-04-06,Group Trial Desmond,trial,trial,Group Trial,Desmond Tan,98.1,2025-04-06
100002971,2025-04-17,Golfzon 9 Holes - 2 Pax,play,play,Golfzon,others,43.6,2025-04-06
100002971,2025-04-24,Golfzon 9 Holes - 3 Pax,play,play,Golfzon,others,65.4,2025-04-06
100002971,2025-07-13,Golfzon 9 Holes - 2 Pax,play,play,Golfzon,others,87.2,2025-04-06
100002972,2025-04-06,Trial Lesson W/ Jiali Khee,trial,trial,Trial lesson,Jiali Khee,119.9,2025-04-06
100002972,2025-04-12,10 Lesson Pack (Jiali Khee.),lesson,lesson,10 lesson,Jiali Khee,981.0,2025-04-06
100002972,2025-04-12,25 Practice Credits,practice,practice,25 practice,others,367.87,2025-04-06
100002973,2025-04-07,30 Mins Practice Credit,practice,practice,30 mins practice,others,21.8,2025-04-07
100002974,2025-04-10,Golfzon 9 Holes - 2 Pax,play,play,Golfzon,others,87.2,2025-04-10
100002975,2025-04-07,30 Mins Practice Credit,practice,practice,30 mins practice,others,21.8,2025-04-07
100002976,2025-04-07,30 Mins Practice Credit,practice,practice,30 mins practice,others,21.8,2025-04-07
100002976,2025-04-09,30 Mins Practice Credit,practice,practice,30 mins practice,others,21.8,2025-04-07
100002976,2025-05-17,60 Mins Practise,practice,practice,60 mins practice,others,43.6,2025-04-07
100002976,2025-06-02,25 Practice Credits,practice,practice,25 practice,others,408.75,2025-04-07
100002977,2025-04-08,Trial Lesson W/ Desmond Tan,trial,trial,Trial lesson,Desmond Tan,59.95,2025-04-08
100002978,2025-04-08,Trial Lesson W/ Son Gunwoo,trial,trial,Trial lesson,Son Gunwoo,59.95,2025-04-08
100002979,2025-04-08,Trial Lesson W/ Desmond Tan,trial,trial,Trial lesson,Desmond Tan,59.95,2025-04-08
100002980,2025-04-08,30 Mins Practice Credit,practice,practice,30 mins practice,others,21.8,2025-04-08
100002980,2025-04-22,30 Mins Practice Credit,practice,practice,30 mins practice,others,21.8,2025-04-08
100002980,2025-04-29,30 Mins Practice Credit,practice,practice,30 mins practice,others,21.8,2025-04-08
100002980,2025-05-13,30 Mins Practice Credit,practice,practice,30 mins practice,others,21.8,2025-04-08
100002980,2025-08-19,Golfzon 18 Holes - 4 Pax,play,play,Golfzon,others,130.8,2025-04-08
100002980,2025-08-20,30 Mins Practice Credit,practice,practice,30 mins practice,others,21.8,2025-04-08
100002981,2025-04-08,Trial Lesson W/ Paul F,trial,trial,Trial lesson,Paul Finch,119.9,2025-04-08
100002982,2025-04-08,Trial Lesson W/ Jiali Khee,trial,trial,Trial lesson,Jiali Khee,119.9,2025-04-08
100002982,2025-04-09,10 Lesson Pack (Jiali Khee.),lesson,lesson,10 lesson,Jiali Khee,981.0,2025-04-08
100002984,2024-10-21,20 Lesson Pack (Jasper Park),lesson,lesson,20 lesson,Jasper Park,0.0,2024-10-21
100002984,2024-12-08,25 Practice Credits,practice,practice,25 practice,others,0.0,2024-10-21
100002985,2025-04-11,Trial Lesson W/ Johnson Poh,trial,trial,Trial lesson,Johnson Poh,119.9,2025-04-11
100002986,2025-04-09,30 Mins Practice Credit,practice,practice,30 mins practice,others,21.8,2025-04-09
100002987,2025-04-09,30 Mins Practice Credit,practice,practice,30 mins practice,others,21.8,2025-04-09
100002987,2025-05-29,30 Mins Practice Credit,practice,practice,30 mins practice,others,21.8,2025-04-09
100002987,2025-06-03,30 Mins Practice Credit,practice,practice,30 mins practice,others,21.8,2025-04-09
100002987,2025-07-09,30 Mins Practice Credit,practice,practice,30 mins practice,others,21.8,2025-04-09
100002987,2025-08-05,30 Mins Practice Credit,practice,practice,30 mins practice,others,21.8,2025-04-09
100002988,2025-04-09,30 Mins Practice Credit,practice,practice,30 mins practice,others,21.8,2025-04-09
100002989,2025-04-09,30 Mins Practice Credit,practice,practice,30 mins practice,others,21.8,2025-04-09
100002990,2025-04-09,Trial Lesson W/ Desmond Tan,trial,trial,Trial lesson,Desmond Tan,59.95,2025-04-09
100002990,2025-04-15,10 Semi Private (1:2 Lesson) W/ Desmond Tan,lesson,lesson,10 group lesson,Desmond Tan,2534.25,2025-04-09
100002992,2025-04-10,Trial Lesson W/ Johnson Poh,trial,trial,Trial lesson,Johnson Poh,119.9,2025-04-10
100002993,2025-04-10,30 Mins Practice Credit,practice,practice,30 mins practice,others,21.8,2025-04-10
100002994,2025-04-10,Trial Lesson W/ Desmond Tan,trial,trial,Trial lesson,Desmond Tan,59.95,2025-04-10
100002994,2025-04-10,Trial Lesson W/ Son Gunwoo,trial,trial,Trial lesson,Son Gunwoo,0.0,2025-04-10
100002995,2025-04-10,60 Mins Practise,practice,practice,60 mins practice,others,43.6,2025-04-10
100002995,2025-05-03,60 Mins Practise,practice,practice,60 mins practice,others,43.6,2025-04-10
100002995,2025-07-05,60 Mins Practise,practice,practice,60 mins practice,others,43.6,2025-04-10
100002996,2025-04-10,30 Mins Practice Credit,practice,practice,30 mins practice,others,65.4,2025-04-10
100002996,2025-04-11,30 Mins Practice Credit,practice,practice,30 mins practice,others,65.4,2025-04-10
100002998,2025-04-10,30 Mins Practice Credit,practice,practice,30 mins practice,others,0.0,2025-04-10
100002998,2025-04-11,30 Mins Practice Credit,practice,practice,30 mins practice,others,0.0,2025-04-10
100002998,2025-05-29,30 Mins Practice Credit,practice,practice,30 mins practice,others,21.8,2025-04-10
100003000,2025-04-11,25 Practice Credits,practice,practice,25 practice,others,408.75,2025-04-11
100003001,2025-04-11,60 Mins Practise,practice,practice,60 mins practice,others,43.6,2025-04-11
100003001,2025-08-09,60 Mins Practise,practice,practice,60 mins practice,others,43.6,2025-04-11
100003001,2025-08-11,60 Mins Practise,practice,practice,60 mins practice,others,43.6,2025-04-11
100003001,2025-08-16,60 Mins Practise,practice,practice,60 mins practice,others,43.6,2025-04-11
100003002,2025-04-11,30 Mins Practice Credit,practice,practice,30 mins practice,others,43.6,2025-04-11
100003002,2025-04-18,30 Mins Practice Credit,practice,practice,30 mins practice,others,21.8,2025-04-11
100003003,2025-04-11,10 Practice Credits,practice,practice,10 practice,others,0.0,2025-04-11
100003003,2025-04-11,25 Practice Credits,practice,practice,25 practice,others,408.75,2025-04-11
100003004,2025-04-11,30 Mins Practice Credit,practice,practice,30 mins practice,others,43.6,2025-04-11
100003004,2025-06-29,30 Mins Practice Credit,practice,practice,30 mins practice,others,21.8,2025-04-11
100003005,2025-04-11,Trial Lesson W/ Paul F,trial,trial,Trial lesson,Paul Finch,119.9,2025-04-11
100003005,2025-04-13,10 Practice Credits,practice,practice,10 practice,others,174.4,2025-04-11
100003005,2025-04-25,Golfzon 9 Holes - 2 Pax,play,play,Golfzon,others,87.2,2025-04-11
100003005,2025-06-22,10 Practice Credits,practice,practice,10 practice,others,124.39999999999999,2025-04-11
100003006,2025-04-11,30 Mins Practice Credit,practice,practice,30 mins practice,others,21.8,2025-04-11
100003006,2025-05-09,30 Mins Practice Credit,practice,practice,30 mins practice,others,21.8,2025-04-11
100003006,2025-07-11,30 Mins Practice Credit,practice,practice,30 mins practice,others,21.8,2025-04-11
100003006,2025-08-16,30 Mins Practice Credit,practice,practice,30 mins practice,others,21.8,2025-04-11
100003007,2025-04-11,60 Mins Practise,practice,practice,60 mins practice,others,43.6,2025-04-11
100003007,2025-04-17,30 Mins Practice Credit,practice,practice,30 mins practice,others,21.8,2025-04-11
100003007,2025-04-19,10 Practice Credits,practice,practice,10 practice,others,174.4,2025-04-11
100003007,2025-07-09,10 Practice Credits,practice,practice,10 practice,others,174.4,2025-04-11
100003008,2025-04-11,30 Mins Practice Credit,practice,practice,30 mins practice,others,43.6,2025-04-11
100003008,2025-04-18,10 Practice Credits,practice,practice,10 practice,others,174.4,2025-04-11
100003008,2025-07-20,10 Practice Credits,practice,practice,10 practice,others,174.4,2025-04-11
100003008,2025-07-26,Golfzon 9 Holes - 3 Pax,play,play,Golfzon,others,130.8,2025-04-11
100003008,2025-08-22,Golfzon 9 Holes - 2 Pax,play,play,Golfzon,others,87.2,2025-04-11
100003009,2025-04-11,60 Mins Practise,practice,practice,60 mins practice,others,43.6,2025-04-11
100003009,2025-05-07,60 Mins Practise,practice,practice,60 mins practice,others,43.6,2025-04-11
100003009,2025-06-14,60 Mins Practise,practice,practice,60 mins practice,others,43.6,2025-04-11
100003009,2025-08-19,60 Mins Practise,practice,practice,60 mins practice,others,43.6,2025-04-11
100003010,2025-04-11,30 Mins Practice Credit,practice,practice,30 mins practice,others,21.8,2025-04-11
100003012,2025-04-12,10 Practice Credits,practice,practice,10 practice,others,174.4,2025-04-12
100003013,2025-04-12,Trial Lesson W/ Son Gunwoo,trial,trial,Trial lesson,Son Gunwoo,119.9,2025-04-12
100003013,2025-04-22,10 Lesson Pack (Kim On You),lesson,lesson,10 lesson,Kim On You,981.0,2025-04-12
100003013,2025-04-22,10 Practice Credits,practice,practice,10 practice,others,156.96,2025-04-12
100003013,2025-04-22,Trial Lesson W/ Kim On You,trial,trial,Trial lesson,Kim On You,119.9,2025-04-12
100003013,2025-04-22,Trial Lesson W/ Son Gunwoo,trial,trial,Trial lesson,Son Gunwoo,-119.9,2025-04-12
100003014,2025-04-12,60 Mins Practise,practice,practice,60 mins practice,others,43.6,2025-04-12
100003014,2025-04-15,10 Practice Credits,practice,practice,10 practice,others,174.4,2025-04-12
100003015,2025-04-12,Trial Lesson W/ Desmond Tan,trial,trial,Trial lesson,Desmond Tan,59.95,2025-04-12
100003015,2025-04-26,10 Lesson Pack (Desmond Tan),lesson,lesson,10 lesson,Desmond Tan,921.05,2025-04-12
100003015,2025-04-26,10 Practice Credits,practice,practice,10 practice,others,156.96,2025-04-12
100003015,2025-04-28,10 Lesson Pack (Desmond Tan),lesson,lesson,10 lesson,Desmond Tan,59.950000000000045,2025-04-12
100003015,2025-04-28,Trial Lesson W/ Desmond Tan,trial,trial,Trial lesson,Desmond Tan,-59.95,2025-04-12
100003016,2025-04-12,30 Mins Practice Credit,practice,practice,30 mins practice,others,21.8,2025-04-12
100003017,2025-04-12,10 Practice Credits,practice,practice,10 practice,others,174.4,2025-04-12
100003017,2025-04-27,10 Practice Credits,practice,practice,10 practice,others,174.4,2025-04-12
100003017,2025-06-18,25 Practice Credits,practice,practice,25 practice,others,408.75,2025-04-12
100003018,2025-04-12,10 Practice Credits,practice,practice,10 practice,others,174.4,2025-04-12
100003018,2025-06-08,25 Practice Credits,practice,practice,25 practice,others,408.75,2025-04-12
100003019,2025-04-12,30 Mins Practice Credit,practice,practice,30 mins practice,others,21.8,2025-04-12
100003020,2025-04-12,60 Mins Practise,practice,practice,60 mins practice,others,43.6,2025-04-12
100003021,2025-04-12,10 Practice Credits,practice,practice,10 practice,others,174.4,2025-04-12
100003022,2025-04-12,10 Practice Credits,practice,practice,10 practice,others,174.4,2025-04-12
100003024,2025-04-12,Trial Lesson W/ Paul F,trial,trial,Trial lesson,Paul Finch,119.9,2025-04-12
100003024,2025-04-18,10 Lesson Pack (Paul Finch),lesson,lesson,10 lesson,Paul Finch,981.0,2025-04-12
100003024,2025-06-08,50 Lesson Pack (Paul Finch),lesson,lesson,50 lesson,Paul Finch,4360.0,2025-04-12
100003024,2025-06-08,50 Practice Credits,practice,practice,50 practice,others,610.4,2025-04-12
100003025,2025-04-12,10 Practice Credits,practice,practice,10 practice,others,174.4,2025-04-12
100003025,2025-05-31,25 Practice Credits,practice,practice,25 practice,others,408.75,2025-04-12
100003027,2025-04-12,Trial Lesson W/ Kim On You,trial,trial,Trial lesson,Kim On You,119.9,2025-04-12
100003027,2025-04-14,10 Lesson Pack (Kim On You),lesson,lesson,10 lesson,Kim On You,981.0,2025-04-12
100003027,2025-04-14,10 Practice Credits,practice,practice,10 practice,others,156.96,2025-04-12
100003028,2025-04-12,Trial Lesson W/ Kim On You,trial,trial,Trial lesson,Kim On You,119.9,2025-04-12
100003028,2025-04-15,Trial Lesson W/ Jiali Khee,trial,trial,Trial lesson,Jiali Khee,119.9,2025-04-12
100003028,2025-04-15,Trial Lesson W/ Kim On You,trial,trial,Trial lesson,Kim On You,-119.9,2025-04-12
100003029,2025-04-12,Trial Lesson W/ Johnson Poh,trial,trial,Trial lesson,Johnson Poh,119.9,2025-04-12
100003029,2025-05-28,10 Lesson Pack  (Johnson Poh),lesson,lesson,10 lesson,Johnson Poh,981.0,2025-04-12
100003029,2025-05-28,10 Practice Credits,practice,practice,10 practice,others,156.96,2025-04-12
100003030,2025-04-13,30 Mins Practice Credit,practice,practice,30 mins practice,others,21.8,2025-04-13
100003031,2025-04-13,10 Practice Credits,practice,practice,10 practice,others,174.4,2025-04-13
100003032,2025-04-13,Golfzon 18 Holes - 3 Pax,play,play,Golfzon,others,196.2,2025-04-13
100003033,2025-04-13,10 Practice Credits,practice,practice,10 practice,others,174.4,2025-04-13
100003033,2025-04-21,Golfzon 9 Holes - 2 Pax,play,play,Golfzon,others,87.2,2025-04-13
100003034,2025-04-13,Trial Lesson W/ Kim On You,trial,trial,Trial lesson,Kim On You,119.9,2025-04-13
100003034,2025-04-13,Trial Lesson W/ Son Gunwoo,trial,trial,Trial lesson,Son Gunwoo,119.9,2025-04-13
100003034,2025-04-14,100 Practice Credits,practice,practice,100 practice,others,1204.45,2025-04-13
100003034,2025-04-14,20 Lesson Pack (Kim On You),lesson,lesson,20 lesson,Kim On You,1853.0,2025-04-13
100003034,2025-04-14,Group Trial Gunwoo,trial,trial,Group Trial,Son Gunwoo,98.1,2025-04-13
100003034,2025-04-14,Trial Lesson W/ Son Gunwoo,trial,trial,Trial lesson,Son Gunwoo,-119.9,2025-04-13
100003034,2025-04-16,20 Lesson Pack (Son Gunwoo),lesson,lesson,20 lesson,Son Gunwoo,1853.0,2025-04-13
100003034,2025-04-16,50 Practice Credits,practice,practice,50 practice,others,648.55,2025-04-13
100003034,2025-04-28,20 Lesson Pack (Kim On You),lesson,lesson,20 lesson,Kim On You,1853.0,2025-04-13
100003034,2025-04-28,20 Lesson Pack (Son Gunwoo),lesson,lesson,20 lesson,Son Gunwoo,-1853.0,2025-04-13
100003034,2025-04-28,50 Practice Credits,practice,practice,50 practice,others,0.0,2025-04-13
100003034,2025-05-19,20 Lesson Pack (Kim On You),lesson,lesson,20 lesson,Kim On You,1853.0,2025-04-13
100003035,2025-04-13,Trial Lesson W/ Desmond Tan,trial,trial,Trial lesson,Desmond Tan,59.95,2025-04-13
100003036,2025-04-13,30 Mins Practice Credit,practice,practice,30 mins practice,others,21.8,2025-04-13
100003037,2025-04-13,30 Mins Practice Credit,practice,practice,30 mins practice,others,21.8,2025-04-13
100003037,2025-04-26,10 Practice Credits,practice,practice,10 practice,others,174.4,2025-04-13
100003037,2025-06-07,10 Practice Credits,practice,practice,10 practice,others,174.4,2025-04-13
100003038,2025-04-13,10 Practice Credits,practice,practice,10 practice,others,174.4,2025-04-13
100003038,2025-06-11,10 Practice Credits,practice,practice,10 practice,others,174.4,2025-04-13
100003039,2025-04-13,10 Practice Credits,practice,practice,10 practice,others,174.4,2025-04-13
100003040,2025-04-13,30 Mins Practice Credit,practice,practice,30 mins practice,others,21.8,2025-04-13
100003041,2025-04-14,Trial Lesson W/ Desmond Tan,trial,trial,Trial lesson,Desmond Tan,59.95,2025-04-14
100003042,2025-04-14,30 Mins Practice Credit,practice,practice,30 mins practice,others,21.8,2025-04-14
100003043,2025-04-15,10 Lesson Pack (Desmond Tan),lesson,lesson,10 lesson,Desmond Tan,921.05,2025-04-15
100003043,2025-04-15,10 Practice Credits,practice,practice,10 practice,others,156.96,2025-04-15
100003043,2025-04-15,Trial Lesson W/ Desmond Tan,trial,trial,Trial lesson,Desmond Tan,59.95,2025-04-15
100003043,2025-04-28,10 Lesson Pack (Desmond Tan),lesson,lesson,10 lesson,Desmond Tan,59.950000000000045,2025-04-15
100003043,2025-04-28,Trial Lesson W/ Desmond Tan,trial,trial,Trial lesson,Desmond Tan,-59.95,2025-04-15
100003043,2025-07-22,10 Practice Credits,practice,practice,10 practice,others,174.4,2025-04-15
100003044,2025-04-14,Trial Lesson W/ Kim On You,trial,trial,Trial lesson,Kim On You,119.9,2025-04-14
100003044,2025-04-20,20 Lesson Pack (Kim On You),lesson,lesson,20 lesson,Kim On You,1853.0,2025-04-14
100003044,2025-04-20,25 Practice Credits,practice,practice,25 practice,others,347.44,2025-04-14
100003045,2025-04-14,10 Practice Credits,practice,practice,10 practice,others,174.4,2025-04-14
100003045,2025-05-12,Golfzon 18 Holes - 2 Pax,play,play,Golfzon,others,130.8,2025-04-14
100003046,2025-04-15,30 Mins Practice Credit,practice,practice,30 mins practice,others,21.8,2025-04-15
100003047,2025-04-15,Trial Lesson W/ Desmond Tan,trial,trial,Trial lesson,Desmond Tan,59.95,2025-04-15
100003047,2025-05-05,10 Practice Credits,practice,practice,10 practice,others,174.4,2025-04-15
100003048,2025-04-15,30 Mins Practice Credit,practice,practice,30 mins practice,others,21.8,2025-04-15
100003048,2025-04-26,10 Practice Credits,practice,practice,10 practice,others,174.4,2025-04-15
100003049,2025-04-15,30 Mins Practice Credit,practice,practice,30 mins practice,others,43.6,2025-04-15
100003050,2025-04-15,25 Practice Credits,practice,practice,25 practice,others,408.75,2025-04-15
100003050,2025-06-13,50 Practice Credits,practice,practice,50 practice,others,763.0,2025-04-15
100003051,2025-04-16,60 Mins Practise,practice,practice,60 mins practice,others,43.6,2025-04-16
100003051,2025-04-17,60 Mins Practise,practice,practice,60 mins practice,others,43.6,2025-04-16
100003051,2025-05-12,60 Mins Practise,practice,practice,60 mins practice,others,43.6,2025-04-16
100003051,2025-05-13,60 Mins Practise,practice,practice,60 mins practice,others,43.6,2025-04-16
100003052,2025-04-16,30 Mins Practice Credit,practice,practice,30 mins practice,others,21.8,2025-04-16
100003053,2025-04-16,25 Practice Credits,practice,practice,25 practice,others,0.0,2025-04-16
100003054,2025-04-12,10 Practice Credits,practice,practice,10 practice,others,174.4,2025-04-12
100003054,2025-04-16,Trial Lesson W/ Desmond Tan,trial,trial,Trial lesson,Desmond Tan,59.95,2025-04-12
100003055,2025-04-16,25 Practice Credits,practice,practice,25 practice,others,0.0,2025-04-16
100003056,2025-04-16,30 Mins Practice Credit,practice,practice,30 mins practice,others,21.8,2025-04-16
100003057,2025-04-17,30 Mins Practice Credit,practice,practice,30 mins practice,others,21.8,2025-04-17
100003058,2025-04-17,60 Mins Practise,practice,practice,60 mins practice,others,43.6,2025-04-17
100003059,2025-04-17,10 Practice Credits,practice,practice,10 practice,others,174.4,2025-04-17
100003060,2025-04-17,Trial Lesson w/ Jasper ,trial,trial,Trial lesson,Jasper Park,119.9,2025-04-17
100003060,2025-04-18,10 Lesson Pack (Jasper  Park),lesson,lesson,10 lesson,Jasper Park,981.0,2025-04-17
100003060,2025-04-18,25 Practice Credits,practice,practice,25 practice,others,367.87,2025-04-17
100003060,2025-07-16,10 Lesson Pack  (Johnson Poh),lesson,lesson,10 lesson,Johnson Poh,0.0,2025-04-17
100003060,2025-07-16,10 Lesson Pack (Jasper  Park),lesson,lesson,10 lesson,Jasper Park,0.0,2025-04-17
100003061,2025-04-17,10 Practice Credits,practice,practice,10 practice,others,174.4,2025-04-17
100003062,2025-04-17,Trial Lesson W/ Kim On You,trial,trial,Trial lesson,Kim On You,119.9,2025-04-17
100003063,2025-04-17,Trial Lesson W/ Desmond Tan,trial,trial,Trial lesson,Desmond Tan,59.95,2025-04-17
100003064,2025-04-18,30 Mins Practice Credit,practice,practice,30 mins practice,others,21.8,2025-04-18
100003065,2025-04-18,Group Trial Desmond,trial,trial,Group Trial,Desmond Tan,98.1,2025-04-18
100003066,2025-04-18,60 Mins Practise,practice,practice,60 mins practice,others,43.6,2025-04-18
100003067,2025-04-18,60 Mins Practise,practice,practice,60 mins practice,others,87.2,2025-04-18
100003068,2025-04-18,10 Practice Credits,practice,practice,10 practice,others,174.4,2025-04-18
100003068,2025-08-19,10 Practice Credits,practice,practice,10 practice,others,174.4,2025-04-18
100003069,2025-04-18,Trial Lesson W/ Desmond Tan,trial,trial,Trial lesson,Desmond Tan,59.95,2025-04-18
100003069,2025-08-05,30 Mins Practice Credit,practice,practice,30 mins practice,others,21.8,2025-04-18
100003070,2025-04-18,30 Mins Practice Credit,practice,practice,30 mins practice,others,43.6,2025-04-18
100003070,2025-04-18,Trial Lesson W/ Desmond Tan,trial,trial,Trial lesson,Desmond Tan,59.95,2025-04-18
100003070,2025-08-14,25 Practice Credits,practice,practice,25 practice,others,408.75,2025-04-18
100003071,2025-04-18,60 Mins Practise,practice,practice,60 mins practice,others,43.6,2025-04-18
100003072,2025-04-18,30 Mins Practice Credit,practice,practice,30 mins practice,others,21.8,2025-04-18
100003072,2025-05-09,30 Mins Practice Credit,practice,practice,30 mins practice,others,21.8,2025-04-18
100003072,2025-08-02,30 Mins Practice Credit,practice,practice,30 mins practice,others,21.8,2025-04-18
100003072,2025-08-15,30 Mins Practice Credit,practice,practice,30 mins practice,others,21.8,2025-04-18
100003073,2025-04-18,30 Mins Practice Credit,practice,practice,30 mins practice,others,43.6,2025-04-18
100003073,2025-08-17,30 Mins Practice Credit,practice,practice,30 mins practice,others,65.4,2025-04-18
100003074,2025-04-18,60 Mins Practise,practice,practice,60 mins practice,others,43.6,2025-04-18
100003074,2025-05-01,30 Mins Practice Credit,practice,practice,30 mins practice,others,21.8,2025-04-18
100003076,2025-04-19,60 Mins Practise,practice,practice,60 mins practice,others,43.6,2025-04-19
100003077,2025-04-19,10 Practice Credits,practice,practice,10 practice,others,174.4,2025-04-19
100003077,2025-04-21,Trial Lesson W/ Son Gunwoo,trial,trial,Trial lesson,Son Gunwoo,59.95,2025-04-19
100003077,2025-04-28,Trial Lesson W/ Desmond Tan,trial,trial,Trial lesson,Desmond Tan,59.95,2025-04-19
100003077,2025-04-28,Trial Lesson W/ Son Gunwoo,trial,trial,Trial lesson,Son Gunwoo,-59.95,2025-04-19
100003077,2025-05-10,Trial Lesson W/ Kim On You,trial,trial,Trial lesson,Kim On You,119.9,2025-04-19
100003077,2025-05-18,10 Lesson Pack (Kim On You),lesson,lesson,10 lesson,Kim On You,981.0,2025-04-19
100003077,2025-05-18,50 Practice Credits,practice,practice,50 practice,others,686.7,2025-04-19
100003078,2025-04-19,30 Mins Practice Credit,practice,practice,30 mins practice,others,21.8,2025-04-19
100003079,2025-04-19,30 Mins Practice Credit,practice,practice,30 mins practice,others,21.8,2025-04-19
100003080,2025-04-19,10 Practice Credits,practice,practice,10 practice,others,174.4,2025-04-19
100003081,2025-04-19,30 Mins Practice Credit,practice,practice,30 mins practice,others,21.8,2025-04-19
100003082,2025-04-19,60 Mins Practise,practice,practice,60 mins practice,others,43.6,2025-04-19
100003083,2025-04-20,30 Mins Practice Credit,practice,practice,30 mins practice,others,21.8,2025-04-20
100003083,2025-04-20,90 Mins practice,practice,practice,90 mins practice,others,65.4,2025-04-20
100003084,2025-04-19,30 Mins Practice Credit,practice,practice,30 mins practice,others,43.6,2025-04-19
100003085,2025-04-19,25 Practice Credits,practice,practice,25 practice,others,408.75,2025-04-19
100003086,2025-04-19,Trial Lesson W/ Son Gunwoo,trial,trial,Trial lesson,Son Gunwoo,119.9,2025-04-19
100003086,2025-04-20,10 Lesson Pack (Son Gunwoo),lesson,lesson,10 lesson,Son Gunwoo,861.1,2025-04-19
100003086,2025-04-20,10 Practice Credits,practice,practice,10 practice,others,156.96,2025-04-19
100003086,2025-04-24,30 Mins 1:1 Lesson W/ Kim On You,lesson,lesson,30 mins lesson,Kim On You,119.9,2025-04-19
100003086,2025-04-25,10 Lesson Pack (Kim On You),lesson,lesson,10 lesson,Kim On You,861.1,2025-04-19
100003086,2025-04-25,10 Lesson Pack (Son Gunwoo),lesson,lesson,10 lesson,Son Gunwoo,-861.1,2025-04-19
100003086,2025-04-25,30 Mins 1:1 Lesson W/ Kim On You,lesson,lesson,30 mins lesson,Kim On You,-119.9,2025-04-19
100003086,2025-04-28,10 Lesson Pack (Kim On You),lesson,lesson,10 lesson,Kim On You,119.89999999999998,2025-04-19
100003086,2025-04-28,Trial Lesson W/ Son Gunwoo,trial,trial,Trial lesson,Son Gunwoo,-119.9,2025-04-19
100003087,2025-04-20,10 Practice Credits,practice,practice,10 practice,others,174.4,2025-04-20
100003087,2025-07-12,50 Practice Credits,practice,practice,50 practice,others,763.0,2025-04-20
100003088,2025-04-19,30 Mins Practice Credit,practice,practice,30 mins practice,others,21.8,2025-04-19
100003089,2025-04-19,30 Mins Practice Credit,practice,practice,30 mins practice,others,21.8,2025-04-19
100003090,2025-04-19,30 Mins Practice Credit,practice,practice,30 mins practice,others,21.8,2025-04-19
100003090,2025-05-10,30 Mins Practice Credit,practice,practice,30 mins practice,others,43.6,2025-04-19
100003090,2025-05-17,30 Mins Practice Credit,practice,practice,30 mins practice,others,43.6,2025-04-19
100003090,2025-05-30,30 Mins Practice Credit,practice,practice,30 mins practice,others,65.4,2025-04-19
100003090,2025-06-09,30 Mins Practice Credit,practice,practice,30 mins practice,others,43.6,2025-04-19
100003090,2025-06-26,30 Mins Practice Credit,practice,practice,30 mins practice,others,43.6,2025-04-19
100003090,2025-07-02,30 Mins Practice Credit,practice,practice,30 mins practice,others,87.2,2025-04-19
100003090,2025-08-12,30 Mins Practice Credit,practice,practice,30 mins practice,others,43.6,2025-04-19
100003090,2025-08-22,30 Mins Practice Credit,practice,practice,30 mins practice,others,65.4,2025-04-19
100003091,2025-04-19,30 Mins Practice Credit,practice,practice,30 mins practice,others,43.6,2025-04-19
100003092,2025-04-19,60 Mins Practise,practice,practice,60 mins practice,others,43.6,2025-04-19
100003093,2025-04-19,30 Mins Practice Credit,practice,practice,30 mins practice,others,21.8,2025-04-19
100003094,2025-04-20,Trial Lesson W/ Desmond Tan,trial,trial,Trial lesson,Desmond Tan,59.95,2025-04-20
100003094,2025-04-21,10 Lesson Pack (Desmond Tan),lesson,lesson,10 lesson,Desmond Tan,921.05,2025-04-20
100003094,2025-04-21,10 Practice Credits,practice,practice,10 practice,others,156.96,2025-04-20
100003094,2025-04-28,10 Lesson Pack (Desmond Tan),lesson,lesson,10 lesson,Desmond Tan,59.950000000000045,2025-04-20
100003094,2025-04-28,Trial Lesson W/ Desmond Tan,trial,trial,Trial lesson,Desmond Tan,-59.95,2025-04-20
100003095,2025-04-20,60 Mins Practise,practice,practice,60 mins practice,others,43.6,2025-04-20
100003095,2025-05-25,60 Mins Practise,practice,practice,60 mins practice,others,43.6,2025-04-20
100003095,2025-07-26,Golfzon 18 Holes - 2 Pax,play,play,Golfzon,others,130.8,2025-04-20
100003095,2025-07-26,Golfzon 18 Holes - 3 Pax,play,play,Golfzon,others,0.0,2025-04-20
100003096,2025-04-20,30 Mins Practice Credit,practice,practice,30 mins practice,others,21.8,2025-04-20
100003098,2025-04-20,20 Lesson Pack (Desmond Tan),lesson,lesson,20 lesson,Desmond Tan,1853.0,2025-04-20
100003098,2025-04-20,50 Practice Credits,practice,practice,50 practice,others,648.55,2025-04-20
100003098,2025-04-20,Trial Lesson W/ Desmond Tan,trial,trial,Trial lesson,Desmond Tan,0.0,2025-04-20
100003099,2025-04-20,30 Mins Practice Credit,practice,practice,30 mins practice,others,21.8,2025-04-20
100003099,2025-06-15,10 Practice Credits,practice,practice,10 practice,others,174.4,2025-04-20
100003101,2025-04-21,30 Mins Practice Credit,practice,practice,30 mins practice,others,21.8,2025-04-21
100003101,2025-04-21,Trial Lesson W/ Aiko H,trial,trial,Trial lesson,Aiko H,119.9,2025-04-21
100003102,2025-04-21,Trial Lesson W/ Aiko H,trial,trial,Trial lesson,Aiko H,119.9,2025-04-21
100003102,2025-04-28,10 Lesson Pack ( Aiko H),lesson,lesson,10 lesson,Aiko H,981.0,2025-04-21
100003102,2025-04-28,10 Practice Credits,practice,practice,10 practice,others,156.96,2025-04-21
100003103,2025-05-05,Trial Lesson w/ Jasper ,trial,trial,Trial lesson,Jasper Park,119.9,2025-05-05
100003104,2025-04-22,Trial Lesson W/ Paul F,trial,trial,Trial lesson,Paul Finch,119.9,2025-04-22
100003105,2025-04-22,Group Trial Desmond,trial,trial,Group Trial,Desmond Tan,98.1,2025-04-22
100003106,2025-04-22,Trial Lesson W/ Son Gunwoo,trial,trial,Trial lesson,Son Gunwoo,59.95,2025-04-22
100003107,2025-04-22,60 Mins Practise,practice,practice,60 mins practice,others,43.6,2025-04-22
100003107,2025-05-15,10 Practice Credits,practice,practice,10 practice,others,174.4,2025-04-22
100003107,2025-05-15,30 Mins Practice Credit,practice,practice,30 mins practice,others,21.8,2025-04-22
100003108,2025-04-22,30 Mins Practice Credit,practice,practice,30 mins practice,others,21.8,2025-04-22
100003109,2025-04-22,30 Mins Practice Credit,practice,practice,30 mins practice,others,21.8,2025-04-22
100003109,2025-04-30,30 Mins Practice Credit,practice,practice,30 mins practice,others,21.8,2025-04-22
100003111,2025-04-22,Trial Lesson W/ Paul F,trial,trial,Trial lesson,Paul Finch,119.9,2025-04-22
100003112,2024-11-05,10 Lesson Pack  (Johnson Poh),lesson,lesson,10 lesson,Johnson Poh,0.0,2024-11-05
100003112,2024-11-05,10 Practice Credits,practice,practice,10 practice,others,0.0,2024-11-05
100003112,2025-04-23,10 Lesson Pack  (Johnson Poh),lesson,lesson,10 lesson,Johnson Poh,981.0,2024-11-05
100003112,2025-04-23,10 Practice Credits,practice,practice,10 practice,others,156.96,2024-11-05
100003112,2025-08-06,10 Lesson Pack  (Johnson Poh),lesson,lesson,10 lesson,Johnson Poh,981.0,2024-11-05
100003112,2025-08-06,10 Practice Credits,practice,practice,10 practice,others,156.96,2024-11-05
100003113,2025-04-23,10 Lesson Pack (Son Gunwoo),lesson,lesson,10 lesson,Son Gunwoo,981.0,2025-04-23
100003113,2025-04-23,10 Practice Credits,practice,practice,10 practice,others,156.96,2025-04-23
100003113,2025-04-23,Trial Lesson W/ Son Gunwoo,trial,trial,Trial lesson,Son Gunwoo,0.0,2025-04-23
100003113,2025-04-28,10 Lesson Pack (Kim On You),lesson,lesson,10 lesson,Kim On You,981.0,2025-04-23
100003113,2025-04-28,10 Lesson Pack (Son Gunwoo),lesson,lesson,10 lesson,Son Gunwoo,-981.0,2025-04-23
100003113,2025-04-28,Trial Lesson W/ Kim On You,trial,trial,Trial lesson,Kim On You,0.0,2025-04-23
100003113,2025-04-28,Trial Lesson W/ Son Gunwoo,trial,trial,Trial lesson,Son Gunwoo,0.0,2025-04-23
100003113,2025-06-26,10 Practice Credits,practice,practice,10 practice,others,174.4,2025-04-23
100003114,2025-04-23,Trial Lesson W/ Desmond Tan,trial,trial,Trial lesson,Desmond Tan,59.95,2025-04-23
100003114,2025-04-30,Trial Lesson W/ Joey Poh,trial,trial,Trial lesson,Joey Poh,119.9,2025-04-23
100003114,2025-05-08,10 Lesson Pack (Joey Poh.),lesson,lesson,10 lesson,Joey Poh,981.0,2025-04-23
100003114,2025-08-02,10 Lesson Pack (Joey Poh.),lesson,lesson,10 lesson,Joey Poh,981.0,2025-04-23
100003115,2025-04-23,30 Mins Practice Credit,practice,practice,30 mins practice,others,21.8,2025-04-23
100003115,2025-04-24,10 Practice Credits,practice,practice,10 practice,others,174.4,2025-04-23
100003116,2025-05-08,Trial Lesson W/ Desmond Tan,trial,trial,Trial lesson,Desmond Tan,119.9,2025-05-08
100003116,2025-05-31,10 Lesson Pack (Desmond Tan),lesson,lesson,10 lesson,Desmond Tan,981.0,2025-05-08
100003118,2025-04-23,10 Practice Credits,practice,practice,10 practice,others,174.4,2025-04-23
100003118,2025-06-04,25 Practice Credits,practice,practice,25 practice,others,408.75,2025-04-23
100003119,2025-04-23,30 Mins Practice Credit,practice,practice,30 mins practice,others,21.8,2025-04-23
100003119,2025-04-23,Trial Lesson W/ Son Gunwoo,trial,trial,Trial lesson,Son Gunwoo,59.95,2025-04-23
100003120,2025-04-23,30 Mins Practice Credit,practice,practice,30 mins practice,others,21.8,2025-04-23
100003121,2025-04-23,30 Mins Practice Credit,practice,practice,30 mins practice,others,43.6,2025-04-23
100003122,2025-04-23,Trial Lesson W/ Desmond Tan,trial,trial,Trial lesson,Desmond Tan,59.95,2025-04-23
100003122,2025-05-01,30 Mins Practice Credit,practice,practice,30 mins practice,others,21.8,2025-04-23
100003123,2025-04-24,Trial Lesson w/ Jasper,trial,trial,Trial lesson,Jasper Park,119.9,2025-04-24
100003124,2025-04-24,30 Mins Practice Credit,practice,practice,30 mins practice,others,21.8,2025-04-24
100003124,2025-05-06,60 Mins Practise,practice,practice,60 mins practice,others,43.6,2025-04-24
100003125,2025-04-24,10 Practice Credits,practice,practice,10 practice,others,174.4,2025-04-24
100003126,2025-04-24,Trial Lesson W/ Desmond Tan,trial,trial,Trial lesson,Desmond Tan,119.9,2025-04-24
100003126,2025-04-26,30 Mins Practice Credit,practice,practice,30 mins practice,others,43.6,2025-04-24
100003127,2025-04-24,30 Mins Practice Credit,practice,practice,30 mins practice,others,21.8,2025-04-24
100003128,2025-04-24,30 Mins Practice Credit,practice,practice,30 mins practice,others,21.8,2025-04-24
100003129,2025-04-24,10 Practice Credits,practice,practice,10 practice,others,174.4,2025-04-24
100003129,2025-07-22,60 Mins Practise,practice,practice,60 mins practice,others,43.6,2025-04-24
100003130,2025-04-24,Trial Lesson w/ Jasper ,trial,trial,Trial lesson,Jasper Park,119.9,2025-04-24
100003130,2025-04-29,10 Lesson Pack (Jasper  Park),lesson,lesson,10 lesson,Jasper Park,981.0,2025-04-24
100003130,2025-04-29,10 Practice Credits,practice,practice,10 practice,others,156.96,2025-04-24
100003130,2025-07-06,10 Lesson Pack (Jasper  Park),lesson,lesson,10 lesson,Jasper Park,981.0,2025-04-24
100003130,2025-07-06,25 Practice Credits,practice,practice,25 practice,others,367.88,2025-04-24
100003131,2025-04-24,Trial Lesson w/ Jasper ,trial,trial,Trial lesson,Jasper Park,119.9,2025-04-24
100003131,2025-04-25,10 Practice Credits,practice,practice,10 practice,others,174.4,2025-04-24
100003131,2025-05-08,10 Lesson Pack (Jasper  Park),lesson,lesson,10 lesson,Jasper Park,981.0,2025-04-24
100003131,2025-05-08,25 Practice Credits,practice,practice,25 practice,others,367.87,2025-04-24
100003131,2025-07-15,10 Lesson Pack (Jasper  Park),lesson,lesson,10 lesson,Jasper Park,981.0,2025-04-24
100003131,2025-07-15,25 Practice Credits,practice,practice,25 practice,others,367.88,2025-04-24
100003132,2025-04-24,10 Practice Credits,practice,practice,10 practice,others,174.4,2025-04-24
100003134,2025-04-25,Trial Lesson W/ Kim On You,trial,trial,Trial lesson,Kim On You,119.9,2025-04-25
100003135,2025-04-25,Trial Lesson W/ Desmond Tan,trial,trial,Trial lesson,Desmond Tan,59.95,2025-04-25
100003135,2025-06-21,30 Mins Practice Credit,practice,practice,30 mins practice,others,21.8,2025-04-25
100003136,2025-04-25,10 Lesson Pack (Jiali Khee.),lesson,lesson,10 lesson,Jiali Khee,981.0,2025-04-25
100003136,2025-04-25,10 Practice Credits,practice,practice,10 practice,others,156.96,2025-04-25
100003136,2025-04-25,Trial Lesson W/ Jiali Khee,trial,trial,Trial lesson,Jiali Khee,119.9,2025-04-25
100003136,2025-07-23,30 Mins Practice Credit,practice,practice,30 mins practice,others,21.8,2025-04-25
100003136,2025-07-30,30 Mins Practice Credit,practice,practice,30 mins practice,others,21.8,2025-04-25
100003139,2025-04-25,30 Mins Practice Credit,practice,practice,30 mins practice,others,21.8,2025-04-25
100003140,2025-04-25,30 Mins Practice Credit,practice,practice,30 mins practice,others,21.8,2025-04-25
100003141,2025-04-25,Trial Lesson W/ Desmond Tan,trial,trial,Trial lesson,Desmond Tan,59.95,2025-04-25
100003141,2025-05-05,30 Mins Practice Credit,practice,practice,30 mins practice,others,21.8,2025-04-25
100003141,2025-05-16,30 Mins Practice Credit,practice,practice,30 mins practice,others,21.8,2025-04-25
100003141,2025-06-30,10 Lesson Pack (Desmond Tan),lesson,lesson,10 lesson,Desmond Tan,981.0,2025-04-25
100003141,2025-06-30,10 Practice Credits,practice,practice,10 practice,others,156.96,2025-04-25
100003142,2025-04-25,60 Mins Practise,practice,practice,60 mins practice,others,87.2,2025-04-25
100003143,2025-04-25,10 Lesson Pack (Jiali Khee.),lesson,lesson,10 lesson,Jiali Khee,981.0,2025-04-25
100003143,2025-04-25,10 Practice Credits,practice,practice,10 practice,others,156.96,2025-04-25
100003144,2025-04-25,Trial Lesson W/ Desmond Tan,trial,trial,Trial lesson,Desmond Tan,59.95,2025-04-25
100003144,2025-04-26,30 Mins 1:1 Lesson W/ Desmond Tan,lesson,lesson,30 mins lesson,Desmond Tan,239.8,2025-04-25
100003144,2025-04-30,10 Practice Credits,practice,practice,10 practice,others,174.4,2025-04-25
100003145,2025-04-25,25 Practice Credits,practice,practice,25 practice,others,408.75,2025-04-25
100003146,2025-04-25,Trial Lesson W/ Desmond Tan,trial,trial,Trial lesson,Desmond Tan,59.95,2025-04-25
100003147,2025-04-26,10 Practice Credits,practice,practice,10 practice,others,174.4,2025-04-26
100003148,2025-04-26,Trial Lesson W/ Desmond Tan,trial,trial,Trial lesson,Desmond Tan,59.95,2025-04-26
100003149,2025-04-26,10 Practice Credits,practice,practice,10 practice,others,174.4,2025-04-26
100003149,2025-08-16,10 Practice Credits,practice,practice,10 practice,others,174.4,2025-04-26
100003150,2025-04-26,30 Mins Practice Credit,practice,practice,30 mins practice,others,87.2,2025-04-26
100003151,2025-04-26,10 Practice Credits,practice,practice,10 practice,others,174.4,2025-04-26
100003151,2025-06-20,Trial Lesson W/ Joey Poh,trial,trial,Trial lesson,Joey Poh,119.9,2025-04-26
100003152,2025-04-26,10 Practice Credits,practice,practice,10 practice,others,174.4,2025-04-26
100003153,2025-04-26,30 Mins Practice Credit,practice,practice,30 mins practice,others,21.8,2025-04-26
100003154,2025-04-27,30 Mins Practice Credit,practice,practice,30 mins practice,others,43.6,2025-04-27
100003154,2025-07-15,30 Mins Practice Credit,practice,practice,30 mins practice,others,21.8,2025-04-27
100003154,2025-08-15,30 Mins Practice Credit,practice,practice,30 mins practice,others,21.8,2025-04-27
100003155,2025-04-27,10 Practice Credits,practice,practice,10 practice,others,174.4,2025-04-27
100003156,2025-04-27,60 Mins Practise,practice,practice,60 mins practice,others,87.2,2025-04-27
100003157,2025-04-27,50 Practice Credits,practice,practice,50 practice,others,763.0,2025-04-27
100003158,2025-04-27,30 Mins Practice Credit,practice,practice,30 mins practice,others,21.8,2025-04-27
100003158,2025-06-06,30 Mins Practice Credit,practice,practice,30 mins practice,others,21.8,2025-04-27
100003159,2025-04-27,Trial Lesson w/ Jasper ,trial,trial,Trial lesson,Jasper Park,119.9,2025-04-27
100003159,2025-05-04,10 Lesson Pack (Jasper  Park),lesson,lesson,10 lesson,Jasper Park,981.0,2025-04-27
100003159,2025-06-01,100 Practice Credits,practice,practice,100 practice,others,1275.3,2025-04-27
100003161,2025-04-28,60 Mins Practise,practice,practice,60 mins practice,others,87.2,2025-04-28
100003162,2025-04-28,Trial Lesson W/ Aiko H,trial,trial,Trial lesson,Aiko H,119.9,2025-04-28
100003163,2025-04-28,10 Lesson Pack (Desmond Tan),lesson,lesson,10 lesson,Desmond Tan,981.0,2025-04-28
100003163,2025-04-28,25 Practice Credits,practice,practice,25 practice,others,367.87,2025-04-28
100003163,2025-04-28,Trial Lesson W/ Desmond Tan,trial,trial,Trial lesson,Desmond Tan,0.0,2025-04-28
100003163,2025-07-24,10 Lesson Pack (Desmond Tan),lesson,lesson,10 lesson,Desmond Tan,981.0,2025-04-28
100003164,2025-04-28,Trial Lesson W/ Kim On You,trial,trial,Trial lesson,Kim On You,119.9,2025-04-28
100003165,2025-04-29,30 Mins Practice Credit,practice,practice,30 mins practice,others,21.8,2025-04-29
100003166,2025-04-29,30 Mins Practice Credit,practice,practice,30 mins practice,others,21.8,2025-04-29
100003167,2025-04-29,30 Mins Practice Credit,practice,practice,30 mins practice,others,43.6,2025-04-29
100003168,2025-04-30,10 Practice Credits,practice,practice,10 practice,others,174.4,2025-04-30
100003168,2025-04-30,Trial Lesson W/ Desmond Tan,trial,trial,Trial lesson,Desmond Tan,59.95,2025-04-30
100003168,2025-05-12,25 Practice Credits,practice,practice,25 practice,others,408.75,2025-04-30
100003168,2025-07-20,10 Practice Credits,practice,practice,10 practice,others,174.4,2025-04-30
100003168,2025-07-29,10 Practice Credits,practice,practice,10 practice,others,174.4,2025-04-30
100003172,2025-04-30,30 Mins Practice Credit,practice,practice,30 mins practice,others,21.8,2025-04-30
100003173,2025-04-30,90 Mins practice,practice,practice,90 mins practice,others,65.4,2025-04-30
100003174,2025-04-30,60 Mins Practise,practice,practice,60 mins practice,others,43.6,2025-04-30
100003174,2025-05-03,Trial Lesson W/ Kim On You,trial,trial,Trial lesson,Kim On You,119.9,2025-04-30
100003174,2025-05-13,30 Mins Practice Credit,practice,practice,30 mins practice,others,21.8,2025-04-30
100003174,2025-05-20,30 Mins Practice Credit,practice,practice,30 mins practice,others,21.8,2025-04-30
100003174,2025-05-27,30 Mins Practice Credit,practice,practice,30 mins practice,others,21.8,2025-04-30
100003174,2025-06-03,30 Mins Practice Credit,practice,practice,30 mins practice,others,21.8,2025-04-30
100003174,2025-06-11,30 Mins Practice Credit,practice,practice,30 mins practice,others,21.8,2025-04-30
100003175,2025-04-30,30 Mins Practice Credit,practice,practice,30 mins practice,others,43.6,2025-04-30
100003175,2025-05-03,30 Mins Practice Credit,practice,practice,30 mins practice,others,21.8,2025-04-30
100003175,2025-05-04,30 Mins Practice Credit,practice,practice,30 mins practice,others,21.8,2025-04-30
100003175,2025-06-18,30 Mins Practice Credit,practice,practice,30 mins practice,others,21.8,2025-04-30
100003175,2025-07-06,30 Mins Practice Credit,practice,practice,30 mins practice,others,21.8,2025-04-30
100003175,2025-07-12,30 Mins Practice Credit,practice,practice,30 mins practice,others,21.8,2025-04-30
100003175,2025-07-13,30 Mins Practice Credit,practice,practice,30 mins practice,others,21.8,2025-04-30
100003175,2025-07-17,30 Mins Practice Credit,practice,practice,30 mins practice,others,43.6,2025-04-30
100003175,2025-07-20,30 Mins Practice Credit,practice,practice,30 mins practice,others,21.8,2025-04-30
100003175,2025-07-21,30 Mins Practice Credit,practice,practice,30 mins practice,others,21.8,2025-04-30
100003175,2025-07-23,30 Mins Practice Credit,practice,practice,30 mins practice,others,21.8,2025-04-30
100003175,2025-07-25,30 Mins Practice Credit,practice,practice,30 mins practice,others,21.8,2025-04-30
100003175,2025-07-27,Trial Lesson W/ Paul F,trial,trial,Trial lesson,Paul Finch,119.9,2025-04-30
100003175,2025-07-30,30 Mins Practice Credit,practice,practice,30 mins practice,others,21.8,2025-04-30
100003176,2025-04-30,Trial Lesson W/ Kim On You,trial,trial,Trial lesson,Kim On You,119.9,2025-04-30
100003177,2025-04-30,30 Mins Practice Credit,practice,practice,30 mins practice,others,21.8,2025-04-30
100003177,2025-06-19,30 Mins Practice Credit,practice,practice,30 mins practice,others,87.2,2025-04-30
100003178,2025-04-30,30 Mins Practice Credit,practice,practice,30 mins practice,others,21.8,2025-04-30
100003179,2025-04-30,60 Mins Practise,practice,practice,60 mins practice,others,43.6,2025-04-30
100003179,2025-05-07,60 Mins Practise,practice,practice,60 mins practice,others,43.6,2025-04-30
100003179,2025-06-03,60 Mins Practise,practice,practice,60 mins practice,others,43.6,2025-04-30
100003180,2025-04-30,60 Mins Practise,practice,practice,60 mins practice,others,43.6,2025-04-30
100003180,2025-05-18,10 Practice Credits,practice,practice,10 practice,others,174.4,2025-04-30
100003180,2025-07-06,10 Practice Credits,practice,practice,10 practice,others,174.4,2025-04-30
100003183,2025-05-01,60 Mins Practise,practice,practice,60 mins practice,others,43.6,2025-05-01
100003184,2025-05-01,10 Practice Credits,practice,practice,10 practice,others,174.4,2025-05-01
100003184,2025-05-23,10 Practice Credits,practice,practice,10 practice,others,174.4,2025-05-01
100003184,2025-06-15,10 Practice Credits,practice,practice,10 practice,others,174.4,2025-05-01
100003184,2025-07-05,10 Practice Credits,practice,practice,10 practice,others,174.4,2025-05-01
100003184,2025-07-31,10 Practice Credits,practice,practice,10 practice,others,174.4,2025-05-01
100003184,2025-08-15,10 Practice Credits,practice,practice,10 practice,others,174.4,2025-05-01
100003185,2025-05-01,60 Mins Practise,practice,practice,60 mins practice,others,43.6,2025-05-01
100003186,2025-05-01,10 Lesson Pack (Jiali Khee.),lesson,lesson,10 lesson,Jiali Khee,981.0,2025-05-01
100003186,2025-05-01,10 Practice Credits,practice,practice,10 practice,others,156.96,2025-05-01
100003186,2025-05-01,Trial Lesson W/ Jiali Khee,trial,trial,Trial lesson,Jiali Khee,119.9,2025-05-01
100003187,2025-05-05,30 Mins Practice Credit,practice,practice,30 mins practice,others,43.6,2025-05-05
100003187,2025-05-05,60 Mins Practise,practice,practice,60 mins practice,others,43.6,2025-05-05
100003188,2025-05-01,Trial Lesson W/ Kim On You,trial,trial,Trial lesson,Kim On You,119.9,2025-05-01
100003188,2025-05-08,10 Lesson Pack (Kim On You),lesson,lesson,10 lesson,Kim On You,981.0,2025-05-01
100003188,2025-05-08,10 Practice Credits,practice,practice,10 practice,others,156.96,2025-05-01
100003189,2025-05-01,10 Practice Credits,practice,practice,10 practice,others,174.4,2025-05-01
100003189,2025-06-15,10 Practice Credits,practice,practice,10 practice,others,174.4,2025-05-01
100003189,2025-08-03,10 Practice Credits,practice,practice,10 practice,others,174.4,2025-05-01
100003190,2025-05-01,30 Mins Practice Credit,practice,practice,30 mins practice,others,21.8,2025-05-01
100003191,2025-05-01,10 Practice Credits,practice,practice,10 practice,others,174.4,2025-05-01
100003191,2025-06-13,Golfzon 9 Holes - 2 Pax,play,play,Golfzon,others,87.2,2025-05-01
100003192,2025-05-01,30 Mins Practice Credit,practice,practice,30 mins practice,others,21.8,2025-05-01
100003192,2025-05-14,30 Mins Practice Credit,practice,practice,30 mins practice,others,21.8,2025-05-01
100003192,2025-05-24,30 Mins Practice Credit,practice,practice,30 mins practice,others,21.8,2025-05-01
100003193,2025-05-01,30 Mins Practice Credit,practice,practice,30 mins practice,others,43.6,2025-05-01
100003193,2025-05-02,Golfzon 9 Holes - 2 Pax,play,play,Golfzon,others,43.6,2025-05-01
100003194,2025-05-02,Trial Lesson W/ Desmond Tan,trial,trial,Trial lesson,Desmond Tan,59.95,2025-05-02
100003195,2025-05-03,10 Practice Credits,practice,practice,10 practice,others,174.4,2025-05-03
100003196,2025-05-02,Trial Lesson W/ Johnson Poh,trial,trial,Trial lesson,Johnson Poh,119.9,2025-05-02
100003196,2025-05-14,100 Practice Credits,practice,practice,100 practice,others,1204.45,2025-05-02
100003196,2025-05-14,20 Lesson Pack (Johnson Poh),lesson,lesson,20 lesson,Johnson Poh,1853.0,2025-05-02
100003198,2025-05-02,30 Mins Practice Credit,practice,practice,30 mins practice,others,21.8,2025-05-02
100003199,2025-05-02,10 Practice Credits,practice,practice,10 practice,others,174.4,2025-05-02
100003199,2025-05-04,Trial Lesson W/ Johnson Poh,trial,trial,Trial lesson,Johnson Poh,119.9,2025-05-02
100003199,2025-05-09,30 Mins 1:1 Lesson W/ Johnson Poh,lesson,lesson,30 mins lesson,Johnson Poh,119.9,2025-05-02
100003199,2025-05-23,10 Lesson Pack  (Johnson Poh),lesson,lesson,10 lesson,Johnson Poh,981.0,2025-05-02
100003200,2025-05-02,30 Mins Practice Credit,practice,practice,30 mins practice,others,21.8,2025-05-02
100003200,2025-05-07,30 Mins Practice Credit,practice,practice,30 mins practice,others,21.8,2025-05-02
100003200,2025-05-10,30 Mins Practice Credit,practice,practice,30 mins practice,others,21.8,2025-05-02
100003200,2025-05-31,60 Mins Practise,practice,practice,60 mins practice,others,43.6,2025-05-02
100003200,2025-06-19,30 Mins Practice Credit,practice,practice,30 mins practice,others,21.8,2025-05-02
100003200,2025-06-20,60 Mins Practise,practice,practice,60 mins practice,others,43.6,2025-05-02
100003202,2025-05-03,10 Practice Credits,practice,practice,10 practice,others,174.4,2025-05-03
100003202,2025-06-19,10 Practice Credits,practice,practice,10 practice,others,174.4,2025-05-03
100003203,2025-05-03,10 Practice Credits,practice,practice,10 practice,others,174.4,2025-05-03
100003204,2025-05-03,Trial Lesson W/ Paul F,trial,trial,Trial lesson,Paul Finch,119.9,2025-05-03
100003204,2025-05-15,10 Practice Credits,practice,practice,10 practice,others,174.4,2025-05-03
100003204,2025-05-16,30 Mins 1:1 Lesson W/ Paul Finch,lesson,lesson,30 mins lesson,Paul Finch,119.9,2025-05-03
100003205,2025-05-03,30 Mins Practice Credit,practice,practice,30 mins practice,others,21.8,2025-05-03
100003206,2025-05-03,30 Mins Practice Credit,practice,practice,30 mins practice,others,21.8,2025-05-03
100003207,2025-05-03,10 Practice Credits,practice,practice,10 practice,others,174.4,2025-05-03
100003208,2025-05-03,Trial Lesson W/ Joey Poh,trial,trial,Trial lesson,Joey Poh,119.9,2025-05-03
100003208,2025-05-14,10 Lesson Pack (Joey Poh.),lesson,lesson,10 lesson,Joey Poh,981.0,2025-05-03
100003208,2025-05-14,10 Practice Credits,practice,practice,10 practice,others,156.96,2025-05-03
100003209,2025-05-03,Trial Lesson W/ Johnson Poh,trial,trial,Trial lesson,Johnson Poh,119.9,2025-05-03
100003209,2025-05-21,10 Lesson Pack  (Johnson Poh),lesson,lesson,10 lesson,Johnson Poh,981.0,2025-05-03
100003209,2025-05-21,25 Practice Credits,practice,practice,25 practice,others,367.87,2025-05-03
100003210,2025-05-03,30 Mins Practice Credit,practice,practice,30 mins practice,others,43.6,2025-05-03
100003211,2025-05-03,30 Mins Practice Credit,practice,practice,30 mins practice,others,21.8,2025-05-03
100003211,2025-07-22,30 Mins Practice Credit,practice,practice,30 mins practice,others,21.8,2025-05-03
100003212,2025-05-19,Trial Lesson W/ Kim On You,trial,trial,Trial lesson,Kim On You,119.9,2025-05-19
100003213,2025-05-03,30 Mins Practice Credit,practice,practice,30 mins practice,others,21.8,2025-05-03
100003213,2025-05-08,30 Mins Practice Credit,practice,practice,30 mins practice,others,21.8,2025-05-03
100003213,2025-05-09,30 Mins Practice Credit,practice,practice,30 mins practice,others,21.8,2025-05-03
100003214,2025-05-03,Group Trial Johnson,trial,trial,Group Trial,Johnson Poh,196.2,2025-05-03
100003216,2025-05-04,Trial Lesson w/ Jasper ,trial,trial,Trial lesson,Jasper Park,119.9,2025-05-04
100003216,2025-05-17,30 Mins 1:1 Lesson W/ Jasper,lesson,lesson,30 mins lesson,Jasper Park,119.9,2025-05-04
100003216,2025-05-22,30 Mins Practice Credit,practice,practice,30 mins practice,others,21.8,2025-05-04
100003216,2025-05-27,30 Mins Practice Credit,practice,practice,30 mins practice,others,21.8,2025-05-04
100003216,2025-05-29,30 Mins Practice Credit,practice,practice,30 mins practice,others,21.8,2025-05-04
100003216,2025-06-03,10 Practice Credits,practice,practice,10 practice,others,174.4,2025-05-04
100003216,2025-06-08,Golfzon 18 Holes - 2 Pax,play,play,Golfzon,others,130.8,2025-05-04
100003216,2025-06-30,60 Mins Practise,practice,practice,60 mins practice,others,43.6,2025-05-04
100003216,2025-07-01,30 Mins Practice Credit,practice,practice,30 mins practice,others,21.8,2025-05-04
100003217,2025-05-04,10 Practice Credits,practice,practice,10 practice,others,174.4,2025-05-04
100003217,2025-06-25,Group Trial Desmond,trial,trial,Group Trial,Desmond Tan,196.2,2025-05-04
100003218,2025-05-04,30 Mins Practice Credit,practice,practice,30 mins practice,others,21.8,2025-05-04
100003219,2025-05-04,30 Mins Practice Credit,practice,practice,30 mins practice,others,21.8,2025-05-04
100003221,2025-05-04,Trial Lesson W/ Joey Poh,trial,trial,Trial lesson,Joey Poh,119.9,2025-05-04
100003222,2025-05-04,Trial Lesson W/ Joey Poh,trial,trial,Trial lesson,Joey Poh,119.9,2025-05-04
100003223,2025-05-04,60 Mins Practise,practice,practice,60 mins practice,others,43.6,2025-05-04
100003224,2025-05-04,60 Mins Practise,practice,practice,60 mins practice,others,43.6,2025-05-04
100003225,2025-05-11,Golfzon 18 Holes - 2 Pax,play,play,Golfzon,others,130.8,2025-05-11
100003226,2025-05-04,Trial Lesson W/ Desmond Tan,trial,trial,Trial lesson,Desmond Tan,59.95,2025-05-04
100003227,2025-05-05,10 Practice Credits,practice,practice,10 practice,others,174.4,2025-05-05
100003228,2025-05-05,10 Practice Credits,practice,practice,10 practice,others,174.4,2025-05-05
100003228,2025-05-14,Trial Lesson W/ Paul F,trial,trial,Trial lesson,Paul Finch,119.9,2025-05-05
100003228,2025-05-15,30 Mins 1:1 Lesson W/ Paul Finch,lesson,lesson,30 mins lesson,Paul Finch,119.9,2025-05-05
100003228,2025-05-27,10 Practice Credits,practice,practice,10 practice,others,174.4,2025-05-05
100003228,2025-05-27,30 Mins 1:1 Lesson W/ Paul Finch,lesson,lesson,30 mins lesson,Paul Finch,119.9,2025-05-05
100003230,2025-05-05,Trial Lesson W/ Desmond Tan,trial,trial,Trial lesson,Desmond Tan,59.95,2025-05-05
100003231,2025-05-05,90 Mins practice,practice,practice,90 mins practice,others,65.4,2025-05-05
100003232,2025-05-05,30 Mins Practice Credit,practice,practice,30 mins practice,others,21.8,2025-05-05
100003233,2025-05-05,10 Practice Credits,practice,practice,10 practice,others,174.4,2025-05-05
100003234,2025-05-05,60 Mins Practise,practice,practice,60 mins practice,others,87.2,2025-05-05
100003235,2025-05-05,30 Mins Practice Credit,practice,practice,30 mins practice,others,21.8,2025-05-05
100003236,2025-05-05,30 Mins Practice Credit,practice,practice,30 mins practice,others,43.6,2025-05-05
100003238,2025-05-14,Golfzon 9 Holes - 3 Pax,play,play,Golfzon,others,130.8,2025-05-14
100003239,2025-05-06,10 Practice Credits,practice,practice,10 practice,others,174.4,2025-05-06
100003240,2025-05-06,Trial Lesson W/ Joey Poh,trial,trial,Trial lesson,Joey Poh,119.9,2025-05-06
100003241,2025-05-08,Trial Lesson W/ Johnson Poh,trial,trial,Trial lesson,Johnson Poh,119.9,2025-05-08
100003241,2025-08-09,20 Lesson Pack (Johnson Poh),lesson,lesson,20 lesson,Johnson Poh,1853.0,2025-05-08
100003241,2025-08-13,25 Practice Credits,practice,practice,25 practice,others,347.44,2025-05-08
100003242,2025-05-06,Trial Lesson W/ Joey Poh,trial,trial,Trial lesson,Joey Poh,119.9,2025-05-06
100003242,2025-06-01,10 Lesson Pack (Joey Poh.),lesson,lesson,10 lesson,Joey Poh,981.0,2025-05-06
100003242,2025-06-01,10 Practice Credits,practice,practice,10 practice,others,156.96,2025-05-06
100003243,2025-05-06,Trial Lesson W/ Desmond Tan,trial,trial,Trial lesson,Desmond Tan,59.95,2025-05-06
100003243,2025-06-11,10 Lesson Pack (Desmond Tan),lesson,lesson,10 lesson,Desmond Tan,981.0,2025-05-06
100003243,2025-06-11,25 Practice Credits,practice,practice,25 practice,others,367.88,2025-05-06
100003244,2025-05-06,25 Practice Credits,practice,practice,25 practice,others,408.75,2025-05-06
100003245,2025-05-06,Trial Lesson w/ Jasper ,trial,trial,Trial lesson,Jasper Park,119.9,2025-05-06
100003245,2025-05-12,10 Lesson Pack (Jasper  Park),lesson,lesson,10 lesson,Jasper Park,981.0,2025-05-06
100003245,2025-05-12,25 Practice Credits,practice,practice,25 practice,others,367.87,2025-05-06
100003246,2025-05-06,10 Lesson Pack  (Johnson Poh),lesson,lesson,10 lesson,Johnson Poh,981.0,2025-05-06
100003246,2025-05-06,25 Practice Credits,practice,practice,25 practice,others,367.87,2025-05-06
100003247,2025-05-06,30 Mins Practice Credit,practice,practice,30 mins practice,others,21.8,2025-05-06
100003247,2025-07-16,60 Mins Practise,practice,practice,60 mins practice,others,43.6,2025-05-06
100003248,2025-05-22,Trial Lesson W/ Kim On You,trial,trial,Trial lesson,Kim On You,119.9,2025-05-22
100003249,2025-05-07,10 Practice Credits,practice,practice,10 practice,others,174.4,2025-05-07
100003250,2025-05-07,Trial Lesson W/ Joey Poh,trial,trial,Trial lesson,Joey Poh,119.9,2025-05-07
100003251,2025-05-08,Trial Lesson W/ Aiko H,trial,trial,Trial lesson,Aiko H,119.9,2025-05-08
100003252,2025-05-09,Trial Lesson W/ Kim On You,trial,trial,Trial lesson,Kim On You,119.9,2025-05-09
100003252,2025-06-16,10 Lesson Pack (Kim On You),lesson,lesson,10 lesson,Kim On You,981.0,2025-05-09
100003253,2025-05-09,60 Mins Practise,practice,practice,60 mins practice,others,43.6,2025-05-09
100003254,2025-05-09,10 Practice Credits,practice,practice,10 practice,others,174.4,2025-05-09
100003255,2025-05-09,10 Practice Credits,practice,practice,10 practice,others,174.4,2025-05-09
100003256,2025-05-09,10 Semi Private (1:2 Lesson) W/ Desmond Tan,lesson,lesson,10 group lesson,Desmond Tan,2594.2,2025-05-09
100003257,2025-05-09,30 Mins Practice Credit,practice,practice,30 mins practice,others,21.8,2025-05-09
100003258,2025-05-09,25 Practice Credits,practice,practice,25 practice,others,408.75,2025-05-09
100003260,2025-05-10,10 Practice Credits,practice,practice,10 practice,others,174.4,2025-05-10
100003261,2025-05-10,Trial Lesson w/ Jasper,trial,trial,Trial lesson,Jasper Park,119.9,2025-05-10
100003261,2025-05-23,10 Lesson Pack (Jasper  Park),lesson,lesson,10 lesson,Jasper Park,981.0,2025-05-10
100003261,2025-07-04,30 Mins Practice Credit,practice,practice,30 mins practice,others,21.8,2025-05-10
100003262,2025-05-10,30 Mins Practice Credit,practice,practice,30 mins practice,others,21.8,2025-05-10
100003262,2025-05-25,10 Practice Credits,practice,practice,10 practice,others,174.4,2025-05-10
100003263,2025-05-10,30 Mins Practice Credit,practice,practice,30 mins practice,others,43.6,2025-05-10
100003264,2025-06-16,Golfzon 18 Holes - 2 Pax,play,play,Golfzon,others,130.8,2025-06-16
100003265,2025-05-11,10 Practice Credits,practice,practice,10 practice,others,174.4,2025-05-11
100003265,2025-05-21,25 Practice Credits,practice,practice,25 practice,others,408.75,2025-05-11
100003265,2025-08-02,25 Practice Credits,practice,practice,25 practice,others,408.75,2025-05-11
100003266,2025-05-11,25 Practice Credits,practice,practice,25 practice,others,408.75,2025-05-11
100003267,2025-05-11,Golfzon 9 Holes - 2 Pax,play,play,Golfzon,others,87.2,2025-05-11
100003268,2025-05-11,10 Practice Credits,practice,practice,10 practice,others,174.4,2025-05-11
100003269,2025-05-11,Golfzon 9 Holes - 2 Pax,play,play,Golfzon,others,87.2,2025-05-11
100003269,2025-05-24,Golfzon 9 Holes - 2 Pax,play,play,Golfzon,others,87.2,2025-05-11
100003270,2025-05-11,10 Practice Credits,practice,practice,10 practice,others,174.4,2025-05-11
100003271,2025-05-11,30 Mins Practice Credit,practice,practice,30 mins practice,others,21.8,2025-05-11
100003272,2025-06-07,90 Mins practice,practice,practice,90 mins practice,others,65.4,2025-06-07
100003272,2025-06-10,60 Mins Practise,practice,practice,60 mins practice,others,43.6,2025-06-07
100003272,2025-06-28,90 Mins practice,practice,practice,90 mins practice,others,65.4,2025-06-07
100003272,2025-07-06,10 Practice Credits,practice,practice,10 practice,others,174.4,2025-06-07
100003273,2025-05-11,10 Practice Credits,practice,practice,10 practice,others,174.4,2025-05-11
100003274,2025-05-11,10 Practice Credits,practice,practice,10 practice,others,174.4,2025-05-11
100003274,2025-07-24,Golfzon 9 Holes - 3 Pax,play,play,Golfzon,others,130.8,2025-05-11
100003275,2025-05-12,Golfzon 18 Holes - 3 Pax,play,play,Golfzon,others,196.2,2025-05-12
100003276,2025-05-11,10 Practice Credits,practice,practice,10 practice,others,174.4,2025-05-11
100003276,2025-06-09,Trial Lesson W/ Johnson Poh,trial,trial,Trial lesson,Johnson Poh,119.9,2025-05-11
100003276,2025-06-15,30 Mins 1:1 Lesson W/ Johnson Poh,lesson,lesson,30 mins lesson,Johnson Poh,119.9,2025-05-11
100003276,2025-08-15,10 Lesson Pack  (Johnson Poh),lesson,lesson,10 lesson,Johnson Poh,981.0,2025-05-11
100003277,2025-05-11,30 Mins Practice Credit,practice,practice,30 mins practice,others,21.8,2025-05-11
100003277,2025-06-12,30 Mins Practice Credit,practice,practice,30 mins practice,others,21.8,2025-05-11
100003277,2025-06-21,30 Mins Practice Credit,practice,practice,30 mins practice,others,21.8,2025-05-11
100003278,2025-05-12,Trial Lesson W/ Paul F,trial,trial,Trial lesson,Paul Finch,119.9,2025-05-12
100003278,2025-06-04,10 Lesson Pack (Paul Finch),lesson,lesson,10 lesson,Paul Finch,981.0,2025-05-12
100003278,2025-06-05,10 Practice Credits,practice,practice,10 practice,others,156.96,2025-05-12
100003279,2025-05-12,30 Mins Practice Credit,practice,practice,30 mins practice,others,43.6,2025-05-12
100003280,2025-05-12,30 Mins Practice Credit,practice,practice,30 mins practice,others,43.6,2025-05-12
100003281,2025-05-12,30 Mins Practice Credit,practice,practice,30 mins practice,others,43.6,2025-05-12
100003282,2025-05-12,10 Practice Credits,practice,practice,10 practice,others,174.4,2025-05-12
100003283,2025-05-12,30 Mins Practice Credit,practice,practice,30 mins practice,others,21.8,2025-05-12
100003283,2025-05-20,30 Mins Practice Credit,practice,practice,30 mins practice,others,21.8,2025-05-12
100003284,2025-05-12,60 Mins Practise,practice,practice,60 mins practice,others,43.6,2025-05-12
100003284,2025-05-18,10 Practice Credits,practice,practice,10 practice,others,174.4,2025-05-12
100003284,2025-06-22,10 Practice Credits,practice,practice,10 practice,others,174.4,2025-05-12
100003285,2025-05-12,30 Mins Practice Credit,practice,practice,30 mins practice,others,21.8,2025-05-12
100003286,2025-05-12,60 Mins Practise,practice,practice,60 mins practice,others,43.6,2025-05-12
100003287,2025-05-12,30 Mins Practice Credit,practice,practice,30 mins practice,others,21.8,2025-05-12
100003287,2025-05-24,10 Practice Credits,practice,practice,10 practice,others,174.4,2025-05-12
100003288,2025-05-13,Trial Lesson W/ Joey Poh,trial,trial,Trial lesson,Joey Poh,119.9,2025-05-13
100003288,2025-05-25,10 Lesson Pack (Joey Poh.),lesson,lesson,10 lesson,Joey Poh,981.0,2025-05-13
100003288,2025-05-25,10 Practice Credits,practice,practice,10 practice,others,156.96,2025-05-13
100003289,2025-05-13,30 Mins Practice Credit,practice,practice,30 mins practice,others,21.8,2025-05-13
100003289,2025-06-10,30 Mins Practice Credit,practice,practice,30 mins practice,others,21.8,2025-05-13
100003290,2025-05-13,25 Practice Credits,practice,practice,25 practice,others,408.75,2025-05-13
100003291,2025-05-13,30 Mins Practice Credit,practice,practice,30 mins practice,others,21.8,2025-05-13
100003292,2025-05-13,30 Mins Practice Credit,practice,practice,30 mins practice,others,21.8,2025-05-13
100003293,2025-05-13,Group Trial Johnson,trial,trial,Group Trial,Johnson Poh,196.2,2025-05-13
100003293,2025-05-13,Trial Lesson W/ Johnson Poh,trial,trial,Trial lesson,Johnson Poh,0.0,2025-05-13
100003293,2025-05-14,10 Semi Private (1:2 Lesson) w/ Johnson Poh,lesson,lesson,10 group lesson,Johnson Poh,2594.2,2025-05-13
100003293,2025-05-14,25 Practice Credits,practice,practice,25 practice,others,347.44,2025-05-13
100003294,2025-05-13,60 Mins Practise,practice,practice,60 mins practice,others,43.6,2025-05-13
100003295,2025-05-13,10 Lesson Pack (Jiali Khee.),lesson,lesson,10 lesson,Jiali Khee,981.0,2025-05-13
100003295,2025-05-13,10 Practice Credits,practice,practice,10 practice,others,156.96,2025-05-13
100003295,2025-05-13,Trial Lesson W/ Jiali Khee,trial,trial,Trial lesson,Jiali Khee,119.9,2025-05-13
100003296,2025-05-13,Trial Lesson W/ Johnson Poh,trial,trial,Trial lesson,Johnson Poh,119.9,2025-05-13
100003296,2025-05-18,10 Lesson Pack  (Johnson Poh),lesson,lesson,10 lesson,Johnson Poh,981.0,2025-05-13
100003298,2025-05-14,Trial Lesson w/ Jasper,trial,trial,Trial lesson,Jasper Park,119.9,2025-05-14
100003299,2025-05-14,Trial Lesson W/ Kim On You,trial,trial,Trial lesson,Kim On You,119.9,2025-05-14
100003299,2025-05-20,10 Lesson Pack (Kim On You),lesson,lesson,10 lesson,Kim On You,981.0,2025-05-14
100003300,2025-05-14,30 Mins Practice Credit,practice,practice,30 mins practice,others,43.6,2025-05-14
100003300,2025-05-27,Golfzon 9 Holes - 2 Pax,play,play,Golfzon,others,87.2,2025-05-14
100003301,2025-05-15,30 Mins Practice Credit,practice,practice,30 mins practice,others,21.8,2025-05-15
100003301,2025-07-11,30 Mins Practice Credit,practice,practice,30 mins practice,others,21.8,2025-05-15
100003302,2025-05-16,30 Mins Practice Credit,practice,practice,30 mins practice,others,21.8,2025-05-16
100003302,2025-05-19,30 Mins Practice Credit,practice,practice,30 mins practice,others,21.8,2025-05-16
100003303,2025-05-16,Group Trial Joey,trial,trial,Group Trial,Joey Poh,196.2,2025-05-16
100003303,2025-05-23,10 Lesson Pack (Joey Poh.),lesson,lesson,10 lesson,Joey Poh,981.0,2025-05-16
100003304,2025-05-16,10 Practice Credits,practice,practice,10 practice,others,0.0,2025-05-16
100003305,2025-05-17,Trial Lesson W/ Joey Poh,trial,trial,Trial lesson,Joey Poh,119.9,2025-05-17
100003305,2025-05-29,10 Lesson Pack (Joey Poh.),lesson,lesson,10 lesson,Joey Poh,981.0,2025-05-17
100003305,2025-05-29,10 Practice Credits,practice,practice,10 practice,others,156.96,2025-05-17
100003306,2025-05-17,10 Practice Credits,practice,practice,10 practice,others,174.4,2025-05-17
100003307,2025-05-17,90 Mins practice,practice,practice,90 mins practice,others,65.4,2025-05-17
100003307,2025-08-03,10 Practice Credits,practice,practice,10 practice,others,174.4,2025-05-17
100003308,2025-05-17,30 Mins Practice Credit,practice,practice,30 mins practice,others,21.8,2025-05-17
100003308,2025-08-04,60 Mins Practise,practice,practice,60 mins practice,others,43.6,2025-05-17
100003309,2025-05-17,30 Mins Practice Credit,practice,practice,30 mins practice,others,21.8,2025-05-17
100003309,2025-05-25,10 Practice Credits,practice,practice,10 practice,others,10.9,2025-05-17
100003310,2025-05-17,30 Mins Practice Credit,practice,practice,30 mins practice,others,43.6,2025-05-17
100003311,2025-05-18,30 Mins Practice Credit,practice,practice,30 mins practice,others,21.8,2025-05-18
100003312,2025-05-18,25 Practice Credits,practice,practice,25 practice,others,408.75,2025-05-18
100003313,2025-05-18,60 Mins Practise,practice,practice,60 mins practice,others,87.2,2025-05-18
100003313,2025-06-04,30 Mins Practice Credit,practice,practice,30 mins practice,others,21.8,2025-05-18
100003314,2025-05-18,10 Practice Credits,practice,practice,10 practice,others,174.4,2025-05-18
100003316,2025-05-18,Trial Lesson W/ Johnson Poh,trial,trial,Trial lesson,Johnson Poh,119.9,2025-05-18
100003317,2025-05-18,10 Practice Credits,practice,practice,10 practice,others,174.4,2025-05-18
100003318,2025-05-18,Golfzon 9 Holes - 2 Pax,play,play,Golfzon,others,87.2,2025-05-18
100003318,2025-06-14,60 Mins Practise,practice,practice,60 mins practice,others,43.6,2025-05-18
100003319,2025-05-18,25 Practice Credits,practice,practice,25 practice,others,408.75,2025-05-18
100003320,2025-05-18,10 Practice Credits,practice,practice,10 practice,others,174.4,2025-05-18
100003320,2025-06-01,10 Practice Credits,practice,practice,10 practice,others,174.4,2025-05-18
100003321,2025-05-18,30 Mins Practice Credit,practice,practice,30 mins practice,others,21.8,2025-05-18
100003321,2025-08-02,30 Mins Practice Credit,practice,practice,30 mins practice,others,43.6,2025-05-18
100003321,2025-08-05,30 Mins Practice Credit,practice,practice,30 mins practice,others,65.4,2025-05-18
100003322,2025-05-18,30 Mins Practice Credit,practice,practice,30 mins practice,others,43.6,2025-05-18
100003323,2025-05-18,Trial Lesson W/ Joey Poh,trial,trial,Trial lesson,Joey Poh,119.9,2025-05-18
100003324,2025-05-18,10 Practice Credits,practice,practice,10 practice,others,174.4,2025-05-18
100003325,2025-05-19,Trial Lesson w/ Jasper ,trial,trial,Trial lesson,Jasper Park,119.9,2025-05-19
100003325,2025-05-29,30 Mins 1:1 Lesson W/ Jasper,lesson,lesson,30 mins lesson,Jasper Park,119.9,2025-05-19
100003325,2025-06-08,60 Mins Practise,practice,practice,60 mins practice,others,43.6,2025-05-19
100003325,2025-07-01,30 Mins 1:1 Lesson W/ Jasper,lesson,lesson,30 mins lesson,Jasper Park,119.9,2025-05-19
100003325,2025-07-17,30 Mins 1:1 Lesson W/ Jasper,lesson,lesson,30 mins lesson,Jasper Park,119.9,2025-05-19
100003325,2025-08-03,30 Mins Practice Credit,practice,practice,30 mins practice,others,21.8,2025-05-19
100003325,2025-08-06,30 Mins 1:1 Lesson W/ Jasper,lesson,lesson,30 mins lesson,Jasper Park,239.8,2025-05-19
100003325,2025-08-09,30 Mins 1:1 Lesson W/ Jasper,lesson,lesson,30 mins lesson,Jasper Park,119.9,2025-05-19
100003325,2025-08-10,30 Mins 1:1 Lesson W/ Jasper,lesson,lesson,30 mins lesson,Jasper Park,119.9,2025-05-19
100003325,2025-08-14,30 Mins Practice Credit,practice,practice,30 mins practice,others,21.8,2025-05-19
100003325,2025-08-22,30 Mins Practice Credit,practice,practice,30 mins practice,others,21.8,2025-05-19
100003327,2025-05-19,30 Mins Practice Credit,practice,practice,30 mins practice,others,43.6,2025-05-19
100003327,2025-05-19,60 Mins Practise,practice,practice,60 mins practice,others,43.6,2025-05-19
100003328,2025-05-19,10 Practice Credits,practice,practice,10 practice,others,174.4,2025-05-19
100003328,2025-07-03,10 Practice Credits,practice,practice,10 practice,others,174.4,2025-05-19
100003329,2025-05-22,30 Mins Practice Credit,practice,practice,30 mins practice,others,21.8,2025-05-22
100003329,2025-05-22,Golfzon 18 Holes - 1 Pax,play,play,Golfzon,others,109.0,2025-05-22
100003330,2025-05-20,10 Practice Credits,practice,practice,10 practice,others,0.0,2025-05-20
100003331,2025-05-20,30 Mins Practice Credit,practice,practice,30 mins practice,others,21.8,2025-05-20
100003333,2025-05-20,10 Practice Credits,practice,practice,10 practice,others,174.4,2025-05-20
100003334,2025-05-21,30 Mins Practice Credit,practice,practice,30 mins practice,others,21.8,2025-05-21
100003334,2025-05-22,30 Mins Practice Credit,practice,practice,30 mins practice,others,21.8,2025-05-21
100003335,2025-05-21,90 Mins practice,practice,practice,90 mins practice,others,65.4,2025-05-21
100003336,2025-05-21,30 Mins Practice Credit,practice,practice,30 mins practice,others,43.6,2025-05-21
100003336,2025-05-22,10 Practice Credits,practice,practice,10 practice,others,174.4,2025-05-21
100003336,2025-06-11,50 Practice Credits,practice,practice,50 practice,others,763.0,2025-05-21
100003338,2025-05-21,10 Practice Credits,practice,practice,10 practice,others,174.4,2025-05-21
100003340,2025-05-22,30 Mins Practice Credit,practice,practice,30 mins practice,others,21.8,2025-05-22
100003340,2025-05-22,Trial Lesson W/ Paul F,trial,trial,Trial lesson,Paul Finch,119.9,2025-05-22
100003340,2025-05-29,30 Mins Practice Credit,practice,practice,30 mins practice,others,21.8,2025-05-22
100003341,2025-05-22,60 Mins Practise,practice,practice,60 mins practice,others,43.6,2025-05-22
100003341,2025-05-28,60 Mins Practise,practice,practice,60 mins practice,others,43.6,2025-05-22
100003342,2025-05-22,Trial Lesson W/ Paul F,trial,trial,Trial lesson,Paul Finch,119.9,2025-05-22
100003342,2025-05-26,60 Mins 1:1 Lesson W/ Paul Finch,lesson,lesson,60 mins lesson,Paul Finch,479.6,2025-05-22
100003343,2025-05-22,Trial Lesson W/ Paul F,trial,trial,Trial lesson,Paul Finch,119.9,2025-05-22
100003344,2025-05-22,30 Mins Practice Credit,practice,practice,30 mins practice,others,65.4,2025-05-22
100003345,2025-05-22,100 Practice Credits,practice,practice,100 practice,others,1417.0,2025-05-22
100003346,2025-05-23,60 Mins Practise,practice,practice,60 mins practice,others,0.0,2025-05-23
100003346,2025-05-23,Golfzon 9 Holes - 1 Pax,play,play,Golfzon,others,152.6,2025-05-23
100003347,2025-05-23,60 Mins Practise,practice,practice,60 mins practice,others,43.6,2025-05-23
100003348,2025-05-23,60 Mins Practise,practice,practice,60 mins practice,others,43.6,2025-05-23
100003348,2025-05-25,10 Practice Credits,practice,practice,10 practice,others,174.4,2025-05-23
100003349,2025-06-06,10 Practice Credits,practice,practice,10 practice,others,174.4,2025-06-06
100003349,2025-06-12,10 Practice Credits,practice,practice,10 practice,others,174.4,2025-06-06
100003349,2025-06-28,25 Practice Credits,practice,practice,25 practice,others,408.75,2025-06-06
100003349,2025-08-01,25 Practice Credits,practice,practice,25 practice,others,408.75,2025-06-06
100003351,2025-05-24,30 Mins Practice Credit,practice,practice,30 mins practice,others,21.8,2025-05-24
100003352,2025-05-24,10 Practice Credits,practice,practice,10 practice,others,174.4,2025-05-24
100003353,2025-05-24,30 Mins Practice Credit,practice,practice,30 mins practice,others,21.8,2025-05-24
100003353,2025-05-27,10 Practice Credits,practice,practice,10 practice,others,174.4,2025-05-24
100003354,2025-05-24,30 Mins Practice Credit,practice,practice,30 mins practice,others,21.8,2025-05-24
100003354,2025-06-21,10 Practice Credits,practice,practice,10 practice,others,174.4,2025-05-24
100003355,2025-05-24,10 Practice Credits,practice,practice,10 practice,others,174.4,2025-05-24
100003355,2025-05-24,30 Mins Practice Credit,practice,practice,30 mins practice,others,21.8,2025-05-24
100003355,2025-06-21,10 Practice Credits,practice,practice,10 practice,others,174.4,2025-05-24
100003355,2025-06-21,30 Mins 1:1 Lesson W/ Johnson Poh,lesson,lesson,30 mins lesson,Johnson Poh,119.9,2025-05-24
100003355,2025-06-21,Trial Lesson W/ Johnson Poh,trial,trial,Trial lesson,Johnson Poh,119.9,2025-05-24
100003355,2025-07-05,30 Mins 1:1 Lesson W/ Johnson Poh,lesson,lesson,30 mins lesson,Johnson Poh,119.9,2025-05-24
100003355,2025-07-19,10 Practice Credits,practice,practice,10 practice,others,174.4,2025-05-24
100003355,2025-07-26,30 Mins 1:1 Lesson W/ Johnson Poh,lesson,lesson,30 mins lesson,Johnson Poh,119.9,2025-05-24
100003355,2025-08-09,30 Mins 1:1 Lesson W/ Johnson Poh,lesson,lesson,30 mins lesson,Johnson Poh,119.9,2025-05-24
100003357,2025-05-25,Golfzon 9 Holes - 1 Pax,play,play,Golfzon,others,76.3,2025-05-25
100003358,2025-05-25,10 Practice Credits,practice,practice,10 practice,others,174.4,2025-05-25
100003359,2025-05-25,30 Mins Practice Credit,practice,practice,30 mins practice,others,21.8,2025-05-25
100003359,2025-06-15,60 Mins Practise,practice,practice,60 mins practice,others,43.6,2025-05-25
100003360,2025-05-25,60 Mins Practise,practice,practice,60 mins practice,others,43.6,2025-05-25
100003362,2025-05-25,Golfzon 18 Holes - 3 Pax,play,play,Golfzon,others,196.2,2025-05-25
100003363,2025-05-25,30 Mins Practice Credit,practice,practice,30 mins practice,others,21.8,2025-05-25
100003364,2025-05-25,25 Practice Credits,practice,practice,25 practice,others,408.75,2025-05-25
100003365,2025-05-25,30 Mins Practice Credit,practice,practice,30 mins practice,others,21.8,2025-05-25
100003366,2025-05-25,60 Mins Practise,practice,practice,60 mins practice,others,43.6,2025-05-25
100003366,2025-07-26,30 Mins Practice Credit,practice,practice,30 mins practice,others,21.8,2025-05-25
100003367,2025-05-25,30 Mins Practice Credit,practice,practice,30 mins practice,others,21.8,2025-05-25
100003368,2025-05-25,10 Practice Credits,practice,practice,10 practice,others,174.4,2025-05-25
100003369,2025-05-25,10 Practice Credits,practice,practice,10 practice,others,174.4,2025-05-25
100003370,2025-05-25,Trial Lesson W/ Johnson Poh,trial,trial,Trial lesson,Johnson Poh,119.9,2025-05-25
100003370,2025-05-29,Trial Lesson W/ Johnson Poh,trial,trial,Trial lesson,Johnson Poh,-119.9,2025-05-25
100003371,2025-05-27,Trial Lesson W/ Aiko H,trial,trial,Trial lesson,Aiko H,119.9,2025-05-27
100003371,2025-06-16,10 Lesson Pack ( Aiko H),lesson,lesson,10 lesson,Aiko H,981.0,2025-05-27
100003371,2025-06-16,10 Practice Credits,practice,practice,10 practice,others,156.96,2025-05-27
100003372,2025-05-26,Trial Lesson W/ Jiali Khee,trial,trial,Trial lesson,Jiali Khee,119.9,2025-05-26
100003373,2025-05-26,Trial Lesson W/ Aiko H,trial,trial,Trial lesson,Aiko H,119.9,2025-05-26
100003373,2025-06-19,10 Lesson Pack ( Aiko H),lesson,lesson,10 lesson,Aiko H,981.0,2025-05-26
100003373,2025-06-19,10 Practice Credits,practice,practice,10 practice,others,156.96,2025-05-26
100003374,2025-05-26,60 Mins Practise,practice,practice,60 mins practice,others,43.6,2025-05-26
100003375,2025-05-29,30 Mins Practice Credit,practice,practice,30 mins practice,others,21.8,2025-05-29
100003375,2025-06-05,10 Practice Credits,practice,practice,10 practice,others,174.4,2025-05-29
100003376,2025-05-27,10 Practice Credits,practice,practice,10 practice,others,174.4,2025-05-27
100003378,2025-05-27,10 Practice Credits,practice,practice,10 practice,others,174.4,2025-05-27
100003379,2025-05-27,30 Mins Practice Credit,practice,practice,30 mins practice,others,21.8,2025-05-27
100003380,2025-05-27,10 Lesson Pack (Kim On You),lesson,lesson,10 lesson,Kim On You,981.0,2025-05-27
100003380,2025-05-27,10 Practice Credits,practice,practice,10 practice,others,156.96,2025-05-27
100003380,2025-08-04,Trial Lesson W/ Kim On You,trial,trial,Trial lesson,Kim On You,119.9,2025-05-27
100003381,2025-05-27,30 Mins Practice Credit,practice,practice,30 mins practice,others,21.8,2025-05-27
100003381,2025-06-03,10 Practice Credits,practice,practice,10 practice,others,174.4,2025-05-27
100003382,2025-05-27,Trial Lesson W/ Jiali Khee,trial,trial,Trial lesson,Jiali Khee,119.9,2025-05-27
100003382,2025-06-06,10 Lesson Pack (Jiali Khee.),lesson,lesson,10 lesson,Jiali Khee,981.0,2025-05-27
100003382,2025-06-06,10 Practice Credits,practice,practice,10 practice,others,156.96,2025-05-27
100003383,2025-05-27,25 Practice Credits,practice,practice,25 practice,others,408.75,2025-05-27
100003384,2025-05-27,5 Semi Private (1:2 Lesson) W/ Desmond Tan,lesson,lesson,5 group lesson,Desmond Tan,1373.4,2025-05-27
100003384,2025-05-27,Group Trial Desmond,trial,trial,Group Trial,Desmond Tan,196.2,2025-05-27
100003384,2025-07-08,10 Practice Credits,practice,practice,10 practice,others,174.4,2025-05-27
100003385,2025-05-27,30 Mins Practice Credit,practice,practice,30 mins practice,others,21.8,2025-05-27
100003385,2025-06-09,30 Mins Practice Credit,practice,practice,30 mins practice,others,21.8,2025-05-27
100003386,2025-05-20,Trial Lesson W/ Johnson Poh,trial,trial,Trial lesson,Johnson Poh,119.9,2025-05-20
100003386,2025-05-27,10 Lesson Pack  (Johnson Poh),lesson,lesson,10 lesson,Johnson Poh,981.0,2025-05-20
100003386,2025-05-27,10 Practice Credits,practice,practice,10 practice,others,156.96,2025-05-20
100003386,2025-08-03,10 Lesson Pack  (Johnson Poh),lesson,lesson,10 lesson,Johnson Poh,981.0,2025-05-20
100003387,2025-05-28,10 Semi Private (1:2 Lesson) w/ Jiali Khee,lesson,lesson,10 group lesson,Jiali Khee,2594.2,2025-05-28
100003387,2025-05-28,Group Trial Jiali,trial,trial,Group Trial,Jiali Khee,196.2,2025-05-28
100003387,2025-06-03,50 Practice Credits,practice,practice,50 practice,others,648.55,2025-05-28
100003387,2025-07-23,20 Lesson Pack (Jiali Khee.),lesson,lesson,20 lesson,Jiali Khee,1853.0,2025-05-28
100003388,2025-05-28,Trial Lesson W/ Kim On You,trial,trial,Trial lesson,Kim On You,119.9,2025-05-28
100003388,2025-06-16,20 Lesson Pack (Kim On You),lesson,lesson,20 lesson,Kim On You,1853.0,2025-05-28
100003388,2025-06-16,25 Practice Credits,practice,practice,25 practice,others,347.44,2025-05-28
100003389,2025-05-28,10 Practice Credits,practice,practice,10 practice,others,174.4,2025-05-28
100003390,2025-05-29,30 Mins Practice Credit,practice,practice,30 mins practice,others,21.8,2025-05-29
100003390,2025-06-03,30 Mins Practice Credit,practice,practice,30 mins practice,others,21.8,2025-05-29
100003390,2025-06-05,30 Mins Practice Credit,practice,practice,30 mins practice,others,21.8,2025-05-29
100003390,2025-06-10,30 Mins Practice Credit,practice,practice,30 mins practice,others,21.8,2025-05-29
100003390,2025-06-12,10 Practice Credits,practice,practice,10 practice,others,174.4,2025-05-29
100003391,2025-05-29,Golfzon 9 Holes - 4 Pax,play,play,Golfzon,others,174.4,2025-05-29
100003391,2025-07-01,Golfzon 9 Holes - 4 Pax,play,play,Golfzon,others,174.4,2025-05-29
100003392,2025-05-29,30 Mins Practice Credit,practice,practice,30 mins practice,others,21.8,2025-05-29
100003392,2025-07-18,Golfzon 18 Holes - 1 Pax,play,play,Golfzon,others,54.5,2025-05-29
100003393,2025-05-29,60 Mins Practise,practice,practice,60 mins practice,others,43.6,2025-05-29
100003393,2025-07-04,30 Mins Practice Credit,practice,practice,30 mins practice,others,21.8,2025-05-29
100003393,2025-07-16,30 Mins Practice Credit,practice,practice,30 mins practice,others,21.8,2025-05-29
100003393,2025-07-25,90 Mins practice,practice,practice,90 mins practice,others,65.4,2025-05-29
100003394,2025-05-29,10 Practice Credits,practice,practice,10 practice,others,174.4,2025-05-29
100003395,2025-01-18,Trial Lesson W/ Paul F,trial,trial,Trial lesson,Paul Finch,119.9,2025-01-18
100003395,2025-03-11,Trial Lesson w/ Jasper ,trial,trial,Trial lesson,Jasper Park,119.9,2025-01-18
100003395,2025-04-10,30 Mins 1:1 Lesson W/ Jasper,lesson,lesson,30 mins lesson,Jasper Park,119.9,2025-01-18
100003395,2025-05-29,Trial Lesson W/ Johnson Poh,trial,trial,Trial lesson,Johnson Poh,119.9,2025-01-18
100003395,2025-06-02,30 Mins 1:1 Lesson W/ Johnson Poh,lesson,lesson,30 mins lesson,Johnson Poh,119.9,2025-01-18
100003395,2025-06-08,Trial Lesson W/ Desmond Tan,trial,trial,Trial lesson,Desmond Tan,119.9,2025-01-18
100003396,2025-05-29,30 Mins Practice Credit,practice,practice,30 mins practice,others,21.8,2025-05-29
100003397,2025-05-29,Group Trial Desmond,trial,trial,Group Trial,Desmond Tan,196.2,2025-05-29
100003398,2025-05-29,60 Mins Practise,practice,practice,60 mins practice,others,43.6,2025-05-29
100003398,2025-06-07,Trial Lesson w/ Jasper,trial,trial,Trial lesson,Jasper Park,119.9,2025-05-29
100003398,2025-07-26,30 Mins Practice Credit,practice,practice,30 mins practice,others,21.8,2025-05-29
100003399,2025-05-29,10 Practice Credits,practice,practice,10 practice,others,174.4,2025-05-29
100003400,2025-05-29,30 Mins Practice Credit,practice,practice,30 mins practice,others,21.8,2025-05-29
100003400,2025-06-08,30 Mins Practice Credit,practice,practice,30 mins practice,others,21.8,2025-05-29
100003401,2025-05-30,Trial Lesson W/ Desmond Tan,trial,trial,Trial lesson,Desmond Tan,119.9,2025-05-30
100003402,2025-03-24,30 Mins Practice Credit,practice,practice,30 mins practice,others,21.8,2025-03-24
100003402,2025-03-24,Trial Lesson W/ Jiali Khee,trial,trial,Trial lesson,Jiali Khee,119.9,2025-03-24
100003402,2025-05-30,Trial Lesson W/ Joey Poh,trial,trial,Trial lesson,Joey Poh,119.9,2025-03-24
100003402,2025-05-31,10 Lesson Pack (Joey Poh.),lesson,lesson,10 lesson,Joey Poh,981.0,2025-03-24
100003402,2025-05-31,25 Practice Credits,practice,practice,25 practice,others,367.87,2025-03-24
100003402,2025-07-31,Golfzon 9 Holes - 2 Pax,play,play,Golfzon,others,43.6,2025-03-24
100003403,2025-05-30,30 Mins Practice Credit,practice,practice,30 mins practice,others,21.8,2025-05-30
100003404,2025-05-30,30 Mins Practice Credit,practice,practice,30 mins practice,others,21.8,2025-05-30
100003405,2025-05-30,60 Mins Practise,practice,practice,60 mins practice,others,43.6,2025-05-30
100003406,2025-05-30,25 Practice Credits,practice,practice,25 practice,others,408.75,2025-05-30
100003407,2025-05-30,25 Practice Credits,practice,practice,25 practice,others,408.75,2025-05-30
100003408,2025-05-31,30 Mins Practice Credit,practice,practice,30 mins practice,others,21.8,2025-05-31
100003408,2025-06-23,30 Mins Practice Credit,practice,practice,30 mins practice,others,21.8,2025-05-31
100003410,2025-05-31,Group Trial Jasper,trial,trial,Group Trial,Jasper Park,196.2,2025-05-31
100003411,2025-05-31,30 Mins Practice Credit,practice,practice,30 mins practice,others,43.6,2025-05-31
100003411,2025-08-16,30 Mins Practice Credit,practice,practice,30 mins practice,others,43.6,2025-05-31
100003412,2025-05-31,Trial Lesson W/ Jiali Khee,trial,trial,Trial lesson,Jiali Khee,119.9,2025-05-31
100003412,2025-06-02,10 Lesson Pack (Jiali Khee.),lesson,lesson,10 lesson,Jiali Khee,981.0,2025-05-31
100003413,2025-05-31,30 Mins Practice Credit,practice,practice,30 mins practice,others,21.8,2025-05-31
100003413,2025-07-05,30 Mins Practice Credit,practice,practice,30 mins practice,others,21.8,2025-05-31
100003414,2025-05-31,10 Practice Credits,practice,practice,10 practice,others,174.4,2025-05-31
100003415,2025-05-31,30 Mins Practice Credit,practice,practice,30 mins practice,others,43.6,2025-05-31
100003416,2025-05-31,10 Practice Credits,practice,practice,10 practice,others,174.4,2025-05-31
100003417,2025-06-01,10 Practice Credits,practice,practice,10 practice,others,174.4,2025-06-01
100003418,2025-06-01,10 Practice Credits,practice,practice,10 practice,others,174.4,2025-06-01
100003419,2025-06-01,30 Mins Practice Credit,practice,practice,30 mins practice,others,21.8,2025-06-01
100003420,2025-06-01,Trial Lesson W/ Jiali Khee,trial,trial,Trial lesson,Jiali Khee,119.9,2025-06-01
100003421,2025-06-01,Trial Lesson W/ Kim On You,trial,trial,Trial lesson,Kim On You,119.9,2025-06-01
100003421,2025-06-08,20 Lesson Pack (Kim On You),lesson,lesson,20 lesson,Kim On You,1853.0,2025-06-01
100003421,2025-06-08,50 Practice Credits,practice,practice,50 practice,others,648.55,2025-06-01
100003422,2025-06-01,Trial Lesson W/ Paul F,trial,trial,Trial lesson,Paul Finch,119.9,2025-06-01
100003422,2025-06-07,30 Mins Practice Credit,practice,practice,30 mins practice,others,21.8,2025-06-01
100003422,2025-06-07,60 Mins Practise,practice,practice,60 mins practice,others,43.6,2025-06-01
100003422,2025-06-14,10 Lesson Pack (Paul Finch),lesson,lesson,10 lesson,Paul Finch,981.0,2025-06-01
100003422,2025-06-14,10 Practice Credits,practice,practice,10 practice,others,156.96,2025-06-01
100003423,2025-06-01,30 Mins Practice Credit,practice,practice,30 mins practice,others,21.8,2025-06-01
100003424,2025-06-02,10 Practice Credits,practice,practice,10 practice,others,174.4,2025-06-02
100003425,2025-06-02,60 Mins Practise,practice,practice,60 mins practice,others,43.6,2025-06-02
100003427,2025-06-06,10 Practice Credits,practice,practice,10 practice,others,174.4,2025-06-06
100003428,2025-06-02,Trial Lesson W/ Desmond Tan,trial,trial,Trial lesson,Desmond Tan,119.9,2025-06-02
100003429,2025-06-02,Trial Lesson W/ Jiali Khee,trial,trial,Trial lesson,Jiali Khee,119.9,2025-06-02
100003429,2025-06-03,20 Lesson Pack (Jiali Khee.),lesson,lesson,20 lesson,Jiali Khee,1853.0,2025-06-02
100003429,2025-06-03,25 Practice Credits,practice,practice,25 practice,others,347.44,2025-06-02
100003430,2025-06-02,Trial Lesson W/ Desmond Tan,trial,trial,Trial lesson,Desmond Tan,119.9,2025-06-02
100003431,2025-06-02,100 Practice Credits,practice,practice,100 practice,others,1417.0,2025-06-02
100003432,2025-06-02,60 Mins Practise,practice,practice,60 mins practice,others,43.6,2025-06-02
100003432,2025-07-10,60 Mins Practise,practice,practice,60 mins practice,others,43.6,2025-06-02
100003434,2025-06-03,Trial Lesson W/ Desmond Tan,trial,trial,Trial lesson,Desmond Tan,119.9,2025-06-03
100003434,2025-06-06,10 Lesson Pack (Desmond Tan),lesson,lesson,10 lesson,Desmond Tan,981.0,2025-06-03
100003434,2025-06-06,10 Practice Credits,practice,practice,10 practice,others,156.96,2025-06-03
100003434,2025-07-05,10 Practice Credits,practice,practice,10 practice,others,174.4,2025-06-03
100003434,2025-08-03,10 Practice Credits,practice,practice,10 practice,others,174.4,2025-06-03
100003436,2025-06-03,10 Lesson Pack (Kim On You),lesson,lesson,10 lesson,Kim On You,981.0,2025-06-03
100003436,2025-06-03,10 Practice Credits,practice,practice,10 practice,others,156.96,2025-06-03
100003436,2025-07-03,10 Practice Credits,practice,practice,10 practice,others,174.4,2025-06-03
100003436,2025-08-07,25 Practice Credits,practice,practice,25 practice,others,408.75,2025-06-03
100003437,2025-06-04,30 Mins Practice Credit,practice,practice,30 mins practice,others,21.8,2025-06-04
100003438,2025-06-04,30 Mins Practice Credit,practice,practice,30 mins practice,others,21.8,2025-06-04
100003439,2025-06-04,10 Practice Credits,practice,practice,10 practice,others,174.4,2025-06-04
100003439,2025-07-30,10 Practice Credits,practice,practice,10 practice,others,174.4,2025-06-04
100003440,2025-06-04,10 Practice Credits,practice,practice,10 practice,others,174.4,2025-06-04
100003441,2025-06-04,30 Mins Practice Credit,practice,practice,30 mins practice,others,21.8,2025-06-04
100003442,2025-06-04,10 Practice Credits,practice,practice,10 practice,others,174.4,2025-06-04
100003443,2025-06-05,Trial Lesson W/ Paul F,trial,trial,Trial lesson,Paul Finch,119.9,2025-06-05
100003444,2024-10-29,10 Practice Credits,practice,practice,10 practice,others,0.0,2024-10-29
100003445,2025-06-05,30 Mins Practice Credit,practice,practice,30 mins practice,others,21.8,2025-06-05
100003446,2025-06-05,10 Practice Credits,practice,practice,10 practice,others,174.4,2025-06-05
100003446,2025-07-08,25 Practice Credits,practice,practice,25 practice,others,408.75,2025-06-05
100003447,2025-06-05,Trial Lesson W/ Johnson Poh,trial,trial,Trial lesson,Johnson Poh,119.9,2025-06-05
100003447,2025-06-14,10 Lesson Pack  (Johnson Poh),lesson,lesson,10 lesson,Johnson Poh,981.0,2025-06-05
100003447,2025-06-14,10 Practice Credits,practice,practice,10 practice,others,156.96,2025-06-05
100003448,2025-06-05,Trial Lesson W/ Joey Poh,trial,trial,Trial lesson,Joey Poh,119.9,2025-06-05
100003448,2025-06-12,10 Lesson Pack (Joey Poh.),lesson,lesson,10 lesson,Joey Poh,981.0,2025-06-05
100003448,2025-06-12,10 Practice Credits,practice,practice,10 practice,others,156.96,2025-06-05
100003448,2025-08-10,10 Lesson Pack (Joey Poh.),lesson,lesson,10 lesson,Joey Poh,981.0,2025-06-05
100003449,2025-06-05,60 Mins Practise,practice,practice,60 mins practice,others,87.2,2025-06-05
100003450,2025-06-06,Trial Lesson W/ Johnson Poh,trial,trial,Trial lesson,Johnson Poh,119.9,2025-06-06
100003450,2025-07-06,20 Lesson Pack (Johnson Poh),lesson,lesson,20 lesson,Johnson Poh,1853.0,2025-06-06
100003450,2025-07-06,25 Practice Credits,practice,practice,25 practice,others,347.44,2025-06-06
100003451,2025-06-06,60 Mins Practise,practice,practice,60 mins practice,others,43.6,2025-06-06
100003451,2025-06-06,Trial Lesson W/ Paul F,trial,trial,Trial lesson,Paul Finch,119.9,2025-06-06
100003451,2025-06-07,100 Practice Credits,practice,practice,100 practice,others,1417.0,2025-06-06
100003451,2025-06-11,Golfzon 18 Holes - 2 Pax,play,play,Golfzon,others,130.8,2025-06-06
100003451,2025-06-21,Golfzon 18 Holes - 3 Pax,play,play,Golfzon,others,196.2,2025-06-06
100003452,2025-06-06,Trial Lesson W/ Desmond Tan,trial,trial,Trial lesson,Desmond Tan,119.9,2025-06-06
100003453,2025-06-06,Trial Lesson W/ Paul F,trial,trial,Trial lesson,Paul Finch,119.9,2025-06-06
100003453,2025-06-17,10 Lesson Pack (Paul Finch),lesson,lesson,10 lesson,Paul Finch,981.0,2025-06-06
100003453,2025-06-17,50 Practice Credits,practice,practice,50 practice,others,686.7,2025-06-06
100003455,2025-06-06,Trial Lesson W/ Paul F,trial,trial,Trial lesson,Paul Finch,119.9,2025-06-06
100003455,2025-06-28,30 Mins Practice Credit,practice,practice,30 mins practice,others,21.8,2025-06-06
100003455,2025-07-05,10 Lesson Pack (Paul Finch),lesson,lesson,10 lesson,Paul Finch,981.0,2025-06-06
100003455,2025-08-02,30 Mins Practice Credit,practice,practice,30 mins practice,others,21.8,2025-06-06
100003456,2025-08-02,10 Lesson Pack  (Johnson Poh),lesson,lesson,10 lesson,Johnson Poh,981.0,2025-08-02
100003456,2025-08-12,10 Practice Credits,practice,practice,10 practice,others,174.4,2025-08-02
100003457,2025-06-06,Trial Lesson W/ Paul F,trial,trial,Trial lesson,Paul Finch,119.9,2025-06-06
100003457,2025-06-14,60 Mins Practise,practice,practice,60 mins practice,others,43.6,2025-06-06
100003458,2025-06-07,Group Trial Johnson,trial,trial,Group Trial,Johnson Poh,196.2,2025-06-07
100003458,2025-06-13,10 Semi Private (1:2 Lesson) w/ Johnson Poh,lesson,lesson,10 group lesson,Johnson Poh,2594.2,2025-06-07
100003458,2025-06-13,25 Practice Credits,practice,practice,25 practice,others,347.44,2025-06-07
100003459,2025-06-07,60 Mins Practise,practice,practice,60 mins practice,others,87.2,2025-06-07
100003459,2025-06-07,Trial Lesson W/ Paul F,trial,trial,Trial lesson,Paul Finch,119.9,2025-06-07
100003459,2025-06-27,10 Practice Credits,practice,practice,10 practice,others,174.4,2025-06-07
100003460,2025-06-07,10 Practice Credits,practice,practice,10 practice,others,174.4,2025-06-07
100003461,2025-06-07,Trial Lesson W/ Johnson Poh,trial,trial,Trial lesson,Johnson Poh,119.9,2025-06-07
100003462,2025-06-10,25 Practice Credits,practice,practice,25 practice,others,817.5,2025-06-10
100003463,2025-06-07,10 Practice Credits,practice,practice,10 practice,others,174.4,2025-06-07
100003463,2025-06-13,10 Lesson Pack (Jiali Khee.),lesson,lesson,10 lesson,Jiali Khee,981.0,2025-06-07
100003463,2025-06-13,10 Practice Credits,practice,practice,10 practice,others,156.96,2025-06-07
100003463,2025-06-13,Trial Lesson W/ Jiali Khee,trial,trial,Trial lesson,Jiali Khee,119.9,2025-06-07
100003464,2025-06-07,30 Mins Practice Credit,practice,practice,30 mins practice,others,43.6,2025-06-07
100003465,2025-06-07,30 Mins Practice Credit,practice,practice,30 mins practice,others,87.2,2025-06-07
100003465,2025-06-21,30 Mins Practice Credit,practice,practice,30 mins practice,others,65.4,2025-06-07
100003465,2025-06-26,30 Mins Practice Credit,practice,practice,30 mins practice,others,21.8,2025-06-07
100003465,2025-06-28,30 Mins Practice Credit,practice,practice,30 mins practice,others,21.8,2025-06-07
100003465,2025-06-29,30 Mins Practice Credit,practice,practice,30 mins practice,others,21.8,2025-06-07
100003465,2025-07-03,30 Mins Practice Credit,practice,practice,30 mins practice,others,21.8,2025-06-07
100003465,2025-07-28,30 Mins Practice Credit,practice,practice,30 mins practice,others,21.8,2025-06-07
100003465,2025-08-04,30 Mins Practice Credit,practice,practice,30 mins practice,others,43.6,2025-06-07
100003465,2025-08-05,10 Practice Credits,practice,practice,10 practice,others,174.4,2025-06-07
100003465,2025-08-22,30 Mins Practice Credit,practice,practice,30 mins practice,others,43.6,2025-06-07
100003466,2025-06-07,10 Practice Credits,practice,practice,10 practice,others,174.4,2025-06-07
100003467,2025-07-07,10 Lesson Pack (Jasper  Park),lesson,lesson,10 lesson,Jasper Park,981.0,2025-07-07
100003467,2025-07-07,10 Practice Credits,practice,practice,10 practice,others,156.96,2025-07-07
100003467,2025-07-07,Trial Lesson w/ Jasper,trial,trial,Trial lesson,Jasper Park,119.9,2025-07-07
100003467,2025-08-10,10 Practice Credits,practice,practice,10 practice,others,174.4,2025-07-07
100003468,2025-06-07,10 Practice Credits,practice,practice,10 practice,others,65.4,2025-06-07
100003469,2025-06-07,25 Practice Credits,practice,practice,25 practice,others,408.75,2025-06-07
100003470,2025-06-07,Trial Lesson W/ Desmond Tan,trial,trial,Trial lesson,Desmond Tan,119.9,2025-06-07
100003470,2025-06-21,10 Lesson Pack (Desmond Tan),lesson,lesson,10 lesson,Desmond Tan,981.0,2025-06-07
100003470,2025-06-21,10 Practice Credits,practice,practice,10 practice,others,156.96,2025-06-07
100003471,2025-06-07,10 Practice Credits,practice,practice,10 practice,others,0.0,2025-06-07
100003473,2025-06-08,Group Trial Joey,trial,trial,Group Trial,Joey Poh,196.2,2025-06-08
100003474,2025-06-08,Trial Lesson W/ Paul F,trial,trial,Trial lesson,Paul Finch,119.9,2025-06-08
100003475,2025-06-08,10 Practice Credits,practice,practice,10 practice,others,174.4,2025-06-08
100003476,2025-06-08,30 Mins Practice Credit,practice,practice,30 mins practice,others,21.8,2025-06-08
100003478,2025-06-08,Trial Lesson W/ Paul F,trial,trial,Trial lesson,Paul Finch,119.9,2025-06-08
100003478,2025-06-11,10 Lesson Pack (Paul Finch),lesson,lesson,10 lesson,Paul Finch,981.0,2025-06-08
100003478,2025-06-11,10 Practice Credits,practice,practice,10 practice,others,156.96,2025-06-08
100003478,2025-08-02,10 Lesson Pack (Paul Finch),lesson,lesson,10 lesson,Paul Finch,981.0,2025-06-08
100003478,2025-08-02,10 Practice Credits,practice,practice,10 practice,others,156.96,2025-06-08
100003479,2025-06-08,Trial Lesson W/ Paul F,trial,trial,Trial lesson,Paul Finch,119.9,2025-06-08
100003479,2025-06-14,10 Lesson Pack (Paul Finch),lesson,lesson,10 lesson,Paul Finch,981.0,2025-06-08
100003479,2025-06-14,50 Practice Credits,practice,practice,50 practice,others,686.7,2025-06-08
100003480,2025-06-08,25 Practice Credits,practice,practice,25 practice,others,408.75,2025-06-08
100003481,2025-06-08,60 Mins Practise,practice,practice,60 mins practice,others,43.6,2025-06-08
100003483,2025-06-08,Golfzon 18 Holes - 3 Pax,play,play,Golfzon,others,196.2,2025-06-08
100003484,2025-06-08,Trial Lesson W/ Joey Poh,trial,trial,Trial lesson,Joey Poh,119.9,2025-06-08
100003485,2025-06-08,Trial Lesson W/ Johnson Poh,trial,trial,Trial lesson,Johnson Poh,119.9,2025-06-08
100003485,2025-07-24,60 Mins Practise,practice,practice,60 mins practice,others,43.6,2025-06-08
100003486,2025-06-09,60 Mins Practise,practice,practice,60 mins practice,others,43.6,2025-06-09
100003486,2025-08-11,30 Mins Practice Credit,practice,practice,30 mins practice,others,43.6,2025-06-09
100003487,2025-06-09,60 Mins Practise,practice,practice,60 mins practice,others,43.6,2025-06-09
100003488,2025-06-09,60 Mins Practise,practice,practice,60 mins practice,others,43.6,2025-06-09
100003488,2025-06-09,Golfzon 9 Holes - 3 Pax,play,play,Golfzon,others,130.8,2025-06-09
100003489,2024-10-26,20 Lesson Pack  (Joey Poh),lesson,lesson,20 lesson,Joey Poh,0.0,2024-10-26
100003489,2024-10-26,25 Practice Credits,practice,practice,25 practice,others,0.0,2024-10-26
100003489,2025-06-22,10 Lesson Pack (Joey Poh.),lesson,lesson,10 lesson,Joey Poh,981.0,2024-10-26
100003490,2025-06-09,30 Mins Practice Credit,practice,practice,30 mins practice,others,21.8,2025-06-09
100003490,2025-07-18,30 Mins Practice Credit,practice,practice,30 mins practice,others,21.8,2025-06-09
100003490,2025-08-22,30 Mins Practice Credit,practice,practice,30 mins practice,others,21.8,2025-06-09
100003491,2025-06-09,30 Mins Practice Credit,practice,practice,30 mins practice,others,21.8,2025-06-09
100003491,2025-06-13,10 Practice Credits,practice,practice,10 practice,others,174.4,2025-06-09
100003492,2025-06-09,30 Mins Practice Credit,practice,practice,30 mins practice,others,43.6,2025-06-09
100003493,2025-05-25,10 Practice Credits,practice,practice,10 practice,others,174.4,2025-05-25
100003493,2025-06-10,Trial Lesson W/ Desmond Tan,trial,trial,Trial lesson,Desmond Tan,119.9,2025-05-25
100003494,2025-06-10,10 Practice Credits,practice,practice,10 practice,others,174.4,2025-06-10
100003495,2025-06-10,Group Trial Paul,trial,trial,Group Trial,Paul Finch,196.2,2025-06-10
100003496,2025-06-20,30 Mins Practice Credit,practice,practice,30 mins practice,others,43.6,2025-06-20
100003497,2025-06-10,60 Mins Practise,practice,practice,60 mins practice,others,43.6,2025-06-10
100003498,2025-06-10,10 Practice Credits,practice,practice,10 practice,others,174.4,2025-06-10
100003499,2025-06-10,60 Mins Practise,practice,practice,60 mins practice,others,43.6,2025-06-10
100003500,2025-06-10,10 Practice Credits,practice,practice,10 practice,others,174.4,2025-06-10
100003500,2025-06-11,Trial Lesson W/ Desmond Tan,trial,trial,Trial lesson,Desmond Tan,119.9,2025-06-10
100003501,2025-06-11,30 Mins Practice Credit,practice,practice,30 mins practice,others,21.8,2025-06-11
100003501,2025-06-11,Trial Lesson W/ Johnson Poh,trial,trial,Trial lesson,Johnson Poh,119.9,2025-06-11
100003502,2025-06-11,10 Practice Credits,practice,practice,10 practice,others,174.4,2025-06-11
100003503,2025-06-11,30 Mins Practice Credit,practice,practice,30 mins practice,others,21.8,2025-06-11
100003504,2025-06-11,20 Lesson Pack  (Joey Poh),lesson,lesson,20 lesson,Joey Poh,0.0,2025-06-11
100003504,2025-06-11,50 Practice Credits,practice,practice,50 practice,others,0.0,2025-06-11
100003505,2025-06-11,30 Mins Practice Credit,practice,practice,30 mins practice,others,21.8,2025-06-11
100003506,2025-06-15,Trial Lesson w/ Jasper ,trial,trial,Trial lesson,Jasper Park,119.9,2025-06-15
100003507,2025-06-11,30 Mins Practice Credit,practice,practice,30 mins practice,others,43.6,2025-06-11
100003509,2025-06-11,30 Mins Practice Credit,practice,practice,30 mins practice,others,21.8,2025-06-11
100003510,2025-06-12,30 Mins Practice Credit,practice,practice,30 mins practice,others,21.8,2025-06-12
100003510,2025-06-19,30 Mins Practice Credit,practice,practice,30 mins practice,others,21.8,2025-06-12
100003510,2025-06-21,30 Mins Practice Credit,practice,practice,30 mins practice,others,21.8,2025-06-12
100003510,2025-07-19,30 Mins Practice Credit,practice,practice,30 mins practice,others,21.8,2025-06-12
100003511,2025-06-12,30 Mins Practice Credit,practice,practice,30 mins practice,others,21.8,2025-06-12
100003512,2025-06-12,30 Mins Practice Credit,practice,practice,30 mins practice,others,21.8,2025-06-12
100003513,2025-06-12,Trial Lesson W/ Jiali Khee,trial,trial,Trial lesson,Jiali Khee,119.9,2025-06-12
100003514,2025-06-12,10 Practice Credits,practice,practice,10 practice,others,174.4,2025-06-12
100003515,2025-06-12,Trial Lesson W/ Joey Poh,trial,trial,Trial lesson,Joey Poh,119.9,2025-06-12
100003516,2025-06-12,30 Mins Practice Credit,practice,practice,30 mins practice,others,21.8,2025-06-12
100003517,2025-06-12,60 Mins Practise,practice,practice,60 mins practice,others,87.2,2025-06-12
100003519,2025-06-17,10 Lesson Pack  (Johnson Poh),lesson,lesson,10 lesson,Johnson Poh,981.0,2025-06-17
100003519,2025-06-28,10 Practice Credits,practice,practice,10 practice,others,174.4,2025-06-17
100003520,2025-06-13,10 Practice Credits,practice,practice,10 practice,others,174.4,2025-06-13
100003521,2025-06-13,10 Practice Credits,practice,practice,10 practice,others,174.4,2025-06-13
100003523,2025-06-13,10 Lesson Pack (Jiali Khee.),lesson,lesson,10 lesson,Jiali Khee,981.0,2025-06-13
100003523,2025-06-13,Trial Lesson W/ Jiali Khee,trial,trial,Trial lesson,Jiali Khee,119.9,2025-06-13
100003524,2025-06-13,Trial Lesson W/ Johnson Poh,trial,trial,Trial lesson,Johnson Poh,119.9,2025-06-13
100003524,2025-06-28,10 Lesson Pack  (Johnson Poh),lesson,lesson,10 lesson,Johnson Poh,981.0,2025-06-13
100003524,2025-06-28,10 Practice Credits,practice,practice,10 practice,others,156.96,2025-06-13
100003525,2025-06-13,10 Practice Credits,practice,practice,10 practice,others,174.4,2025-06-13
100003526,2025-06-13,10 Lesson Pack (Paul Finch),lesson,lesson,10 lesson,Paul Finch,981.0,2025-06-13
100003526,2025-06-13,25 Practice Credits,practice,practice,25 practice,others,367.88,2025-06-13
100003527,2025-06-13,20 Lesson Pack (Jasper Park),lesson,lesson,20 lesson,Jasper Park,1667.7,2025-06-13
100003527,2025-06-13,25 Practice Credits,practice,practice,25 practice,others,306.56,2025-06-13
100003527,2025-06-13,Trial Lesson w/ Jasper,trial,trial,Trial lesson,Jasper Park,107.91,2025-06-13
100003528,2025-06-13,10 Practice Credits,practice,practice,10 practice,others,174.4,2025-06-13
100003529,2025-06-13,25 Practice Credits,practice,practice,25 practice,others,347.44,2025-06-13
100003530,2025-06-13,Trial Lesson W/ Paul F,trial,trial,Trial lesson,Paul Finch,119.9,2025-06-13
100003530,2025-06-18,10 Lesson Pack (Paul Finch),lesson,lesson,10 lesson,Paul Finch,981.0,2025-06-13
100003530,2025-06-18,10 Practice Credits,practice,practice,10 practice,others,156.96,2025-06-13
100003531,2025-06-14,Group Trial Johnson,trial,trial,Group Trial,Johnson Poh,196.2,2025-06-14
100003532,2025-06-14,60 Mins Practise,practice,practice,60 mins practice,others,43.6,2025-06-14
100003534,2025-06-14,10 Practice Credits,practice,practice,10 practice,others,174.4,2025-06-14
100003535,2025-06-14,30 Mins Practice Credit,practice,practice,30 mins practice,others,21.8,2025-06-14
100003535,2025-06-14,Trial Lesson W/ Desmond Tan,trial,trial,Trial lesson,Desmond Tan,119.9,2025-06-14
100003535,2025-06-14,Trial Lesson W/ Paul F,trial,trial,Trial lesson,Paul Finch,119.9,2025-06-14
100003535,2025-06-15,30 Mins Practice Credit,practice,practice,30 mins practice,others,21.8,2025-06-14
100003535,2025-06-22,10 Practice Credits,practice,practice,10 practice,others,174.4,2025-06-14
100003535,2025-07-04,10 Lesson Pack (Paul Finch),lesson,lesson,10 lesson,Paul Finch,981.0,2025-06-14
100003535,2025-07-04,50 Practice Credits,practice,practice,50 practice,others,686.7,2025-06-14
100003536,2025-06-14,30 Mins Practice Credit,practice,practice,30 mins practice,others,43.6,2025-06-14
100003537,2025-06-14,30 Mins Practice Credit,practice,practice,30 mins practice,others,21.8,2025-06-14
100003538,2025-06-14,10 Practice Credits,practice,practice,10 practice,others,174.4,2025-06-14
100003538,2025-06-14,30 Mins Practice Credit,practice,practice,30 mins practice,others,21.8,2025-06-14
100003538,2025-06-30,10 Practice Credits,practice,practice,10 practice,others,174.4,2025-06-14
100003539,2025-06-14,Trial Lesson W/ Johnson Poh,trial,trial,Trial lesson,Johnson Poh,119.9,2025-06-14
100003540,2025-06-14,Trial Lesson W/ Johnson Poh,trial,trial,Trial lesson,Johnson Poh,119.9,2025-06-14
100003540,2025-06-29,10 Lesson Pack  (Johnson Poh),lesson,lesson,10 lesson,Johnson Poh,981.0,2025-06-14
100003540,2025-07-12,10 Practice Credits,practice,practice,10 practice,others,174.4,2025-06-14
100003541,2025-06-14,10 Practice Credits,practice,practice,10 practice,others,174.4,2025-06-14
100003542,2025-06-14,20 Lesson Pack (Kim On You),lesson,lesson,20 lesson,Kim On You,1853.0,2025-06-14
100003542,2025-06-14,25 Practice Credits,practice,practice,25 practice,others,347.44,2025-06-14
100003543,2025-06-15,Golfzon 9 Holes - 2 Pax,play,play,Golfzon,others,87.2,2025-06-15
100003544,2025-06-15,10 Practice Credits,practice,practice,10 practice,others,174.4,2025-06-15
100003544,2025-06-24,10 Lesson Pack  (Johnson Poh),lesson,lesson,10 lesson,Johnson Poh,981.0,2025-06-15
100003544,2025-06-25,10 Lesson Pack (Joey Poh.),lesson,lesson,10 lesson,Joey Poh,981.0,2025-06-15
100003544,2025-07-15,25 Practice Credits,practice,practice,25 practice,others,408.75,2025-06-15
100003544,2025-08-07,10 Lesson Pack  (Johnson Poh),lesson,lesson,10 lesson,Johnson Poh,981.0,2025-06-15
100003544,2025-08-07,Golfzon 18 Holes - 1 Pax,play,play,Golfzon,others,54.5,2025-06-15
100003545,2025-06-15,Trial Lesson W/ Johnson Poh,trial,trial,Trial lesson,Johnson Poh,119.9,2025-06-15
100003546,2025-06-15,30 Mins Practice Credit,practice,practice,30 mins practice,others,21.8,2025-06-15
100003546,2025-06-22,25 Practice Credits,practice,practice,25 practice,others,408.75,2025-06-15
100003546,2025-08-01,Trial Lesson W/ Joey Poh,trial,trial,Trial lesson,Joey Poh,119.9,2025-06-15
100003547,2025-06-15,Trial Lesson W/ Jiali Khee,trial,trial,Trial lesson,Jiali Khee,119.9,2025-06-15
100003547,2025-06-18,10 Lesson Pack (Jiali Khee.),lesson,lesson,10 lesson,Jiali Khee,981.0,2025-06-15
100003547,2025-07-20,10 Lesson Pack (Jiali Khee.),lesson,lesson,10 lesson,Jiali Khee,981.0,2025-06-15
100003547,2025-07-20,10 Practice Credits,practice,practice,10 practice,others,156.96,2025-06-15
100003547,2025-08-07,10 Practice Credits,practice,practice,10 practice,others,174.4,2025-06-15
100003549,2025-06-15,10 Practice Credits,practice,practice,10 practice,others,174.4,2025-06-15
100003550,2025-06-15,30 Mins Practice Credit,practice,practice,30 mins practice,others,21.8,2025-06-15
100003550,2025-06-15,60 Mins Practise,practice,practice,60 mins practice,others,43.6,2025-06-15
100003551,2025-06-15,Trial Lesson W/ Jiali Khee,trial,trial,Trial lesson,Jiali Khee,119.9,2025-06-15
100003551,2025-08-14,Trial Lesson W/ Desmond Tan,trial,trial,Trial lesson,Desmond Tan,119.9,2025-06-15
100003551,2025-08-14,Trial Lesson W/ Jiali Khee,trial,trial,Trial lesson,Jiali Khee,-119.9,2025-06-15
100003552,2025-06-15,10 Practice Credits,practice,practice,10 practice,others,174.4,2025-06-15
100003553,2025-06-15,60 Mins Practise,practice,practice,60 mins practice,others,43.6,2025-06-15
100003554,2025-06-15,Trial Lesson W/ Johnson Poh,trial,trial,Trial lesson,Johnson Poh,119.9,2025-06-15
100003555,2025-06-15,Trial Lesson W/ Johnson Poh,trial,trial,Trial lesson,Johnson Poh,119.9,2025-06-15
100003556,2025-06-15,10 Practice Credits,practice,practice,10 practice,others,174.4,2025-06-15
100003556,2025-06-24,60 Mins Practise,practice,practice,60 mins practice,others,43.6,2025-06-15
100003556,2025-07-19,10 Practice Credits,practice,practice,10 practice,others,174.4,2025-06-15
100003557,2025-06-16,10 Practice Credits,practice,practice,10 practice,others,174.4,2025-06-16
100003558,2025-06-16,Trial Lesson W/ Desmond Tan,trial,trial,Trial lesson,Desmond Tan,119.9,2025-06-16
100003558,2025-06-21,10 Lesson Pack (Desmond Tan),lesson,lesson,10 lesson,Desmond Tan,981.0,2025-06-16
100003558,2025-06-21,10 Practice Credits,practice,practice,10 practice,others,156.96,2025-06-16
100003559,2025-06-16,30 Mins Practice Credit,practice,practice,30 mins practice,others,21.8,2025-06-16
100003560,2025-06-18,Trial Lesson W/ Paul F,trial,trial,Trial lesson,Paul Finch,119.9,2025-06-18
100003560,2025-06-20,10 Lesson Pack (Paul Finch),lesson,lesson,10 lesson,Paul Finch,981.0,2025-06-18
100003560,2025-06-20,10 Practice Credits,practice,practice,10 practice,others,156.96,2025-06-18
100003560,2025-07-02,Golfzon 9 Holes - 2 Pax,play,play,Golfzon,others,87.2,2025-06-18
100003561,2025-06-16,30 Mins Practice Credit,practice,practice,30 mins practice,others,43.6,2025-06-16
100003561,2025-07-06,30 Mins Practice Credit,practice,practice,30 mins practice,others,43.6,2025-06-16
100003562,2025-06-17,30 Mins Practice Credit,practice,practice,30 mins practice,others,21.8,2025-06-17
100003562,2025-06-17,Trial Lesson W/ Kim On You,trial,trial,Trial lesson,Kim On You,119.9,2025-06-17
100003562,2025-06-19,30 Mins Practice Credit,practice,practice,30 mins practice,others,21.8,2025-06-17
100003562,2025-06-20,10 Lesson Pack (Kim On You),lesson,lesson,10 lesson,Kim On You,981.0,2025-06-17
100003562,2025-06-20,10 Practice Credits,practice,practice,10 practice,others,156.96,2025-06-17
100003562,2025-08-14,30 Mins Practice Credit,practice,practice,30 mins practice,others,21.8,2025-06-17
100003562,2025-08-15,60 Mins Practise,practice,practice,60 mins practice,others,43.6,2025-06-17
100003563,2025-06-17,Group Trial Johnson,trial,trial,Group Trial,Johnson Poh,196.2,2025-06-17
100003563,2025-07-13,10 Practice Credits,practice,practice,10 practice,others,313.92,2025-06-17
100003563,2025-07-13,5 Semi Private (1:2 Lesson) w/ Johnson Poh.,lesson,lesson,5 group lesson,Johnson Poh,1373.4,2025-06-17
100003564,2025-06-17,25 Practice Credits,practice,practice,25 practice,others,408.75,2025-06-17
100003565,2025-06-18,30 Mins Practice Credit,practice,practice,30 mins practice,others,21.8,2025-06-18
100003566,2025-06-18,30 Mins Practice Credit,practice,practice,30 mins practice,others,21.8,2025-06-18
100003567,2025-06-18,10 Practice Credits,practice,practice,10 practice,others,174.4,2025-06-18
100003568,2025-06-18,30 Mins Practice Credit,practice,practice,30 mins practice,others,21.8,2025-06-18
100003568,2025-06-26,30 Mins Practice Credit,practice,practice,30 mins practice,others,21.8,2025-06-18
100003568,2025-06-30,60 Mins Practise,practice,practice,60 mins practice,others,43.6,2025-06-18
100003569,2025-06-18,30 Mins Practice Credit,practice,practice,30 mins practice,others,21.8,2025-06-18
100003570,2025-06-18,10 Practice Credits,practice,practice,10 practice,others,174.4,2025-06-18
100003571,2025-06-18,60 Mins Practise,practice,practice,60 mins practice,others,43.6,2025-06-18
100003572,2025-06-18,10 Practice Credits,practice,practice,10 practice,others,174.4,2025-06-18
100003573,2025-06-19,30 Mins Practice Credit,practice,practice,30 mins practice,others,43.6,2025-06-19
100003574,2025-06-20,Trial Lesson W/ Johnson Poh,trial,trial,Trial lesson,Johnson Poh,119.9,2025-06-20
100003574,2025-06-26,Trial Lesson W/ Joey Poh,trial,trial,Trial lesson,Joey Poh,119.9,2025-06-20
100003574,2025-06-28,Group Trial Joey,trial,trial,Group Trial,Joey Poh,76.3,2025-06-20
100003574,2025-06-28,Trial Lesson W/ Joey Poh,trial,trial,Trial lesson,Joey Poh,0.0,2025-06-20
100003574,2025-07-10,60 Mins Practise,practice,practice,60 mins practice,others,43.6,2025-06-20
100003574,2025-07-14,5 Semi Private (1:2 Lesson) w/ Joey Poh,lesson,lesson,5 group lesson,Joey Poh,1373.4,2025-06-20
100003577,2025-06-20,Group Trial Joey,trial,trial,Group Trial,Joey Poh,196.2,2025-06-20
100003579,2025-06-20,Group Trial Desmond,trial,trial,Group Trial,Desmond Tan,196.2,2025-06-20
100003580,2025-06-20,30 Mins Practice Credit,practice,practice,30 mins practice,others,43.6,2025-06-20
100003580,2025-06-22,30 Mins Practice Credit,practice,practice,30 mins practice,others,43.6,2025-06-20
100003580,2025-08-15,30 Mins Practice Credit,practice,practice,30 mins practice,others,65.4,2025-06-20
100003580,2025-08-16,10 Practice Credits,practice,practice,10 practice,others,174.4,2025-06-20
100003580,2025-08-16,30 Mins Practice Credit,practice,practice,30 mins practice,others,0.0,2025-06-20
100003580,2025-08-20,Golfzon 9 Holes - 4 Pax,play,play,Golfzon,others,174.4,2025-06-20
100003581,2025-06-20,30 Mins Practice Credit,practice,practice,30 mins practice,others,43.6,2025-06-20
100003582,2025-06-21,Trial Lesson W/ Desmond Tan,trial,trial,Trial lesson,Desmond Tan,119.9,2025-06-21
100003583,2025-06-20,30 Mins Practice Credit,practice,practice,30 mins practice,others,21.8,2025-06-20
100003583,2025-07-31,30 Mins Practice Credit,practice,practice,30 mins practice,others,21.8,2025-06-20
100003583,2025-08-05,30 Mins Practice Credit,practice,practice,30 mins practice,others,21.8,2025-06-20
100003584,2025-06-21,Trial Lesson W/ Paul F,trial,trial,Trial lesson,Paul Finch,119.9,2025-06-21
100003584,2025-07-05,30 Mins Practice Credit,practice,practice,30 mins practice,others,21.8,2025-06-21
100003585,2025-06-21,60 Mins Practise,practice,practice,60 mins practice,others,43.6,2025-06-21
100003585,2025-06-22,30 Mins Practice Credit,practice,practice,30 mins practice,others,21.8,2025-06-21
100003585,2025-08-09,10 Practice Credits,practice,practice,10 practice,others,174.4,2025-06-21
100003587,2025-06-21,30 Mins 1:1 Lesson W/ Johnson Poh,lesson,lesson,30 mins lesson,Johnson Poh,239.8,2025-06-21
100003587,2025-06-24,10 Practice Credits,practice,practice,10 practice,others,174.4,2025-06-21
100003588,2025-06-21,10 Practice Credits,practice,practice,10 practice,others,174.4,2025-06-21
100003589,2025-06-21,Trial Lesson W/ Johnson Poh,trial,trial,Trial lesson,Johnson Poh,119.9,2025-06-21
100003590,2025-06-21,30 Mins Practice Credit,practice,practice,30 mins practice,others,21.8,2025-06-21
100003590,2025-06-22,60 Mins Practise,practice,practice,60 mins practice,others,43.6,2025-06-21
100003590,2025-06-28,30 Mins Practice Credit,practice,practice,30 mins practice,others,21.8,2025-06-21
100003591,2025-06-21,10 Practice Credits,practice,practice,10 practice,others,174.4,2025-06-21
100003591,2025-08-10,25 Practice Credits,practice,practice,25 practice,others,408.75,2025-06-21
100003592,2025-06-22,10 Practice Credits,practice,practice,10 practice,others,174.4,2025-06-22
100003593,2025-06-22,Golfzon 9 Holes - 2 Pax,play,play,Golfzon,others,87.2,2025-06-22
100003594,2025-06-22,10 Lesson Pack (Jasper  Park),lesson,lesson,10 lesson,Jasper Park,0.0,2025-06-22
100003594,2025-06-22,25 Practice Credits,practice,practice,25 practice,others,408.75,2025-06-22
100003595,2025-06-22,Trial Lesson W/ Kim On You,trial,trial,Trial lesson,Kim On You,119.9,2025-06-22
100003596,2025-06-22,60 Mins Practise,practice,practice,60 mins practice,others,43.6,2025-06-22
100003596,2025-07-13,60 Mins Practise,practice,practice,60 mins practice,others,43.6,2025-06-22
100003597,2025-06-22,30 Mins Practice Credit,practice,practice,30 mins practice,others,43.6,2025-06-22
100003598,2025-06-22,10 Practice Credits,practice,practice,10 practice,others,174.4,2025-06-22
100003599,2025-06-22,Golfzon 9 Holes - 2 Pax,play,play,Golfzon,others,87.2,2025-06-22
100003600,2025-06-22,60 Mins Practise,practice,practice,60 mins practice,others,43.6,2025-06-22
100003600,2025-06-25,30 Mins Practice Credit,practice,practice,30 mins practice,others,43.6,2025-06-22
100003600,2025-06-26,30 Mins Practice Credit,practice,practice,30 mins practice,others,43.6,2025-06-22
100003600,2025-06-26,60 Mins Practise,practice,practice,60 mins practice,others,43.6,2025-06-22
100003601,2025-06-22,10 Lesson Pack (Paul Finch),lesson,lesson,10 lesson,Paul Finch,981.0,2025-06-22
100003601,2025-06-22,Trial Lesson W/ Paul F,trial,trial,Trial lesson,Paul Finch,119.9,2025-06-22
100003601,2025-07-04,10 Practice Credits,practice,practice,10 practice,others,156.96,2025-06-22
100003602,2025-06-23,60 Mins Practise,practice,practice,60 mins practice,others,43.6,2025-06-23
100003603,2025-06-23,10 Practice Credits,practice,practice,10 practice,others,174.4,2025-06-23
100003604,2025-06-23,60 Mins Practise,practice,practice,60 mins practice,others,43.6,2025-06-23
100003605,2025-06-23,10 Lesson Pack (Desmond Tan),lesson,lesson,10 lesson,Desmond Tan,981.0,2025-06-23
100003605,2025-06-23,10 Practice Credits,practice,practice,10 practice,others,156.96,2025-06-23
100003606,2025-06-23,30 Mins Practice Credit,practice,practice,30 mins practice,others,21.8,2025-06-23
100003607,2025-06-23,30 Mins Practice Credit,practice,practice,30 mins practice,others,21.8,2025-06-23
100003609,2025-06-24,30 Mins Practice Credit,practice,practice,30 mins practice,others,21.8,2025-06-24
100003610,2025-06-24,Trial Lesson W/ Aiko H,trial,trial,Trial lesson,Aiko H,119.9,2025-06-24
100003611,2025-06-24,30 Mins Practice Credit,practice,practice,30 mins practice,others,21.8,2025-06-24
100003611,2025-07-09,30 Mins Practice Credit,practice,practice,30 mins practice,others,21.8,2025-06-24
100003612,2025-06-24,30 Mins Practice Credit,practice,practice,30 mins practice,others,21.8,2025-06-24
100003613,2025-06-24,30 Mins Practice Credit,practice,practice,30 mins practice,others,21.8,2025-06-24
100003613,2025-07-01,30 Mins Practice Credit,practice,practice,30 mins practice,others,21.8,2025-06-24
100003613,2025-07-08,30 Mins Practice Credit,practice,practice,30 mins practice,others,21.8,2025-06-24
100003613,2025-07-15,30 Mins Practice Credit,practice,practice,30 mins practice,others,21.8,2025-06-24
100003613,2025-07-22,30 Mins Practice Credit,practice,practice,30 mins practice,others,21.8,2025-06-24
100003614,2025-06-24,10 Practice Credits,practice,practice,10 practice,others,174.4,2025-06-24
100003616,2025-06-25,30 Mins Practice Credit,practice,practice,30 mins practice,others,21.8,2025-06-25
100003616,2025-06-27,30 Mins Practice Credit,practice,practice,30 mins practice,others,21.8,2025-06-25
100003617,2025-06-25,Trial Lesson W/ Jiali Khee,trial,trial,Trial lesson,Jiali Khee,119.9,2025-06-25
100003617,2025-06-30,20 Lesson Pack (Jiali Khee.),lesson,lesson,20 lesson,Jiali Khee,1853.0,2025-06-25
100003618,2025-06-26,Trial Lesson W/ Johnson Poh,trial,trial,Trial lesson,Johnson Poh,119.9,2025-06-26
100003618,2025-07-16,10 Lesson Pack  (Johnson Poh),lesson,lesson,10 lesson,Johnson Poh,981.0,2025-06-26
100003618,2025-07-16,10 Practice Credits,practice,practice,10 practice,others,156.96,2025-06-26
100003619,2025-06-25,30 Mins Practice Credit,practice,practice,30 mins practice,others,43.6,2025-06-25
100003620,2025-06-26,30 Mins Practice Credit,practice,practice,30 mins practice,others,21.8,2025-06-26
100003620,2025-06-27,30 Mins Practice Credit,practice,practice,30 mins practice,others,21.8,2025-06-26
100003622,2025-06-26,10 Practice Credits,practice,practice,10 practice,others,174.4,2025-06-26
100003623,2025-06-26,30 Mins Practice Credit,practice,practice,30 mins practice,others,21.8,2025-06-26
100003625,2025-06-27,60 Mins Practise,practice,practice,60 mins practice,others,43.6,2025-06-27
100003625,2025-07-02,30 Mins Practice Credit,practice,practice,30 mins practice,others,21.8,2025-06-27
100003625,2025-07-04,60 Mins Practise,practice,practice,60 mins practice,others,43.6,2025-06-27
100003625,2025-08-21,30 Mins Practice Credit,practice,practice,30 mins practice,others,21.8,2025-06-27
100003626,2025-06-27,60 Mins Practise,practice,practice,60 mins practice,others,43.6,2025-06-27
100003627,2025-06-28,30 Mins Practice Credit,practice,practice,30 mins practice,others,43.6,2025-06-28
100003627,2025-07-04,30 Mins Practice Credit,practice,practice,30 mins practice,others,21.8,2025-06-28
100003628,2025-06-28,10 Practice Credits,practice,practice,10 practice,others,174.4,2025-06-28
100003629,2025-06-28,10 Practice Credits,practice,practice,10 practice,others,174.4,2025-06-28
100003632,2025-06-28,30 Mins Practice Credit,practice,practice,30 mins practice,others,0.0,2025-06-28
100003633,2025-06-28,30 Mins Practice Credit,practice,practice,30 mins practice,others,21.8,2025-06-28
100003634,2025-06-28,Trial Lesson W/ Desmond Tan,trial,trial,Trial lesson,Desmond Tan,119.9,2025-06-28
100003634,2025-07-01,10 Lesson Pack (Desmond Tan),lesson,lesson,10 lesson,Desmond Tan,981.0,2025-06-28
100003634,2025-07-01,10 Practice Credits,practice,practice,10 practice,others,156.96,2025-06-28
100003634,2025-08-18,Golfzon 9 Holes - 2 Pax,play,play,Golfzon,others,87.2,2025-06-28
100003635,2025-06-28,Trial Lesson W/ Desmond Tan,trial,trial,Trial lesson,Desmond Tan,119.9,2025-06-28
100003636,2025-06-29,60 Mins Practise,practice,practice,60 mins practice,others,43.6,2025-06-29
100003636,2025-07-03,30 Mins Practice Credit,practice,practice,30 mins practice,others,21.8,2025-06-29
100003637,2025-06-29,10 Practice Credits,practice,practice,10 practice,others,174.4,2025-06-29
100003638,2025-06-29,10 Practice Credits,practice,practice,10 practice,others,174.4,2025-06-29
100003639,2025-06-29,60 Mins Practise,practice,practice,60 mins practice,others,43.6,2025-06-29
100003639,2025-06-29,Golfzon 18 Holes - 1 Pax,play,play,Golfzon,others,109.0,2025-06-29
100003639,2025-07-06,Golfzon 18 Holes - 1 Pax,play,play,Golfzon,others,109.0,2025-06-29
100003639,2025-07-06,Golfzon 18 Holes - 2 Pax,play,play,Golfzon,others,65.4,2025-06-29
100003639,2025-07-12,60 Mins Practise,practice,practice,60 mins practice,others,43.6,2025-06-29
100003639,2025-07-13,Golfzon 18 Holes - 2 Pax,play,play,Golfzon,others,130.8,2025-06-29
100003639,2025-07-18,30 Mins Practice Credit,practice,practice,30 mins practice,others,43.6,2025-06-29
100003639,2025-07-24,30 Mins Practice Credit,practice,practice,30 mins practice,others,21.8,2025-06-29
100003639,2025-07-27,Golfzon 18 Holes - 2 Pax,play,play,Golfzon,others,130.8,2025-06-29
100003639,2025-08-03,Golfzon 18 Holes - 2 Pax,play,play,Golfzon,others,130.8,2025-06-29
100003640,2025-06-29,10 Practice Credits,practice,practice,10 practice,others,174.4,2025-06-29
100003641,2025-06-30,Trial Lesson W/ Kim On You,trial,trial,Trial lesson,Kim On You,119.9,2025-06-30
100003642,2025-06-29,30 Mins Practice Credit,practice,practice,30 mins practice,others,21.8,2025-06-29
100003643,2025-06-29,Trial Lesson W/ Johnson Poh,trial,trial,Trial lesson,Johnson Poh,119.9,2025-06-29
100003643,2025-08-02,10 Lesson Pack  (Johnson Poh),lesson,lesson,10 lesson,Johnson Poh,981.0,2025-06-29
100003643,2025-08-02,25 Practice Credits,practice,practice,25 practice,others,367.88,2025-06-29
100003644,2025-06-29,30 Mins Practice Credit,practice,practice,30 mins practice,others,21.8,2025-06-29
100003645,2025-06-29,30 Mins Practice Credit,practice,practice,30 mins practice,others,21.8,2025-06-29
100003645,2025-07-02,30 Mins Practice Credit,practice,practice,30 mins practice,others,21.8,2025-06-29
100003645,2025-08-01,30 Mins Practice Credit,practice,practice,30 mins practice,others,21.8,2025-06-29
100003646,2025-01-21,30 Mins Practice Credit,practice,practice,30 mins practice,others,21.8,2025-01-21
100003646,2025-01-26,10 Practice Credits,practice,practice,10 practice,others,174.4,2025-01-21
100003646,2025-03-15,10 Practice Credits,practice,practice,10 practice,others,174.4,2025-01-21
100003646,2025-06-28,10 Practice Credits,practice,practice,10 practice,others,174.4,2025-01-21
100003646,2025-06-29,Trial Lesson W/ Johnson Poh,trial,trial,Trial lesson,Johnson Poh,119.9,2025-01-21
100003646,2025-07-09,10 Practice Credits,practice,practice,10 practice,others,174.4,2025-01-21
100003647,2025-06-29,60 Mins Practise,practice,practice,60 mins practice,others,43.6,2025-06-29
100003648,2025-06-29,30 Mins Practice Credit,practice,practice,30 mins practice,others,21.8,2025-06-29
100003649,2025-06-29,60 Mins Practise,practice,practice,60 mins practice,others,43.6,2025-06-29
100003649,2025-06-30,60 Mins Practise,practice,practice,60 mins practice,others,43.6,2025-06-29
100003649,2025-07-01,60 Mins Practise,practice,practice,60 mins practice,others,43.6,2025-06-29
100003649,2025-07-02,30 Mins Practice Credit,practice,practice,30 mins practice,others,43.6,2025-06-29
100003649,2025-07-03,60 Mins Practise,practice,practice,60 mins practice,others,43.6,2025-06-29
100003649,2025-07-04,60 Mins Practise,practice,practice,60 mins practice,others,43.6,2025-06-29
100003649,2025-08-05,60 Mins Practise,practice,practice,60 mins practice,others,43.6,2025-06-29
100003649,2025-08-09,60 Mins Practise,practice,practice,60 mins practice,others,43.6,2025-06-29
100003650,2025-06-29,Trial Lesson W/ Johnson Poh,trial,trial,Trial lesson,Johnson Poh,119.9,2025-06-29
100003650,2025-07-13,10 Lesson Pack  (Johnson Poh),lesson,lesson,10 lesson,Johnson Poh,981.0,2025-06-29
100003650,2025-07-13,10 Practice Credits,practice,practice,10 practice,others,156.96,2025-06-29
100003650,2025-07-25,10 Practice Credits,practice,practice,10 practice,others,-156.96,2025-06-29
100003650,2025-07-25,25 Practice Credits,practice,practice,25 practice,others,367.88,2025-06-29
100003652,2025-07-01,Group Trial Johnson,trial,trial,Group Trial,Johnson Poh,196.2,2025-07-01
100003654,2025-06-30,60 Mins Practise,practice,practice,60 mins practice,others,43.6,2025-06-30
100003655,2025-06-30,60 Mins Practise,practice,practice,60 mins practice,others,43.6,2025-06-30
100003657,2025-07-01,30 Mins Practice Credit,practice,practice,30 mins practice,others,21.8,2025-07-01
100003658,2025-07-01,30 Mins Practice Credit,practice,practice,30 mins practice,others,21.8,2025-07-01
100003658,2025-07-02,30 Mins Practice Credit,practice,practice,30 mins practice,others,43.6,2025-07-01
100003658,2025-07-04,60 Mins Practise,practice,practice,60 mins practice,others,87.2,2025-07-01
100003658,2025-07-06,60 Mins Practise,practice,practice,60 mins practice,others,43.6,2025-07-01
100003658,2025-07-09,30 Mins Practice Credit,practice,practice,30 mins practice,others,21.8,2025-07-01
100003658,2025-07-21,30 Mins Practice Credit,practice,practice,30 mins practice,others,43.6,2025-07-01
100003658,2025-07-21,Trial Lesson W/ Paul F,trial,trial,Trial lesson,Paul Finch,119.9,2025-07-01
100003659,2025-07-01,Trial Lesson W/ Desmond Tan,trial,trial,Trial lesson,Desmond Tan,119.9,2025-07-01
100003661,2025-07-02,10 Practice Credits,practice,practice,10 practice,others,174.4,2025-07-02
100003662,2025-07-02,Trial Lesson W/ Johnson Poh,trial,trial,Trial lesson,Johnson Poh,119.9,2025-07-02
100003662,2025-07-19,20 Lesson Pack (Johnson Poh),lesson,lesson,20 lesson,Johnson Poh,1853.0,2025-07-02
100003662,2025-07-19,50 Practice Credits,practice,practice,50 practice,others,648.55,2025-07-02
100003663,2025-07-01,Trial Lesson W/ Johnson Poh,trial,trial,Trial lesson,Johnson Poh,119.9,2025-07-01
100003663,2025-07-02,20 Lesson Pack (Johnson Poh),lesson,lesson,20 lesson,Johnson Poh,1853.0,2025-07-01
100003663,2025-07-02,25 Practice Credits,practice,practice,25 practice,others,347.44,2025-07-01
100003665,2025-07-03,Trial Lesson W/ Desmond Tan,trial,trial,Trial lesson,Desmond Tan,119.9,2025-07-03
100003666,2025-07-12,10 Lesson Pack ( Aiko H),lesson,lesson,10 lesson,Aiko H,981.0,2025-07-12
100003666,2025-07-12,10 Practice Credits,practice,practice,10 practice,others,156.96,2025-07-12
100003667,2025-07-03,Trial Lesson W/ Aiko H,trial,trial,Trial lesson,Aiko H,119.9,2025-07-03
100003668,2025-07-04,Trial Lesson W/ Joey Poh,trial,trial,Trial lesson,Joey Poh,119.9,2025-07-04
100003670,2025-07-04,10 Practice Credits,practice,practice,10 practice,others,174.4,2025-07-04
100003671,2025-07-04,90 Mins practice,practice,practice,90 mins practice,others,65.4,2025-07-04
100003671,2025-07-05,30 Mins Practice Credit,practice,practice,30 mins practice,others,21.8,2025-07-04
100003672,2025-07-04,Trial Lesson W/ Kim On You,trial,trial,Trial lesson,Kim On You,119.9,2025-07-04
100003672,2025-07-11,10 Lesson Pack (Kim On You),lesson,lesson,10 lesson,Kim On You,981.0,2025-07-04
100003672,2025-07-11,10 Practice Credits,practice,practice,10 practice,others,156.96,2025-07-04
100003673,2025-07-04,10 Lesson Pack (Jiali Khee.),lesson,lesson,10 lesson,Jiali Khee,981.0,2025-07-04
100003673,2025-07-04,Trial Lesson W/ Jiali Khee,trial,trial,Trial lesson,Jiali Khee,119.9,2025-07-04
100003673,2025-07-14,30 Mins Practice Credit,practice,practice,30 mins practice,others,21.8,2025-07-04
100003673,2025-07-17,10 Lesson Pack (Desmond Tan),lesson,lesson,10 lesson,Desmond Tan,0.0,2025-07-04
100003673,2025-07-17,10 Lesson Pack (Jiali Khee.),lesson,lesson,10 lesson,Jiali Khee,0.0,2025-07-04
100003674,2025-07-04,30 Mins Practice Credit,practice,practice,30 mins practice,others,43.6,2025-07-04
100003675,2025-07-04,Trial Lesson W/ Joey Poh,trial,trial,Trial lesson,Joey Poh,119.9,2025-07-04
100003675,2025-07-05,30 Mins 1:1 Lesson W/ Joey Poh,lesson,lesson,30 mins lesson,Joey Poh,119.9,2025-07-04
100003675,2025-07-05,Trial Lesson W/ Joey Poh,trial,trial,Trial lesson,Joey Poh,0.0,2025-07-04
100003675,2025-07-06,10 Lesson Pack (Joey Poh.),lesson,lesson,10 lesson,Joey Poh,981.0,2025-07-04
100003676,2025-07-04,Trial Lesson W/ Jiali Khee,trial,trial,Trial lesson,Jiali Khee,119.9,2025-07-04
100003676,2025-07-14,10 Lesson Pack (Jiali Khee.),lesson,lesson,10 lesson,Jiali Khee,981.0,2025-07-04
100003677,2025-07-04,60 Mins Practise,practice,practice,60 mins practice,others,43.6,2025-07-04
100003677,2025-07-05,60 Mins Practise,practice,practice,60 mins practice,others,43.6,2025-07-04
100003678,2025-07-04,25 Practice Credits,practice,practice,25 practice,others,408.75,2025-07-04
100003679,2025-07-05,Golfzon 9 Holes - 2 Pax,play,play,Golfzon,others,87.2,2025-07-05
100003680,2025-07-04,10 Practice Credits,practice,practice,10 practice,others,174.4,2025-07-04
100003681,2025-07-05,Trial Lesson W/ Johnson Poh,trial,trial,Trial lesson,Johnson Poh,119.9,2025-07-05
100003682,2025-07-05,25 Practice Credits,practice,practice,25 practice,others,408.75,2025-07-05
100003683,2025-07-05,60 Mins Practise,practice,practice,60 mins practice,others,43.6,2025-07-05
100003684,2025-07-05,10 Practice Credits,practice,practice,10 practice,others,174.4,2025-07-05
100003685,2025-07-05,30 Mins Practice Credit,practice,practice,30 mins practice,others,21.8,2025-07-05
100003686,2025-07-05,60 Mins Practise,practice,practice,60 mins practice,others,43.6,2025-07-05
100003688,2025-07-05,Trial Lesson W/ Jiali Khee,trial,trial,Trial lesson,Jiali Khee,119.9,2025-07-05
100003689,2025-07-05,Trial Lesson W/ Jiali Khee,trial,trial,Trial lesson,Jiali Khee,119.9,2025-07-05
100003691,2025-07-05,30 Mins Practice Credit,practice,practice,30 mins practice,others,21.8,2025-07-05
100003691,2025-07-06,30 Mins Practice Credit,practice,practice,30 mins practice,others,21.8,2025-07-05
100003691,2025-07-09,10 Practice Credits,practice,practice,10 practice,others,174.4,2025-07-05
100003691,2025-07-26,10 Practice Credits,practice,practice,10 practice,others,174.4,2025-07-05
100003691,2025-08-10,30 Mins Practice Credit,practice,practice,30 mins practice,others,21.8,2025-07-05
100003691,2025-08-11,30 Mins Practice Credit,practice,practice,30 mins practice,others,21.8,2025-07-05
100003691,2025-08-16,30 Mins Practice Credit,practice,practice,30 mins practice,others,21.8,2025-07-05
100003691,2025-08-19,30 Mins Practice Credit,practice,practice,30 mins practice,others,21.8,2025-07-05
100003692,2025-07-05,10 Lesson Pack  (Johnson Poh),lesson,lesson,10 lesson,Johnson Poh,981.0,2025-07-05
100003692,2025-07-08,10 Practice Credits,practice,practice,10 practice,others,156.96,2025-07-05
100003693,2025-08-16,30 Mins Practice Credit,practice,practice,30 mins practice,others,21.8,2025-08-16
100003694,2025-07-12,Trial Lesson W/ Paul F,trial,trial,Trial lesson,Paul Finch,119.9,2025-07-12
100003694,2025-07-17,10 Lesson Pack (Paul Finch),lesson,lesson,10 lesson,Paul Finch,981.0,2025-07-12
100003694,2025-07-17,10 Practice Credits,practice,practice,10 practice,others,156.96,2025-07-12
100003695,2025-07-06,30 Mins Practice Credit,practice,practice,30 mins practice,others,21.8,2025-07-06
100003695,2025-07-06,60 Mins Practise,practice,practice,60 mins practice,others,43.6,2025-07-06
100003696,2025-07-06,Trial Lesson W/ Desmond Tan,trial,trial,Trial lesson,Desmond Tan,119.9,2025-07-06
100003696,2025-07-07,Trial Lesson W/ Johnson Poh,trial,trial,Trial lesson,Johnson Poh,119.9,2025-07-06
100003696,2025-07-29,Trial Lesson W/ Joey Poh,trial,trial,Trial lesson,Joey Poh,119.9,2025-07-06
100003697,2025-07-06,30 Mins Practice Credit,practice,practice,30 mins practice,others,21.8,2025-07-06
100003698,2025-07-06,90 Mins practice,practice,practice,90 mins practice,others,65.4,2025-07-06
100003699,2025-04-25,30 Mins Practice Credit,practice,practice,30 mins practice,others,21.8,2025-04-25
100003699,2025-07-06,10 Practice Credits,practice,practice,10 practice,others,174.4,2025-04-25
100003700,2025-07-06,Trial Lesson W/ Joey Poh,trial,trial,Trial lesson,Joey Poh,119.9,2025-07-06
100003700,2025-07-25,10 Lesson Pack (Joey Poh.),lesson,lesson,10 lesson,Joey Poh,981.0,2025-07-06
100003700,2025-08-02,25 Practice Credits,practice,practice,25 practice,others,367.88,2025-07-06
100003701,2025-07-06,10 Practice Credits,practice,practice,10 practice,others,174.4,2025-07-06
100003702,2025-07-07,Trial Lesson W/ Desmond Tan,trial,trial,Trial lesson,Desmond Tan,119.9,2025-07-07
100003703,2025-07-07,Trial Lesson W/ Paul F,trial,trial,Trial lesson,Paul Finch,119.9,2025-07-07
100003704,2025-07-07,30 Mins Practice Credit,practice,practice,30 mins practice,others,21.8,2025-07-07
100003705,2025-07-07,30 Mins Practice Credit,practice,practice,30 mins practice,others,21.8,2025-07-07
100003706,2025-07-07,30 Mins Practice Credit,practice,practice,30 mins practice,others,43.6,2025-07-07
100003706,2025-07-14,30 Mins Practice Credit,practice,practice,30 mins practice,others,21.8,2025-07-07
100003707,2025-07-07,Trial Lesson W/ Desmond Tan,trial,trial,Trial lesson,Desmond Tan,119.9,2025-07-07
100003707,2025-07-12,10 Practice Credits,practice,practice,10 practice,others,174.4,2025-07-07
100003708,2025-07-08,30 Mins Practice Credit,practice,practice,30 mins practice,others,21.8,2025-07-08
100003709,2025-07-08,30 Mins Practice Credit,practice,practice,30 mins practice,others,21.8,2025-07-08
100003709,2025-07-09,30 Mins Practice Credit,practice,practice,30 mins practice,others,21.8,2025-07-08
100003710,2025-07-22,30 Mins Practice Credit,practice,practice,30 mins practice,others,21.8,2025-07-22
100003710,2025-07-29,30 Mins Practice Credit,practice,practice,30 mins practice,others,21.8,2025-07-22
100003710,2025-07-31,30 Mins Practice Credit,practice,practice,30 mins practice,others,21.8,2025-07-22
100003710,2025-08-02,30 Mins Practice Credit,practice,practice,30 mins practice,others,21.8,2025-07-22
100003710,2025-08-05,10 Practice Credits,practice,practice,10 practice,others,174.4,2025-07-22
100003711,2025-07-08,30 Mins Practice Credit,practice,practice,30 mins practice,others,21.8,2025-07-08
100003711,2025-07-09,30 Mins Practice Credit,practice,practice,30 mins practice,others,21.8,2025-07-08
100003711,2025-07-10,30 Mins Practice Credit,practice,practice,30 mins practice,others,21.8,2025-07-08
100003711,2025-07-12,30 Mins Practice Credit,practice,practice,30 mins practice,others,21.8,2025-07-08
100003712,2025-07-08,30 Mins Practice Credit,practice,practice,30 mins practice,others,21.8,2025-07-08
100003713,2025-07-08,Group Trial Johnson,trial,trial,Group Trial,Johnson Poh,196.2,2025-07-08
100003713,2025-07-29,20 Lesson Pack (Johnson Poh),lesson,lesson,20 lesson,Johnson Poh,1853.0,2025-07-08
100003713,2025-08-02,25 Practice Credits,practice,practice,25 practice,others,347.44,2025-07-08
100003714,2025-07-08,10 Practice Credits,practice,practice,10 practice,others,174.4,2025-07-08
100003715,2025-07-08,Trial Lesson W/ Johnson Poh,trial,trial,Trial lesson,Johnson Poh,119.9,2025-07-08
100003716,2025-07-05,60 Mins Practise,practice,practice,60 mins practice,others,43.6,2025-07-05
100003716,2025-07-07,60 Mins Practise,practice,practice,60 mins practice,others,43.6,2025-07-05
100003716,2025-07-09,Trial Lesson W/ Paul F,trial,trial,Trial lesson,Paul Finch,119.9,2025-07-05
100003716,2025-07-10,60 Mins Practise,practice,practice,60 mins practice,others,43.6,2025-07-05
100003716,2025-07-12,10 Lesson Pack (Paul Finch),lesson,lesson,10 lesson,Paul Finch,981.0,2025-07-05
100003716,2025-07-12,25 Practice Credits,practice,practice,25 practice,others,367.88,2025-07-05
100003717,2025-07-09,30 Mins Practice Credit,practice,practice,30 mins practice,others,21.8,2025-07-09
100003718,2025-07-09,30 Mins Practice Credit,practice,practice,30 mins practice,others,21.8,2025-07-09
100003718,2025-07-12,10 Practice Credits,practice,practice,10 practice,others,174.4,2025-07-09
100003719,2025-07-09,10 Practice Credits,practice,practice,10 practice,others,174.4,2025-07-09
100003719,2025-07-11,10 Practice Credits,practice,practice,10 practice,others,174.4,2025-07-09
100003719,2025-08-20,10 Practice Credits,practice,practice,10 practice,others,174.4,2025-07-09
100003720,2025-07-09,30 Mins Practice Credit,practice,practice,30 mins practice,others,21.8,2025-07-09
100003721,2025-07-09,30 Mins Practice Credit,practice,practice,30 mins practice,others,21.8,2025-07-09
100003722,2025-07-10,Trial Lesson W/ Joey Poh,trial,trial,Trial lesson,Joey Poh,119.9,2025-07-10
100003723,2025-07-10,10 Lesson Pack ( Aiko H),lesson,lesson,10 lesson,Aiko H,981.0,2025-07-10
100003723,2025-07-10,10 Practice Credits,practice,practice,10 practice,others,156.96,2025-07-10
100003724,2025-07-10,30 Mins Practice Credit,practice,practice,30 mins practice,others,21.8,2025-07-10
100003725,2025-07-10,30 Mins Practice Credit,practice,practice,30 mins practice,others,21.8,2025-07-10
100003726,2025-07-10,10 Practice Credits,practice,practice,10 practice,others,174.4,2025-07-10
100003727,2025-07-11,30 Mins Practice Credit,practice,practice,30 mins practice,others,21.8,2025-07-11
100003728,2025-07-11,30 Mins Practice Credit,practice,practice,30 mins practice,others,21.8,2025-07-11
100003729,2025-07-11,30 Mins Practice Credit,practice,practice,30 mins practice,others,21.8,2025-07-11
100003730,2025-07-11,Group Trial Desmond,trial,trial,Group Trial,Desmond Tan,196.2,2025-07-11
100003731,2025-07-11,30 Mins Practice Credit,practice,practice,30 mins practice,others,21.8,2025-07-11
100003732,2025-07-12,30 Mins Practice Credit,practice,practice,30 mins practice,others,21.8,2025-07-12
100003733,2025-07-12,30 Mins Practice Credit,practice,practice,30 mins practice,others,43.6,2025-07-12
100003733,2025-08-09,30 Mins Practice Credit,practice,practice,30 mins practice,others,43.6,2025-07-12
100003734,2025-07-12,60 Mins Practise,practice,practice,60 mins practice,others,43.6,2025-07-12
100003735,2025-07-16,Trial Lesson W/ Paul F,trial,trial,Trial lesson,Paul Finch,119.9,2025-07-16
100003736,2025-07-13,Trial Lesson W/ Joey Poh,trial,trial,Trial lesson,Joey Poh,119.9,2025-07-13
100003736,2025-07-14,Trial Lesson W/ Joey Poh,trial,trial,Trial lesson,Joey Poh,0.0,2025-07-13
100003736,2025-07-14,Trial Lesson W/ Paul F,trial,trial,Trial lesson,Paul Finch,0.0,2025-07-13
100003737,2025-07-13,30 Mins Practice Credit,practice,practice,30 mins practice,others,43.6,2025-07-13
100003738,2025-07-14,Golfzon 9 Holes - 2 Pax,play,play,Golfzon,others,43.6,2025-07-14
100003739,2025-07-13,60 Mins Practise,practice,practice,60 mins practice,others,43.6,2025-07-13
100003739,2025-07-18,30 Mins Practice Credit,practice,practice,30 mins practice,others,21.8,2025-07-13
100003739,2025-08-10,30 Mins Practice Credit,practice,practice,30 mins practice,others,21.8,2025-07-13
100003740,2025-07-13,60 Mins Practise,practice,practice,60 mins practice,others,43.6,2025-07-13
100003740,2025-08-17,60 Mins Practise,practice,practice,60 mins practice,others,43.6,2025-07-13
100003741,2025-07-13,10 Practice Credits,practice,practice,10 practice,others,174.4,2025-07-13
100003741,2025-08-07,Trial Lesson w/ Jasper,trial,trial,Trial lesson,Jasper Park,119.9,2025-07-13
100003742,2025-07-13,30 Mins Practice Credit,practice,practice,30 mins practice,others,43.6,2025-07-13
100003744,2025-07-13,Trial Lesson W/ Paul F,trial,trial,Trial lesson,Paul Finch,119.9,2025-07-13
100003744,2025-07-20,10 Lesson Pack (Paul Finch),lesson,lesson,10 lesson,Paul Finch,981.0,2025-07-13
100003744,2025-07-20,25 Practice Credits,practice,practice,25 practice,others,367.88,2025-07-13
100003746,2025-07-14,Trial Lesson W/ Joey Poh,trial,trial,Trial lesson,Joey Poh,119.9,2025-07-14
100003746,2025-07-27,10 Lesson Pack (Joey Poh.),lesson,lesson,10 lesson,Joey Poh,981.0,2025-07-14
100003747,2025-07-14,Trial Lesson W/ Paul F,trial,trial,Trial lesson,Paul Finch,119.9,2025-07-14
100003747,2025-07-16,10 Lesson Pack (Paul Finch),lesson,lesson,10 lesson,Paul Finch,981.0,2025-07-14
100003747,2025-07-16,10 Practice Credits,practice,practice,10 practice,others,156.96,2025-07-14
100003748,2025-07-14,Trial Lesson W/ Desmond Tan,trial,trial,Trial lesson,Desmond Tan,119.9,2025-07-14
100003749,2025-07-14,Trial Lesson W/ Joey Poh,trial,trial,Trial lesson,Joey Poh,119.9,2025-07-14
100003750,2025-07-14,Trial Lesson W/ Johnson Poh,trial,trial,Trial lesson,Johnson Poh,119.9,2025-07-14
100003751,2025-07-14,10 Practice Credits,practice,practice,10 practice,others,174.4,2025-07-14
100003751,2025-07-14,Trial Lesson W/ Desmond Tan,trial,trial,Trial lesson,Desmond Tan,119.9,2025-07-14
100003751,2025-07-15,10 Lesson Pack (Desmond Tan),lesson,lesson,10 lesson,Desmond Tan,981.0,2025-07-14
100003752,2025-07-14,60 Mins Practise,practice,practice,60 mins practice,others,43.6,2025-07-14
100003752,2025-08-01,60 Mins Practise,practice,practice,60 mins practice,others,43.6,2025-07-14
100003753,2025-07-14,60 Mins Practise,practice,practice,60 mins practice,others,87.2,2025-07-14
100003754,2025-07-16,10 Practice Credits,practice,practice,10 practice,others,174.4,2025-07-16
100003755,2025-07-14,30 Mins Practice Credit,practice,practice,30 mins practice,others,43.6,2025-07-14
100003756,2025-07-14,30 Mins Practice Credit,practice,practice,30 mins practice,others,43.6,2025-07-14
100003757,2025-07-14,Trial Lesson W/ Johnson Poh,trial,trial,Trial lesson,Johnson Poh,119.9,2025-07-14
100003758,2025-07-14,Trial Lesson W/ Johnson Poh,trial,trial,Trial lesson,Johnson Poh,119.9,2025-07-14
100003759,2025-07-15,60 Mins Practise,practice,practice,60 mins practice,others,43.6,2025-07-15
100003759,2025-07-16,60 Mins Practise,practice,practice,60 mins practice,others,43.6,2025-07-15
100003759,2025-07-30,30 Mins Practice Credit,practice,practice,30 mins practice,others,21.8,2025-07-15
100003759,2025-08-07,30 Mins Practice Credit,practice,practice,30 mins practice,others,21.8,2025-07-15
100003760,2025-07-05,10 Practice Credits,practice,practice,10 practice,others,174.4,2025-07-05
100003760,2025-07-15,Trial Lesson W/ Jiali Khee,trial,trial,Trial lesson,Jiali Khee,119.9,2025-07-05
100003760,2025-07-18,10 Lesson Pack (Jiali Khee.),lesson,lesson,10 lesson,Jiali Khee,981.0,2025-07-05
100003760,2025-07-18,10 Practice Credits,practice,practice,10 practice,others,156.96,2025-07-05
100003761,2025-07-15,30 Mins Practice Credit,practice,practice,30 mins practice,others,21.8,2025-07-15
100003762,2025-07-15,Trial Lesson W/ Paul F,trial,trial,Trial lesson,Paul Finch,119.9,2025-07-15
100003762,2025-07-18,10 Lesson Pack (Paul Finch),lesson,lesson,10 lesson,Paul Finch,981.0,2025-07-15
100003762,2025-07-18,10 Practice Credits,practice,practice,10 practice,others,156.96,2025-07-15
100003763,2025-07-16,Trial Lesson W/ Joey Poh,trial,trial,Trial lesson,Joey Poh,119.9,2025-07-16
100003763,2025-07-23,10 Lesson Pack (Joey Poh.),lesson,lesson,10 lesson,Joey Poh,981.0,2025-07-16
100003763,2025-07-23,10 Practice Credits,practice,practice,10 practice,others,156.96,2025-07-16
100003764,2025-07-16,Group Trial Joey,trial,trial,Group Trial,Joey Poh,196.2,2025-07-16
100003765,2025-07-16,Group Trial Johnson,trial,trial,Group Trial,Johnson Poh,196.2,2025-07-16
100003765,2025-08-13,10 Practice Credits,practice,practice,10 practice,others,156.96,2025-07-16
100003765,2025-08-13,5 Semi Private (1:2 Lesson) w/ Johnson Poh.,lesson,lesson,5 group lesson,Johnson Poh,1373.4,2025-07-16
100003765,2025-08-20,30 Mins 1:1 Lesson W/ Johnson Poh,lesson,lesson,30 mins lesson,Johnson Poh,119.9,2025-07-16
100003766,2025-07-17,30 Mins Practice Credit,practice,practice,30 mins practice,others,21.8,2025-07-17
100003766,2025-07-22,30 Mins Practice Credit,practice,practice,30 mins practice,others,21.8,2025-07-17
100003767,2025-07-17,Trial Lesson W/ Paul F,trial,trial,Trial lesson,Paul Finch,119.9,2025-07-17
100003767,2025-07-29,30 Mins 1:1 Lesson W/ Paul Finch,lesson,lesson,30 mins lesson,Paul Finch,119.9,2025-07-17
100003767,2025-08-13,30 Mins 1:1 Lesson W/ Paul Finch,lesson,lesson,30 mins lesson,Paul Finch,119.9,2025-07-17
100003767,2025-08-13,30 Mins Practice Credit,practice,practice,30 mins practice,others,43.6,2025-07-17
100003768,2025-07-17,10 Practice Credits,practice,practice,10 practice,others,174.4,2025-07-17
100003769,2025-07-17,30 Mins Practice Credit,practice,practice,30 mins practice,others,21.8,2025-07-17
100003770,2025-07-17,Group Trial Paul,trial,trial,Group Trial,Paul Finch,196.2,2025-07-17
100003770,2025-07-24,Golfzon 9 Holes - 2 Pax,play,play,Golfzon,others,43.6,2025-07-17
100003771,2025-07-17,Trial Lesson W/ Aiko H,trial,trial,Trial lesson,Aiko H,119.9,2025-07-17
100003771,2025-07-28,20 Lesson Pack ( Aiko H),lesson,lesson,20 lesson,Aiko H,1853.0,2025-07-17
100003771,2025-07-28,25 Practice Credits,practice,practice,25 practice,others,347.44,2025-07-17
100003773,2025-07-18,10 Lesson Pack  (Johnson Poh),lesson,lesson,10 lesson,Johnson Poh,981.0,2025-07-18
100003773,2025-07-20,10 Practice Credits,practice,practice,10 practice,others,156.96,2025-07-18
100003774,2025-07-18,30 Mins Practice Credit,practice,practice,30 mins practice,others,21.8,2025-07-18
100003775,2025-07-18,30 Mins Practice Credit,practice,practice,30 mins practice,others,21.8,2025-07-18
100003776,2025-07-18,30 Mins Practice Credit,practice,practice,30 mins practice,others,21.8,2025-07-18
100003777,2025-07-18,Trial Lesson W/ Joey Poh,trial,trial,Trial lesson,Joey Poh,119.9,2025-07-18
100003777,2025-08-18,10 Lesson Pack (Joey Poh.),lesson,lesson,10 lesson,Joey Poh,981.0,2025-07-18
100003777,2025-08-18,10 Practice Credits,practice,practice,10 practice,others,156.96,2025-07-18
100003778,2025-07-18,10 Practice Credits,practice,practice,10 practice,others,174.4,2025-07-18
100003779,2025-07-19,Trial Lesson W/ Paul F,trial,trial,Trial lesson,Paul Finch,119.9,2025-07-19
100003779,2025-07-27,30 Mins Practice Credit,practice,practice,30 mins practice,others,21.8,2025-07-19
100003779,2025-07-28,30 Mins 1:1 Lesson W/ Paul Finch,lesson,lesson,30 mins lesson,Paul Finch,119.9,2025-07-19
100003779,2025-08-01,10 Lesson Pack (Paul Finch),lesson,lesson,10 lesson,Paul Finch,981.0,2025-07-19
100003779,2025-08-01,10 Practice Credits,practice,practice,10 practice,others,156.96,2025-07-19
100003779,2025-08-01,30 Mins 1:1 Lesson W/ Paul Finch,lesson,lesson,30 mins lesson,Paul Finch,-119.9,2025-07-19
100003779,2025-08-20,10 Lesson Pack (Paul Finch),lesson,lesson,10 lesson,Paul Finch,0.0,2025-07-19
100003779,2025-08-20,25 Practice Credits,practice,practice,25 practice,others,0.0,2025-07-19
100003780,2025-07-19,30 Mins Practice Credit,practice,practice,30 mins practice,others,21.8,2025-07-19
100003780,2025-08-03,30 Mins Practice Credit,practice,practice,30 mins practice,others,21.8,2025-07-19
100003780,2025-08-06,30 Mins Practice Credit,practice,practice,30 mins practice,others,21.8,2025-07-19
100003780,2025-08-16,30 Mins Practice Credit,practice,practice,30 mins practice,others,21.8,2025-07-19
100003781,2025-07-19,60 Mins Practise,practice,practice,60 mins practice,others,43.6,2025-07-19
100003782,2025-07-19,30 Mins Practice Credit,practice,practice,30 mins practice,others,21.8,2025-07-19
100003783,2025-07-19,30 Mins Practice Credit,practice,practice,30 mins practice,others,21.8,2025-07-19
100003783,2025-08-03,30 Mins Practice Credit,practice,practice,30 mins practice,others,43.6,2025-07-19
100003783,2025-08-08,30 Mins Practice Credit,practice,practice,30 mins practice,others,21.8,2025-07-19
100003783,2025-08-10,30 Mins Practice Credit,practice,practice,30 mins practice,others,21.8,2025-07-19
100003783,2025-08-17,10 Practice Credits,practice,practice,10 practice,others,174.4,2025-07-19
100003784,2025-07-19,25 Practice Credits,practice,practice,25 practice,others,408.75,2025-07-19
100003785,2025-07-19,60 Mins Practise,practice,practice,60 mins practice,others,43.6,2025-07-19
100003786,2025-07-19,60 Mins Practise,practice,practice,60 mins practice,others,43.6,2025-07-19
100003787,2025-07-19,30 Mins Practice Credit,practice,practice,30 mins practice,others,43.6,2025-07-19
100003788,2025-07-19,30 Mins Practice Credit,practice,practice,30 mins practice,others,21.8,2025-07-19
100003789,2025-07-19,60 Mins Practise,practice,practice,60 mins practice,others,87.2,2025-07-19
100003790,2025-07-19,10 Practice Credits,practice,practice,10 practice,others,174.4,2025-07-19
100003791,2025-07-19,10 Practice Credits,practice,practice,10 practice,others,174.4,2025-07-19
100003792,2025-07-19,30 Mins Practice Credit,practice,practice,30 mins practice,others,21.8,2025-07-19
100003793,2025-07-19,Trial Lesson W/ Paul F,trial,trial,Trial lesson,Paul Finch,119.9,2025-07-19
100003793,2025-07-25,10 Lesson Pack (Paul Finch),lesson,lesson,10 lesson,Paul Finch,981.0,2025-07-19
100003793,2025-07-25,10 Practice Credits,practice,practice,10 practice,others,156.96,2025-07-19
100003794,2025-07-19,10 Practice Credits,practice,practice,10 practice,others,174.4,2025-07-19
100003795,2025-07-19,30 Mins Practice Credit,practice,practice,30 mins practice,others,21.8,2025-07-19
100003796,2025-07-19,10 Practice Credits,practice,practice,10 practice,others,174.4,2025-07-19
100003797,2025-07-20,Trial Lesson W/ Jiali Khee,trial,trial,Trial lesson,Jiali Khee,119.9,2025-07-20
100003797,2025-07-22,20 Lesson Pack (Jiali Khee.),lesson,lesson,20 lesson,Jiali Khee,1853.0,2025-07-20
100003797,2025-07-22,25 Practice Credits,practice,practice,25 practice,others,347.44,2025-07-20
100003798,2025-08-17,Golfzon 9 Holes - 2 Pax,play,play,Golfzon,others,87.2,2025-08-17
100003799,2025-07-20,Golfzon 9 Holes - 3 Pax,play,play,Golfzon,others,130.8,2025-07-20
100003799,2025-07-23,Golfzon 9 Holes - 3 Pax,play,play,Golfzon,others,130.8,2025-07-20
100003802,2025-07-20,10 Practice Credits,practice,practice,10 practice,others,174.4,2025-07-20
100003803,2025-07-20,30 Mins Practice Credit,practice,practice,30 mins practice,others,43.6,2025-07-20
100003804,2025-07-20,30 Mins Practice Credit,practice,practice,30 mins practice,others,21.8,2025-07-20
100003804,2025-08-13,30 Mins Practice Credit,practice,practice,30 mins practice,others,43.6,2025-07-20
100003805,2025-07-20,30 Mins Practice Credit,practice,practice,30 mins practice,others,21.8,2025-07-20
100003806,2025-07-20,10 Practice Credits,practice,practice,10 practice,others,174.4,2025-07-20
100003807,2025-07-20,10 Practice Credits,practice,practice,10 practice,others,174.4,2025-07-20
100003808,2025-08-06,Trial Lesson W/ Johnson Poh,trial,trial,Trial lesson,Johnson Poh,119.9,2025-08-06
100003809,2025-07-23,Trial Lesson W/ Jiali Khee,trial,trial,Trial lesson,Jiali Khee,119.9,2025-07-23
100003809,2025-07-23,Trial Lesson W/ Joey Poh,trial,trial,Trial lesson,Joey Poh,119.9,2025-07-23
100003809,2025-07-28,20 Lesson Pack (Jiali Khee.),lesson,lesson,20 lesson,Jiali Khee,1853.0,2025-07-23
100003809,2025-07-28,50 Practice Credits,practice,practice,50 practice,others,648.55,2025-07-23
100003810,2025-07-21,10 Lesson Pack (Kim On You),lesson,lesson,10 lesson,Kim On You,981.0,2025-07-21
100003810,2025-07-21,25 Practice Credits,practice,practice,25 practice,others,367.88,2025-07-21
100003811,2025-07-21,30 Mins Practice Credit,practice,practice,30 mins practice,others,21.8,2025-07-21
100003812,2025-07-21,30 Mins Practice Credit,practice,practice,30 mins practice,others,21.8,2025-07-21
100003812,2025-07-22,30 Mins Practice Credit,practice,practice,30 mins practice,others,43.6,2025-07-21
100003813,2025-07-21,30 Mins Practice Credit,practice,practice,30 mins practice,others,43.6,2025-07-21
100003814,2025-08-08,Trial Lesson w/ Jasper ,trial,trial,Trial lesson,Jasper Park,119.9,2025-08-08
100003815,2025-07-21,60 Mins Practise,practice,practice,60 mins practice,others,43.6,2025-07-21
100003815,2025-08-16,60 Mins Practise,practice,practice,60 mins practice,others,43.6,2025-07-21
100003816,2025-07-21,60 Mins Practise,practice,practice,60 mins practice,others,87.2,2025-07-21
100003818,2025-07-22,10 Practice Credits,practice,practice,10 practice,others,174.4,2025-07-22
100003819,2025-07-22,10 Practice Credits,practice,practice,10 practice,others,174.4,2025-07-22
100003820,2025-07-22,Golfzon 18 Holes - 2 Pax,play,play,Golfzon,others,130.8,2025-07-22
100003822,2025-07-22,30 Mins Practice Credit,practice,practice,30 mins practice,others,21.8,2025-07-22
100003823,2025-07-22,30 Mins Practice Credit,practice,practice,30 mins practice,others,43.6,2025-07-22
100003823,2025-07-22,Trial Lesson W/ Desmond Tan,trial,trial,Trial lesson,Desmond Tan,119.9,2025-07-22
100003823,2025-07-24,30 Mins Practice Credit,practice,practice,30 mins practice,others,43.6,2025-07-22
100003823,2025-07-24,Group Trial Desmond,trial,trial,Group Trial,Desmond Tan,196.2,2025-07-22
100003823,2025-07-24,Trial Lesson W/ Desmond Tan,trial,trial,Trial lesson,Desmond Tan,-119.9,2025-07-22
100003823,2025-07-29,10 Practice Credits,practice,practice,10 practice,others,174.4,2025-07-22
100003823,2025-08-17,Trial Lesson W/ Desmond Tan,trial,trial,Trial lesson,Desmond Tan,0.0,2025-07-22
100003823,2025-08-17,Trial Lesson W/ Joey Poh,trial,trial,Trial lesson,Joey Poh,119.9,2025-07-22
100003823,2025-08-20,10 Lesson Pack (Joey Poh.),lesson,lesson,10 lesson,Joey Poh,981.0,2025-07-22
100003823,2025-08-20,10 Practice Credits,practice,practice,10 practice,others,156.96,2025-07-22
100003824,2025-07-22,Trial Lesson W/ Paul F,trial,trial,Trial lesson,Paul Finch,119.9,2025-07-22
100003825,2025-07-23,Trial Lesson W/ Jiali Khee,trial,trial,Trial lesson,Jiali Khee,119.9,2025-07-23
100003825,2025-07-29,100 Practice Credits,practice,practice,100 practice,others,1204.45,2025-07-23
100003825,2025-07-29,20 Lesson Pack (Jiali Khee.),lesson,lesson,20 lesson,Jiali Khee,1853.0,2025-07-23
100003826,2025-07-23,30 Mins Practice Credit,practice,practice,30 mins practice,others,21.8,2025-07-23
100003827,2025-07-23,Trial Lesson w/ Jasper ,trial,trial,Trial lesson,Jasper Park,119.9,2025-07-23
100003829,2025-07-23,Trial Lesson W/ Paul F,trial,trial,Trial lesson,Paul Finch,119.9,2025-07-23
100003830,2025-07-23,Trial Lesson W/ Desmond Tan,trial,trial,Trial lesson,Desmond Tan,119.9,2025-07-23
100003831,2025-07-23,60 Mins Practise,practice,practice,60 mins practice,others,43.6,2025-07-23
100003832,2025-07-23,30 Mins 1:1 Lesson W/ Paul Finch,lesson,lesson,30 mins lesson,Paul Finch,119.9,2025-07-23
100003833,2025-07-24,Golfzon 9 Holes - 2 Pax,play,play,Golfzon,others,87.2,2025-07-24
100003834,2025-07-24,30 Mins Practice Credit,practice,practice,30 mins practice,others,21.8,2025-07-24
100003835,2025-07-24,Trial Lesson W/ Paul F,trial,trial,Trial lesson,Paul Finch,119.9,2025-07-24
100003836,2025-07-24,Trial Lesson W/ Desmond Tan,trial,trial,Trial lesson,Desmond Tan,119.9,2025-07-24
100003836,2025-08-11,60 Mins Practise,practice,practice,60 mins practice,others,43.6,2025-07-24
100003836,2025-08-11,Trial Lesson W/ Paul F,trial,trial,Trial lesson,Paul Finch,119.9,2025-07-24
100003836,2025-08-15,10 Lesson Pack (Paul Finch),lesson,lesson,10 lesson,Paul Finch,981.0,2025-07-24
100003836,2025-08-15,25 Practice Credits,practice,practice,25 practice,others,367.88,2025-07-24
100003837,2025-07-24,60 Mins Practise,practice,practice,60 mins practice,others,43.6,2025-07-24
100003837,2025-08-18,60 Mins Practise,practice,practice,60 mins practice,others,43.6,2025-07-24
100003838,2025-07-24,60 Mins Practise,practice,practice,60 mins practice,others,43.6,2025-07-24
100003840,2025-07-25,30 Mins Practice Credit,practice,practice,30 mins practice,others,21.8,2025-07-25
100003840,2025-07-25,60 Mins Practise,practice,practice,60 mins practice,others,43.6,2025-07-25
100003840,2025-07-25,Trial Lesson W/ Paul F,trial,trial,Trial lesson,Paul Finch,119.9,2025-07-25
100003840,2025-07-30,30 Mins Practice Credit,practice,practice,30 mins practice,others,43.6,2025-07-25
100003840,2025-07-30,60 Mins 1:1 Lesson W/ Paul Finch,lesson,lesson,60 mins lesson,Paul Finch,239.8,2025-07-25
100003840,2025-07-31,30 Mins Practice Credit,practice,practice,30 mins practice,others,43.6,2025-07-25
100003840,2025-08-01,30 Mins Practice Credit,practice,practice,30 mins practice,others,21.8,2025-07-25
100003840,2025-08-03,30 Mins Practice Credit,practice,practice,30 mins practice,others,43.6,2025-07-25
100003840,2025-08-06,30 Mins 1:1 Lesson W/ Paul Finch,lesson,lesson,30 mins lesson,Paul Finch,119.9,2025-07-25
100003840,2025-08-06,30 Mins Practice Credit,practice,practice,30 mins practice,others,43.6,2025-07-25
100003840,2025-08-09,60 Mins 1:1 Lesson W/ Paul Finch,lesson,lesson,60 mins lesson,Paul Finch,239.8,2025-07-25
100003840,2025-08-11,60 Mins Practise,practice,practice,60 mins practice,others,43.6,2025-07-25
100003840,2025-08-13,30 Mins Practice Credit,practice,practice,30 mins practice,others,21.8,2025-07-25
100003840,2025-08-17,30 Mins Practice Credit,practice,practice,30 mins practice,others,21.8,2025-07-25
100003842,2025-07-25,30 Mins Practice Credit,practice,practice,30 mins practice,others,21.8,2025-07-25
100003843,2025-07-25,Trial Lesson W/ Jiali Khee,trial,trial,Trial lesson,Jiali Khee,119.9,2025-07-25
100003843,2025-07-29,10 Lesson Pack (Jiali Khee.),lesson,lesson,10 lesson,Jiali Khee,981.0,2025-07-25
100003843,2025-07-29,25 Practice Credits,practice,practice,25 practice,others,367.88,2025-07-25
100003844,2025-07-25,10 Practice Credits,practice,practice,10 practice,others,174.4,2025-07-25
100003845,2025-07-25,10 Practice Credits,practice,practice,10 practice,others,174.4,2025-07-25
100003846,2025-07-25,30 Mins Practice Credit,practice,practice,30 mins practice,others,21.8,2025-07-25
100003846,2025-07-25,60 Mins Practise,practice,practice,60 mins practice,others,0.0,2025-07-25
100003847,2025-07-25,30 Mins Practice Credit,practice,practice,30 mins practice,others,21.8,2025-07-25
100003847,2025-07-25,60 Mins Practise,practice,practice,60 mins practice,others,43.6,2025-07-25
100003848,2025-07-26,60 Mins Practise,practice,practice,60 mins practice,others,43.6,2025-07-26
100003849,2025-07-26,60 Mins Practise,practice,practice,60 mins practice,others,43.6,2025-07-26
100003850,2025-07-26,30 Mins Practice Credit,practice,practice,30 mins practice,others,21.8,2025-07-26
100003851,2025-07-26,60 Mins Practise,practice,practice,60 mins practice,others,43.6,2025-07-26
100003851,2025-07-28,Golfzon 18 Holes - 2 Pax,play,play,Golfzon,others,130.8,2025-07-26
100003851,2025-08-03,60 Mins Practise,practice,practice,60 mins practice,others,43.6,2025-07-26
100003852,2025-07-26,Trial Lesson W/ Paul F,trial,trial,Trial lesson,Paul Finch,119.9,2025-07-26
100003853,2025-07-27,30 Mins Practice Credit,practice,practice,30 mins practice,others,21.8,2025-07-27
100003853,2025-08-01,30 Mins Practice Credit,practice,practice,30 mins practice,others,21.8,2025-07-27
100003854,2025-07-26,10 Practice Credits,practice,practice,10 practice,others,174.4,2025-07-26
100003855,2025-07-26,60 Mins Practise,practice,practice,60 mins practice,others,43.6,2025-07-26
100003855,2025-08-04,60 Mins Practise,practice,practice,60 mins practice,others,43.6,2025-07-26
100003855,2025-08-05,60 Mins Practise,practice,practice,60 mins practice,others,43.6,2025-07-26
100003855,2025-08-08,60 Mins Practise,practice,practice,60 mins practice,others,43.6,2025-07-26
100003856,2025-07-26,30 Mins Practice Credit,practice,practice,30 mins practice,others,21.8,2025-07-26
100003859,2025-07-27,60 Mins Practise,practice,practice,60 mins practice,others,43.6,2025-07-27
100003860,2025-07-27,25 Practice Credits,practice,practice,25 practice,others,408.75,2025-07-27
100003860,2025-07-27,30 Mins Practice Credit,practice,practice,30 mins practice,others,21.8,2025-07-27
100003861,2025-07-27,Golfzon 9 Holes - 3 Pax,play,play,Golfzon,others,130.8,2025-07-27
100003862,2025-07-27,Trial Lesson W/ Desmond Tan,trial,trial,Trial lesson,Desmond Tan,119.9,2025-07-27
100003863,2025-07-27,30 Mins Practice Credit,practice,practice,30 mins practice,others,43.6,2025-07-27
100003864,2025-07-27,10 Practice Credits,practice,practice,10 practice,others,174.4,2025-07-27
100003865,2025-07-28,60 Mins Practise,practice,practice,60 mins practice,others,43.6,2025-07-28
100003866,2025-07-28,30 Mins Practice Credit,practice,practice,30 mins practice,others,43.6,2025-07-28
100003867,2025-07-28,30 Mins Practice Credit,practice,practice,30 mins practice,others,43.6,2025-07-28
100003867,2025-07-29,30 Mins Practice Credit,practice,practice,30 mins practice,others,21.8,2025-07-28
100003868,2025-07-28,Trial Lesson W/ Joey Poh,trial,trial,Trial lesson,Joey Poh,119.9,2025-07-28
100003868,2025-08-08,10 Lesson Pack (Joey Poh.),lesson,lesson,10 lesson,Joey Poh,981.0,2025-07-28
100003869,2025-07-28,Trial Lesson W/ Kim On You,trial,trial,Trial lesson,Kim On You,119.9,2025-07-28
100003870,2025-07-28,Trial Lesson W/ Desmond Tan,trial,trial,Trial lesson,Desmond Tan,119.9,2025-07-28
100003870,2025-08-02,30 Mins Practice Credit,practice,practice,30 mins practice,others,21.8,2025-07-28
100003871,2025-07-29,Trial Lesson W/ Kim On You,trial,trial,Trial lesson,Kim On You,119.9,2025-07-29
100003871,2025-08-03,Trial Lesson W/ Kim On You,trial,trial,Trial lesson,Kim On You,-119.9,2025-07-29
100003872,2025-07-29,Trial Lesson W/ Desmond Tan,trial,trial,Trial lesson,Desmond Tan,119.9,2025-07-29
100003873,2025-07-29,10 Practice Credits,practice,practice,10 practice,others,174.4,2025-07-29
100003874,2025-07-29,25 Practice Credits,practice,practice,25 practice,others,408.75,2025-07-29
100003875,2025-07-29,Trial Lesson W/ Desmond Tan,trial,trial,Trial lesson,Desmond Tan,119.9,2025-07-29
100003876,2025-07-29,Trial Lesson W/ Joey Poh,trial,trial,Trial lesson,Joey Poh,119.9,2025-07-29
100003876,2025-08-04,10 Lesson Pack (Joey Poh.),lesson,lesson,10 lesson,Joey Poh,981.0,2025-07-29
100003876,2025-08-04,10 Practice Credits,practice,practice,10 practice,others,156.96,2025-07-29
100003877,2025-07-29,Trial Lesson w/ Jasper ,trial,trial,Trial lesson,Jasper Park,119.9,2025-07-29
100003877,2025-07-30,10 Lesson Pack (Jasper  Park),lesson,lesson,10 lesson,Jasper Park,981.0,2025-07-29
100003877,2025-07-30,10 Practice Credits,practice,practice,10 practice,others,156.96,2025-07-29
100003878,2025-07-29,30 Mins Practice Credit,practice,practice,30 mins practice,others,21.8,2025-07-29
100003879,2025-07-29,60 Mins Practise,practice,practice,60 mins practice,others,43.6,2025-07-29
100003879,2025-08-03,10 Practice Credits,practice,practice,10 practice,others,174.4,2025-07-29
100003882,2025-07-29,Trial Lesson w/ Jasper ,trial,trial,Trial lesson,Jasper Park,119.9,2025-07-29
100003884,2025-07-30,10 Practice Credits,practice,practice,10 practice,others,174.4,2025-07-30
100003885,2025-07-30,30 Mins Practice Credit,practice,practice,30 mins practice,others,21.8,2025-07-30
100003886,2025-07-30,30 Mins Practice Credit,practice,practice,30 mins practice,others,21.8,2025-07-30
100003887,2025-07-30,Trial Lesson W/ Desmond Tan,trial,trial,Trial lesson,Desmond Tan,239.8,2025-07-30
100003887,2025-07-30,Trial Lesson W/ Paul F,trial,trial,Trial lesson,Paul Finch,239.8,2025-07-30
100003889,2025-07-30,60 Mins Practise,practice,practice,60 mins practice,others,87.2,2025-07-30
100003891,2025-07-30,10 Practice Credits,practice,practice,10 practice,others,174.4,2025-07-30
100003892,2025-07-30,10 Practice Credits,practice,practice,10 practice,others,174.4,2025-07-30
100003892,2025-07-31,Golfzon 9 Holes - 2 Pax,play,play,Golfzon,others,43.6,2025-07-30
100003892,2025-08-20,Trial Lesson W/ Paul F,trial,trial,Trial lesson,Paul Finch,119.9,2025-07-30
100003893,2025-08-02,Trial Lesson W/ Kim On You,trial,trial,Trial lesson,Kim On You,119.9,2025-08-02
100003896,2025-07-31,10 Lesson Pack ( Aiko H),lesson,lesson,10 lesson,Aiko H,981.0,2025-07-31
100003896,2025-07-31,10 Practice Credits,practice,practice,10 practice,others,156.96,2025-07-31
100003896,2025-07-31,Trial Lesson W/ Aiko H,trial,trial,Trial lesson,Aiko H,119.9,2025-07-31
100003897,2025-07-31,30 Mins Practice Credit,practice,practice,30 mins practice,others,21.8,2025-07-31
100003898,2025-07-31,Trial Lesson W/ Paul F,trial,trial,Trial lesson,Paul Finch,119.9,2025-07-31
100003898,2025-08-01,10 Practice Credits,practice,practice,10 practice,others,174.4,2025-07-31
100003899,2025-07-31,Trial Lesson W/ Johnson Poh,trial,trial,Trial lesson,Johnson Poh,119.9,2025-07-31
100003900,2025-07-31,10 Practice Credits,practice,practice,10 practice,others,174.4,2025-07-31
100003901,2025-07-31,10 Practice Credits,practice,practice,10 practice,others,174.4,2025-07-31
100003901,2025-08-05,Golfzon 18 Holes - 1 Pax,play,play,Golfzon,others,54.5,2025-07-31
100003901,2025-08-10,25 Practice Credits,practice,practice,25 practice,others,408.75,2025-07-31
100003901,2025-08-10,Golfzon 18 Holes - 2 Pax,play,play,Golfzon,others,130.8,2025-07-31
100003901,2025-08-18,Golfzon 18 Holes - 1 Pax,play,play,Golfzon,others,54.5,2025-07-31
100003901,2025-08-22,Golfzon 18 Holes - 2 Pax,play,play,Golfzon,others,130.8,2025-07-31
100003902,2025-07-31,30 Mins Practice Credit,practice,practice,30 mins practice,others,43.6,2025-07-31
100003903,2025-08-01,30 Mins Practice Credit,practice,practice,30 mins practice,others,21.8,2025-08-01
100003904,2025-08-01,30 Mins Practice Credit,practice,practice,30 mins practice,others,21.8,2025-08-01
100003905,2025-08-01,30 Mins Practice Credit,practice,practice,30 mins practice,others,21.8,2025-08-01
100003905,2025-08-05,30 Mins Practice Credit,practice,practice,30 mins practice,others,21.8,2025-08-01
100003906,2025-08-01,10 Practice Credits,practice,practice,10 practice,others,0.0,2025-08-01
100003907,2025-08-01,30 Mins Practice Credit,practice,practice,30 mins practice,others,43.6,2025-08-01
100003907,2025-08-16,10 Practice Credits,practice,practice,10 practice,others,174.4,2025-08-01
100003908,2025-08-03,Trial Lesson W/ Joey Poh,trial,trial,Trial lesson,Joey Poh,119.9,2025-08-03
100003908,2025-08-20,10 Lesson Pack (Joey Poh.),lesson,lesson,10 lesson,Joey Poh,981.0,2025-08-03
100003908,2025-08-20,10 Practice Credits,practice,practice,10 practice,others,156.96,2025-08-03
100003910,2025-08-02,Group Trial Paul,trial,trial,Group Trial,Paul Finch,196.2,2025-08-02
100003911,2025-08-02,Golfzon 9 Holes - 2 Pax,play,play,Golfzon,others,87.2,2025-08-02
100003912,2025-08-02,30 Mins Practice Credit,practice,practice,30 mins practice,others,21.8,2025-08-02
100003912,2025-08-10,30 Mins Practice Credit,practice,practice,30 mins practice,others,21.8,2025-08-02
100003912,2025-08-22,30 Mins Practice Credit,practice,practice,30 mins practice,others,21.8,2025-08-02
100003913,2025-08-02,30 Mins Practice Credit,practice,practice,30 mins practice,others,21.8,2025-08-02
100003914,2025-08-02,Golfzon 9 Holes - 2 Pax,play,play,Golfzon,others,87.2,2025-08-02
100003915,2025-08-02,25 Practice Credits,practice,practice,25 practice,others,408.75,2025-08-02
100003916,2025-08-07,10 Lesson Pack (Kim On You),lesson,lesson,10 lesson,Kim On You,981.0,2025-08-07
100003916,2025-08-07,25 Practice Credits,practice,practice,25 practice,others,367.88,2025-08-07
100003917,2025-08-03,10 Practice Credits,practice,practice,10 practice,others,174.4,2025-08-03
100003918,2025-08-03,100 Practice Credits,practice,practice,100 practice,others,1204.45,2025-08-03
100003918,2025-08-03,20 Lesson Pack (Desmond Tan),lesson,lesson,20 lesson,Desmond Tan,1853.0,2025-08-03
100003918,2025-08-03,20 Lesson Pack (Johnson Poh),lesson,lesson,20 lesson,Johnson Poh,0.0,2025-08-03
100003919,2025-08-03,30 Mins Practice Credit,practice,practice,30 mins practice,others,43.6,2025-08-03
100003920,2025-08-03,60 Mins Practise,practice,practice,60 mins practice,others,43.6,2025-08-03
100003921,2025-08-03,Golfzon 18 Holes - 2 Pax,play,play,Golfzon,others,130.8,2025-08-03
100003923,2025-08-03,30 Mins Practice Credit,practice,practice,30 mins practice,others,43.6,2025-08-03
100003923,2025-08-03,Trial Lesson W/ Jiali Khee,trial,trial,Trial lesson,Jiali Khee,119.9,2025-08-03
100003923,2025-08-05,20 Lesson Pack (Jiali Khee.),lesson,lesson,20 lesson,Jiali Khee,1853.0,2025-08-03
100003923,2025-08-05,25 Practice Credits,practice,practice,25 practice,others,347.44,2025-08-03
100003924,2025-08-03,30 Mins Practice Credit,practice,practice,30 mins practice,others,21.8,2025-08-03
100003925,2025-08-03,30 Mins Practice Credit,practice,practice,30 mins practice,others,21.8,2025-08-03
100003926,2025-08-03,Trial Lesson w/ Jasper ,trial,trial,Trial lesson,Jasper Park,119.9,2025-08-03
100003927,2025-08-04,10 Practice Credits,practice,practice,10 practice,others,174.4,2025-08-04
100003928,2025-08-04,Trial Lesson W/ Kim On You,trial,trial,Trial lesson,Kim On You,119.9,2025-08-04
100003929,2025-08-04,30 Mins Practice Credit,practice,practice,30 mins practice,others,21.8,2025-08-04
100003929,2025-08-07,30 Mins Practice Credit,practice,practice,30 mins practice,others,21.8,2025-08-04
100003930,2025-08-05,30 Mins Practice Credit,practice,practice,30 mins practice,others,21.8,2025-08-05
100003931,2025-08-04,10 Practice Credits,practice,practice,10 practice,others,174.4,2025-08-04
100003931,2025-08-21,25 Practice Credits,practice,practice,25 practice,others,408.75,2025-08-04
100003932,2025-08-04,30 Mins Practice Credit,practice,practice,30 mins practice,others,43.6,2025-08-04
100003933,2025-08-04,Trial Lesson W/ Paul F,trial,trial,Trial lesson,Paul Finch,119.9,2025-08-04
100003933,2025-08-09,10 Lesson Pack (Paul Finch),lesson,lesson,10 lesson,Paul Finch,981.0,2025-08-04
100003933,2025-08-09,25 Practice Credits,practice,practice,25 practice,others,367.88,2025-08-04
100003934,2025-06-28,30 Mins Practice Credit,practice,practice,30 mins practice,others,21.8,2025-06-28
100003934,2025-06-29,30 Mins Practice Credit,practice,practice,30 mins practice,others,21.8,2025-06-28
100003934,2025-06-29,Trial Lesson W/ Johnson Poh,trial,trial,Trial lesson,Johnson Poh,119.9,2025-06-28
100003934,2025-07-05,30 Mins Practice Credit,practice,practice,30 mins practice,others,21.8,2025-06-28
100003934,2025-07-19,30 Mins Practice Credit,practice,practice,30 mins practice,others,21.8,2025-06-28
100003934,2025-08-13,30 Mins Practice Credit,practice,practice,30 mins practice,others,21.8,2025-06-28
100003934,2025-08-14,30 Mins Practice Credit,practice,practice,30 mins practice,others,21.8,2025-06-28
100003934,2025-08-15,30 Mins Practice Credit,practice,practice,30 mins practice,others,21.8,2025-06-28
100003934,2025-08-17,30 Mins Practice Credit,practice,practice,30 mins practice,others,21.8,2025-06-28
100003934,2025-08-17,Golfzon 9 Holes - 3 Pax,play,play,Golfzon,others,130.8,2025-06-28
100003934,2025-08-18,30 Mins Practice Credit,practice,practice,30 mins practice,others,21.8,2025-06-28
100003934,2025-08-19,Golfzon 9 Holes - 2 Pax,play,play,Golfzon,others,87.2,2025-06-28
100003934,2025-08-21,30 Mins Practice Credit,practice,practice,30 mins practice,others,21.8,2025-06-28
100003934,2025-08-22,30 Mins Practice Credit,practice,practice,30 mins practice,others,21.8,2025-06-28
100003935,2025-08-05,Trial Lesson W/ Jiali Khee,trial,trial,Trial lesson,Jiali Khee,119.9,2025-08-05
100003936,2025-08-05,Trial Lesson W/ Johnson Poh,trial,trial,Trial lesson,Johnson Poh,119.9,2025-08-05
100003937,2025-08-05,10 Lesson Pack (Desmond Tan),lesson,lesson,10 lesson,Desmond Tan,981.0,2025-08-05
100003937,2025-08-05,25 Practice Credits,practice,practice,25 practice,others,367.88,2025-08-05
100003937,2025-08-05,Trial Lesson W/ Desmond Tan,trial,trial,Trial lesson,Desmond Tan,119.9,2025-08-05
100003938,2025-08-05,Trial Lesson W/ Johnson Poh,trial,trial,Trial lesson,Johnson Poh,119.9,2025-08-05
100003939,2025-08-05,30 Mins Practice Credit,practice,practice,30 mins practice,others,21.8,2025-08-05
100003941,2025-08-05,10 Practice Credits,practice,practice,10 practice,others,174.4,2025-08-05
100003942,2025-08-05,Trial Lesson w/ Jasper,trial,trial,Trial lesson,Jasper Park,119.9,2025-08-05
100003943,2025-08-05,Trial Lesson W/ Johnson Poh,trial,trial,Trial lesson,Johnson Poh,119.9,2025-08-05
100003944,2025-08-05,Trial Lesson W/ Johnson Poh,trial,trial,Trial lesson,Johnson Poh,119.9,2025-08-05
100003946,2025-08-06,30 Mins Practice Credit,practice,practice,30 mins practice,others,21.8,2025-08-06
100003946,2025-08-06,Trial Lesson W/ Paul F,trial,trial,Trial lesson,Paul Finch,119.9,2025-08-06
100003947,2025-08-06,Trial Lesson W/ Paul F,trial,trial,Trial lesson,Paul Finch,119.9,2025-08-06
100003948,2025-08-06,30 Mins Practice Credit,practice,practice,30 mins practice,others,21.8,2025-08-06
100003949,2025-08-06,10 Practice Credits,practice,practice,10 practice,others,174.4,2025-08-06
100003950,2025-08-06,10 Practice Credits,practice,practice,10 practice,others,174.4,2025-08-06
100003951,2025-08-07,Trial Lesson W/ Joey Poh,trial,trial,Trial lesson,Joey Poh,119.9,2025-08-07
100003951,2025-08-11,30 Mins 1:1 Lesson W/ Joey Poh,lesson,lesson,30 mins lesson,Joey Poh,119.9,2025-08-07
100003952,2025-08-07,10 Lesson Pack ( Aiko H),lesson,lesson,10 lesson,Aiko H,981.0,2025-08-07
100003952,2025-08-07,10 Practice Credits,practice,practice,10 practice,others,156.96,2025-08-07
100003952,2025-08-07,Trial Lesson W/ Aiko H,trial,trial,Trial lesson,Aiko H,119.9,2025-08-07
100003953,2025-08-07,30 Mins Practice Credit,practice,practice,30 mins practice,others,21.8,2025-08-07
100003954,2025-08-07,30 Mins Practice Credit,practice,practice,30 mins practice,others,21.8,2025-08-07
100003955,2025-08-07,30 Mins Practice Credit,practice,practice,30 mins practice,others,21.8,2025-08-07
100003955,2025-08-08,30 Mins Practice Credit,practice,practice,30 mins practice,others,21.8,2025-08-07
100003956,2025-08-07,Golfzon 9 Holes - 2 Pax,play,play,Golfzon,others,87.2,2025-08-07
100003957,2025-08-07,25 Practice Credits,practice,practice,25 practice,others,408.75,2025-08-07
100003958,2025-08-08,Trial Lesson W/ Desmond Tan,trial,trial,Trial lesson,Desmond Tan,119.9,2025-08-08
100003958,2025-08-11,10 Practice Credits,practice,practice,10 practice,others,174.4,2025-08-08
100003958,2025-08-12,10 Lesson Pack (Desmond Tan),lesson,lesson,10 lesson,Desmond Tan,981.0,2025-08-08
100003958,2025-08-12,10 Practice Credits,practice,practice,10 practice,others,156.96,2025-08-08
100003959,2025-08-08,30 Mins Practice Credit,practice,practice,30 mins practice,others,21.8,2025-08-08
100003960,2025-08-08,10 Practice Credits,practice,practice,10 practice,others,174.4,2025-08-08
100003961,2025-08-08,30 Mins Practice Credit,practice,practice,30 mins practice,others,43.6,2025-08-08
100003963,2025-08-09,30 Mins Practice Credit,practice,practice,30 mins practice,others,21.8,2025-08-09
100003964,2025-08-09,10 Practice Credits,practice,practice,10 practice,others,174.4,2025-08-09
100003965,2025-08-09,10 Practice Credits,practice,practice,10 practice,others,174.4,2025-08-09
100003966,2025-08-09,50 Practice Credits,practice,practice,50 practice,others,763.0,2025-08-09
100003967,2025-08-09,Trial Lesson w/ Jasper ,trial,trial,Trial lesson,Jasper Park,119.9,2025-08-09
100003968,2025-08-09,Trial Lesson W/ Jiali Khee,trial,trial,Trial lesson,Jiali Khee,119.9,2025-08-09
100003968,2025-08-13,10 Lesson Pack (Jiali Khee.),lesson,lesson,10 lesson,Jiali Khee,981.0,2025-08-09
100003968,2025-08-13,10 Practice Credits,practice,practice,10 practice,others,156.96,2025-08-09
100003970,2025-08-09,10 Practice Credits,practice,practice,10 practice,others,174.4,2025-08-09
100003971,2025-08-09,60 Mins Practise,practice,practice,60 mins practice,others,43.6,2025-08-09
100003971,2025-08-10,30 Mins Practice Credit,practice,practice,30 mins practice,others,43.6,2025-08-09
100003972,2025-08-10,Golfzon 9 Holes - 3 Pax,play,play,Golfzon,others,130.8,2025-08-10
100003973,2025-08-09,30 Mins Practice Credit,practice,practice,30 mins practice,others,65.4,2025-08-09
100003973,2025-08-11,60 Mins Practise,practice,practice,60 mins practice,others,87.2,2025-08-09
100003974,2025-08-09,Golfzon 18 Holes - 2 Pax,play,play,Golfzon,others,130.8,2025-08-09
100003975,2025-08-09,100 Practice Credits,practice,practice,100 practice,others,1417.0,2025-08-09
100003976,2025-08-09,Trial Lesson W/ Johnson Poh,trial,trial,Trial lesson,Johnson Poh,119.9,2025-08-09
100003977,2025-08-09,Trial Lesson W/ Johnson Poh,trial,trial,Trial lesson,Johnson Poh,119.9,2025-08-09
100003978,2025-08-10,30 Mins Practice Credit,practice,practice,30 mins practice,others,21.8,2025-08-10
100003979,2025-08-10,Trial Lesson W/ Joey Poh,trial,trial,Trial lesson,Joey Poh,119.9,2025-08-10
100003980,2025-08-10,60 Mins Practise,practice,practice,60 mins practice,others,43.6,2025-08-10
100003981,2025-08-15,Golfzon 9 Holes - 2 Pax,play,play,Golfzon,others,43.6,2025-08-15
100003981,2025-08-22,Golfzon 9 Holes - 2 Pax,play,play,Golfzon,others,43.6,2025-08-15
100003982,2025-08-10,25 Practice Credits,practice,practice,25 practice,others,408.75,2025-08-10
100003983,2025-08-10,30 Mins Practice Credit,practice,practice,30 mins practice,others,21.8,2025-08-10
100003983,2025-08-11,Golfzon 9 Holes - 2 Pax,play,play,Golfzon,others,43.6,2025-08-10
100003984,2025-08-10,10 Practice Credits,practice,practice,10 practice,others,174.4,2025-08-10
100003984,2025-08-13,10 Practice Credits,practice,practice,10 practice,others,174.4,2025-08-10
100003985,2025-08-10,Golfzon 9 Holes - 2 Pax,play,play,Golfzon,others,87.2,2025-08-10
100003985,2025-08-13,30 Mins Practice Credit,practice,practice,30 mins practice,others,43.6,2025-08-10
100003986,2025-08-10,30 Mins Practice Credit,practice,practice,30 mins practice,others,21.8,2025-08-10
100003987,2025-08-10,30 Mins Practice Credit,practice,practice,30 mins practice,others,21.8,2025-08-10
100003987,2025-08-15,30 Mins Practice Credit,practice,practice,30 mins practice,others,21.8,2025-08-10
100003988,2025-08-10,30 Mins Practice Credit,practice,practice,30 mins practice,others,43.6,2025-08-10
100003989,2025-08-10,30 Mins Practice Credit,practice,practice,30 mins practice,others,21.8,2025-08-10
100003990,2025-08-10,10 Practice Credits,practice,practice,10 practice,others,174.4,2025-08-10
100003991,2025-08-10,60 Mins Practise,practice,practice,60 mins practice,others,43.6,2025-08-10
100003992,2025-08-10,Trial Lesson W/ Paul F,trial,trial,Trial lesson,Paul Finch,119.9,2025-08-10
100003993,2025-08-10,10 Practice Credits,practice,practice,10 practice,others,174.4,2025-08-10
100003995,2025-08-11,10 Practice Credits,practice,practice,10 practice,others,174.4,2025-08-11
100003997,2025-08-11,Trial Lesson W/ Desmond Tan,trial,trial,Trial lesson,Desmond Tan,119.9,2025-08-11
100003998,2025-08-11,60 Mins Practise,practice,practice,60 mins practice,others,43.6,2025-08-11
100003999,2025-08-11,30 Mins Practice Credit,practice,practice,30 mins practice,others,21.8,2025-08-11
100004002,2024-11-13,10 Practice Credits,practice,practice,10 practice,others,0.0,2024-11-13
100004002,2024-12-29,10 Practice Credits,practice,practice,10 practice,others,0.0,2024-11-13
100004002,2025-04-22,10 Practice Credits,practice,practice,10 practice,others,174.4,2024-11-13
100004002,2025-08-02,Trial Lesson W/ Kim On You,trial,trial,Trial lesson,Kim On You,119.9,2024-11-13
100004002,2025-08-11,10 Lesson Pack (Kim On You),lesson,lesson,10 lesson,Kim On You,981.0,2024-11-13
100004002,2025-08-11,10 Practice Credits,practice,practice,10 practice,others,156.96,2024-11-13
100004003,2025-08-11,10 Practice Credits,practice,practice,10 practice,others,174.4,2025-08-11
100004005,2025-08-12,10 Practice Credits,practice,practice,10 practice,others,174.4,2025-08-12
100004006,2025-08-12,Trial Lesson W/ Desmond Tan,trial,trial,Trial lesson,Desmond Tan,119.9,2025-08-12
100004006,2025-08-15,30 Mins Practice Credit,practice,practice,30 mins practice,others,21.8,2025-08-12
100004007,2025-08-12,25 Practice Credits,practice,practice,25 practice,others,408.75,2025-08-12
100004008,2025-08-12,30 Mins Practice Credit,practice,practice,30 mins practice,others,21.8,2025-08-12
100004010,2025-08-12,10 Practice Credits,practice,practice,10 practice,others,174.4,2025-08-12
100004011,2025-08-12,30 Mins Practice Credit,practice,practice,30 mins practice,others,21.8,2025-08-12
100004012,2025-08-12,Trial Lesson W/ Desmond Tan,trial,trial,Trial lesson,Desmond Tan,119.9,2025-08-12
100004013,2025-08-13,Trial Lesson W/ Kim On You,trial,trial,Trial lesson,Kim On You,119.9,2025-08-13
100004013,2025-08-14,10 Lesson Pack (Kim On You),lesson,lesson,10 lesson,Kim On You,981.0,2025-08-13
100004013,2025-08-14,10 Practice Credits,practice,practice,10 practice,others,156.96,2025-08-13
100004014,2025-08-13,60 Mins Practise,practice,practice,60 mins practice,others,43.6,2025-08-13
100004015,2025-08-13,30 Mins Practice Credit,practice,practice,30 mins practice,others,43.6,2025-08-13
100004016,2025-08-13,Group Trial Jiali,trial,trial,Group Trial,Jiali Khee,196.2,2025-08-13
100004019,2025-08-14,30 Mins Practice Credit,practice,practice,30 mins practice,others,21.8,2025-08-14
100004022,2025-08-14,Trial Lesson W/ Johnson Poh,trial,trial,Trial lesson,Johnson Poh,119.9,2025-08-14
100004023,2025-08-15,30 Mins Practice Credit,practice,practice,30 mins practice,others,21.8,2025-08-15
100004025,2025-08-15,30 Mins Practice Credit,practice,practice,30 mins practice,others,21.8,2025-08-15
100004027,2025-08-15,10 Practice Credits,practice,practice,10 practice,others,174.4,2025-08-15
100004028,2025-08-15,30 Mins Practice Credit,practice,practice,30 mins practice,others,21.8,2025-08-15
100004029,2025-08-15,10 Lesson Pack (Jiali Khee.),lesson,lesson,10 lesson,Jiali Khee,981.0,2025-08-15
100004029,2025-08-15,25 Practice Credits,practice,practice,25 practice,others,367.88,2025-08-15
100004029,2025-08-15,Trial Lesson W/ Jiali Khee,trial,trial,Trial lesson,Jiali Khee,119.9,2025-08-15
100004030,2025-08-15,Trial Lesson W/ Joey Poh,trial,trial,Trial lesson,Joey Poh,119.9,2025-08-15
100004031,2025-08-15,Trial Lesson w/ Jasper ,trial,trial,Trial lesson,Jasper Park,119.9,2025-08-15
100004032,2025-08-16,25 Practice Credits,practice,practice,25 practice,others,408.75,2025-08-16
100004033,2025-08-16,10 Semi Private (1:2 Lesson) W/ Desmond Tan,lesson,lesson,10 group lesson,Desmond Tan,2594.2,2025-08-16
100004033,2025-08-20,30 Mins Practice Credit,practice,practice,30 mins practice,others,21.8,2025-08-16
100004034,2025-08-16,50 Practice Credits,practice,practice,50 practice,others,763.0,2025-08-16
100004035,2025-08-16,30 Mins Practice Credit,practice,practice,30 mins practice,others,43.6,2025-08-16
100004036,2025-08-16,Trial Lesson W/ Johnson Poh,trial,trial,Trial lesson,Johnson Poh,119.9,2025-08-16
100004038,2025-08-17,10 Practice Credits,practice,practice,10 practice,others,174.4,2025-08-17
100004039,2025-08-17,Golfzon 9 Holes - 2 Pax,play,play,Golfzon,others,87.2,2025-08-17
100004040,2025-08-17,10 Practice Credits,practice,practice,10 practice,others,174.4,2025-08-17
100004041,2025-08-17,30 Mins Practice Credit,practice,practice,30 mins practice,others,21.8,2025-08-17
100004042,2025-08-17,30 Mins Practice Credit,practice,practice,30 mins practice,others,21.8,2025-08-17
100004043,2025-08-17,10 Practice Credits,practice,practice,10 practice,others,174.4,2025-08-17
100004045,2025-08-17,60 Mins Practise,practice,practice,60 mins practice,others,43.6,2025-08-17
100004046,2025-08-17,30 Mins Practice Credit,practice,practice,30 mins practice,others,43.6,2025-08-17
100004048,2025-08-17,Trial Lesson W/ Paul F,trial,trial,Trial lesson,Paul Finch,119.9,2025-08-17
100004049,2025-08-17,Golfzon 18 Holes - 2 Pax,play,play,Golfzon,others,130.8,2025-08-17
100004050,2025-08-17,25 Practice Credits,practice,practice,25 practice,others,408.75,2025-08-17
100004051,2025-08-17,30 Mins Practice Credit,practice,practice,30 mins practice,others,21.8,2025-08-17
100004051,2025-08-18,10 Practice Credits,practice,practice,10 practice,others,174.4,2025-08-17
100004053,2025-08-18,10 Practice Credits,practice,practice,10 practice,others,174.4,2025-08-18
100004054,2025-08-18,Trial Lesson W/ Kim On You,trial,trial,Trial lesson,Kim On You,119.9,2025-08-18
100004055,2025-08-20,Trial Lesson W/ Kim On You,trial,trial,Trial lesson,Kim On You,119.9,2025-08-20
100004056,2025-08-18,Trial Lesson W/ Joey Poh,trial,trial,Trial lesson,Joey Poh,119.9,2025-08-18
100004056,2025-08-21,30 Mins Practice Credit,practice,practice,30 mins practice,others,21.8,2025-08-18
100004056,2025-08-21,Trial Lesson W/ Desmond Tan,trial,trial,Trial lesson,Desmond Tan,119.9,2025-08-18
100004057,2025-08-18,30 Mins Practice Credit,practice,practice,30 mins practice,others,87.2,2025-08-18
100004058,2025-08-18,30 Mins Practice Credit,practice,practice,30 mins practice,others,21.8,2025-08-18
100004059,2025-08-18,Trial Lesson W/ Desmond Tan,trial,trial,Trial lesson,Desmond Tan,119.9,2025-08-18
100004060,2025-08-18,10 Practice Credits,practice,practice,10 practice,others,174.4,2025-08-18
100004062,2025-08-18,60 Mins Practise,practice,practice,60 mins practice,others,43.6,2025-08-18
100004063,2025-08-19,Trial Lesson W/ Kim On You,trial,trial,Trial lesson,Kim On You,119.9,2025-08-19
100004064,2025-08-19,30 Mins Practice Credit,practice,practice,30 mins practice,others,21.8,2025-08-19
100004065,2025-08-19,30 Mins Practice Credit,practice,practice,30 mins practice,others,21.8,2025-08-19
100004066,2025-08-19,30 Mins Practice Credit,practice,practice,30 mins practice,others,21.8,2025-08-19
100004067,2025-08-19,60 Mins Practise,practice,practice,60 mins practice,others,87.2,2025-08-19
100004068,2025-08-19,30 Mins Practice Credit,practice,practice,30 mins practice,others,21.8,2025-08-19
100004069,2025-08-19,Trial Lesson W/ Jiali Khee,trial,trial,Trial lesson,Jiali Khee,119.9,2025-08-19
100004070,2025-08-19,Group Trial Paul,trial,trial,Group Trial,Paul Finch,196.2,2025-08-19
100004071,2025-08-20,30 Mins Practice Credit,practice,practice,30 mins practice,others,21.8,2025-08-20
100004072,2025-08-20,30 Mins Practice Credit,practice,practice,30 mins practice,others,21.8,2025-08-20
100004073,2025-08-20,30 Mins Practice Credit,practice,practice,30 mins practice,others,43.6,2025-08-20
100004074,2025-08-20,30 Mins Practice Credit,practice,practice,30 mins practice,others,21.8,2025-08-20
100004075,2025-08-20,10 Practice Credits,practice,practice,10 practice,others,174.4,2025-08-20
100004076,2025-08-20,10 Practice Credits,practice,practice,10 practice,others,174.4,2025-08-20
100004077,2025-08-20,30 Mins Practice Credit,practice,practice,30 mins practice,others,21.8,2025-08-20
100004079,2025-08-21,Group Trial Desmond,trial,trial,Group Trial,Desmond Tan,196.2,2025-08-21
100004081,2025-08-21,Trial Lesson W/ Aiko H,trial,trial,Trial lesson,Aiko H,119.9,2025-08-21
100004084,2025-08-22,30 Mins Practice Credit,practice,practice,30 mins practice,others,21.8,2025-08-22
100004085,2025-08-22,60 Mins Practise,practice,practice,60 mins practice,others,43.6,2025-08-22
100004086,2025-08-22,90 Mins practice,practice,practice,90 mins practice,others,65.4,2025-08-22
100004087,2025-08-22,Trial Lesson W/ Desmond Tan,trial,trial,Trial lesson,Desmond Tan,119.9,2025-08-22
-2,2025-06-11,,churned,,,,,
100000000,2024-10-07,,churned,,,,,2024-09-27
100000001,2024-12-16,,churned,,,,,2024-12-16
100000004,2025-03-28,,churned,,,,,2024-10-07
100000007,2025-04-15,,churned,,,,,2024-12-09
100000009,2024-10-21,,churned,,,,,2024-10-21
100000011,2024-10-21,,churned,,,,,2024-10-21
100000012,2025-04-12,,churned,,,,,2024-10-21
100000013,2024-10-21,,churned,,,,,2024-10-21
100000015,2024-10-21,,churned,,,,,2024-10-21
100000016,2024-10-21,,churned,,,,,2024-10-21
100000017,2024-10-21,,churned,,,,,2024-10-21
100000019,2025-05-10,,churned,,,,,2024-10-21
100000020,2025-06-18,,churned,,,,,2024-10-21
100000022,2025-03-27,,churned,,,,,2024-10-21
100000023,2024-10-21,,churned,,,,,2024-10-21
100000024,2024-12-02,,churned,,,,,2024-10-21
100000025,2024-10-21,,churned,,,,,2024-10-21
100000027,2024-10-21,,churned,,,,,2024-10-21
100000030,2024-10-21,,churned,,,,,2024-10-21
100000031,2025-03-29,,churned,,,,,2024-10-21
100000032,2025-05-17,,churned,,,,,2024-10-21
100000033,2024-10-21,,churned,,,,,2024-10-21
100000034,2024-10-21,,churned,,,,,2024-10-21
100000035,2025-05-20,,churned,,,,,2024-10-21
100000036,2024-10-21,,churned,,,,,2024-10-21
100000037,2024-10-21,,churned,,,,,2024-10-21
100000038,2025-01-19,,churned,,,,,2024-10-21
100000043,2024-10-21,,churned,,,,,2024-10-21
100000045,2024-10-21,,churned,,,,,2024-10-21
100000047,2024-10-21,,churned,,,,,2024-10-21
100000048,2025-03-21,,churned,,,,,2024-10-21
100000049,2024-10-21,,churned,,,,,2024-10-21
100000050,2024-10-21,,churned,,,,,2024-10-21
100000051,2024-10-21,,churned,,,,,2024-10-21
100000054,2024-10-21,,churned,,,,,2024-10-21
100000055,2024-10-21,,churned,,,,,2024-10-21
100000056,2025-05-04,,churned,,,,,2024-10-21
100000059,2024-10-21,,churned,,,,,2024-10-21
100000060,2024-10-21,,churned,,,,,2024-10-21
100000066,2024-10-21,,churned,,,,,2024-10-21
100000067,2025-01-06,,churned,,,,,2024-10-21
100000068,2024-10-21,,churned,,,,,2024-10-21
100000072,2024-10-21,,churned,,,,,2024-10-21
100000074,2024-10-21,,churned,,,,,2024-10-21
100000075,2024-10-21,,churned,,,,,2024-10-21
100000076,2024-10-21,,churned,,,,,2024-10-21
100000077,2024-10-21,,churned,,,,,2024-10-21
100000078,2025-04-16,,churned,,,,,2024-10-21
100000080,2024-10-21,,churned,,,,,2024-10-21
100000081,2025-03-21,,churned,,,,,2024-10-21
100000083,2024-10-21,,churned,,,,,2024-10-21
100000084,2024-10-21,,churned,,,,,2024-10-21
100000085,2024-10-21,,churned,,,,,2024-10-21
100000087,2024-10-21,,churned,,,,,2024-10-21
100000090,2024-10-21,,churned,,,,,2024-10-21
100000091,2024-10-21,,churned,,,,,2024-10-21
100000094,2025-05-18,,churned,,,,,2024-10-21
100000097,2024-10-21,,churned,,,,,2024-10-21
100000098,2025-06-13,,churned,,,,,2024-10-21
100000099,2025-04-13,,churned,,,,,2024-10-21
100000101,2024-10-21,,churned,,,,,2024-10-21
100000103,2024-10-21,,churned,,,,,2024-10-21
100000104,2024-10-21,,churned,,,,,2024-10-21
100000105,2024-10-21,,churned,,,,,2024-10-21
100000106,2025-04-19,,churned,,,,,2024-10-21
100000107,2024-10-21,,churned,,,,,2024-10-21
100000108,2024-10-21,,churned,,,,,2024-10-21
100000109,2025-06-17,,churned,,,,,2024-10-21
100000110,2024-10-21,,churned,,,,,2024-10-21
100000111,2024-10-21,,churned,,,,,2024-10-21
100000112,2025-01-19,,churned,,,,,2024-10-21
100000113,2025-03-24,,churned,,,,,2024-10-21
100000114,2024-10-21,,churned,,,,,2024-10-21
100000115,2024-10-21,,churned,,,,,2024-10-21
100000116,2025-05-02,,churned,,,,,2024-10-21
100000118,2024-10-21,,churned,,,,,2024-10-21
100000119,2024-10-21,,churned,,,,,2024-10-21
100000120,2024-10-21,,churned,,,,,2024-10-21
100000121,2025-06-08,,churned,,,,,2024-10-21
100000123,2024-10-21,,churned,,,,,2024-10-21
100000124,2024-10-21,,churned,,,,,2024-10-21
100000125,2024-10-21,,churned,,,,,2024-10-21
100000126,2025-01-02,,churned,,,,,2024-10-21
100000127,2024-10-21,,churned,,,,,2024-10-21
100000128,2025-01-16,,churned,,,,,2024-10-21
100000129,2024-10-21,,churned,,,,,2024-10-21
100000130,2024-10-21,,churned,,,,,2024-10-21
100000133,2024-10-21,,churned,,,,,2024-10-21
100000134,2024-10-21,,churned,,,,,2024-10-21
100000135,2025-05-01,,churned,,,,,2024-10-21
100000137,2024-10-21,,churned,,,,,2024-10-21
100000138,2024-10-21,,churned,,,,,2024-10-21
100000139,2024-10-21,,churned,,,,,2024-10-21
100000142,2025-05-26,,churned,,,,,2024-10-21
100000143,2024-10-21,,churned,,,,,2024-10-21
100000148,2024-10-21,,churned,,,,,2024-10-21
100000150,2024-10-21,,churned,,,,,2024-10-21
100000151,2024-10-21,,churned,,,,,2024-10-21
100000154,2024-10-21,,churned,,,,,2024-10-21
100000156,2024-10-21,,churned,,,,,2024-10-21
100000157,2025-03-23,,churned,,,,,2024-10-21
100000158,2024-10-21,,churned,,,,,2024-10-21
100000160,2024-10-21,,churned,,,,,2024-10-21
100000161,2025-06-22,,churned,,,,,2024-12-27
100000162,2024-10-21,,churned,,,,,2024-10-21
100000163,2024-10-21,,churned,,,,,2024-10-21
100000165,2025-01-20,,churned,,,,,2024-10-21
100000167,2024-10-21,,churned,,,,,2024-10-21
100000168,2024-10-21,,churned,,,,,2024-10-21
100000170,2025-05-08,,churned,,,,,2024-10-21
100000172,2024-10-21,,churned,,,,,2024-10-21
100000174,2024-10-21,,churned,,,,,2024-10-21
100000175,2024-10-21,,churned,,,,,2024-10-21
100000176,2025-03-24,,churned,,,,,2024-10-21
100000178,2025-04-01,,churned,,,,,2024-10-21
100000180,2025-05-04,,churned,,,,,2024-10-21
100000182,2025-06-13,,churned,,,,,2024-10-21
100000191,2024-10-21,,churned,,,,,2024-10-21
100000192,2025-05-19,,churned,,,,,2024-10-21
100000194,2025-02-16,,churned,,,,,2024-10-21
100000195,2024-10-21,,churned,,,,,2024-10-21
100000197,2024-10-21,,churned,,,,,2024-10-21
100000198,2024-10-21,,churned,,,,,2024-10-21
100000199,2025-02-28,,churned,,,,,2024-10-21
100000200,2024-10-21,,churned,,,,,2024-10-21
100000202,2025-06-10,,churned,,,,,2024-10-21
100000203,2024-10-21,,churned,,,,,2024-10-21
100000204,2024-10-21,,churned,,,,,2024-10-21
100000205,2024-10-21,,churned,,,,,2024-10-21
100000206,2025-04-04,,churned,,,,,2024-10-22
100000207,2024-10-22,,churned,,,,,2024-10-22
100000208,2024-10-22,,churned,,,,,2024-10-22
100000209,2025-05-21,,churned,,,,,2024-10-22
100000213,2024-10-22,,churned,,,,,2024-10-22
100000215,2024-10-22,,churned,,,,,2024-10-22
100000217,2025-06-06,,churned,,,,,2024-10-22
100000218,2024-10-22,,churned,,,,,2024-10-22
100000222,2024-10-22,,churned,,,,,2024-10-22
100000223,2025-04-17,,churned,,,,,2024-10-22
100000224,2025-06-07,,churned,,,,,2024-10-22
100000225,2024-10-22,,churned,,,,,2024-10-22
100000226,2024-10-22,,churned,,,,,2024-10-22
100000229,2024-10-22,,churned,,,,,2024-10-22
100000230,2025-06-17,,churned,,,,,2024-10-22
100000232,2024-10-22,,churned,,,,,2024-10-22
100000233,2024-10-22,,churned,,,,,2024-10-22
100000234,2024-10-22,,churned,,,,,2024-10-22
100000235,2024-10-22,,churned,,,,,2024-10-22
100000236,2025-01-04,,churned,,,,,2024-10-22
100000237,2024-10-22,,churned,,,,,2024-10-22
100000240,2024-10-22,,churned,,,,,2024-10-22
100000241,2025-06-06,,churned,,,,,2024-10-22
100000245,2024-10-22,,churned,,,,,2024-10-22
100000246,2024-10-22,,churned,,,,,2024-10-22
100000247,2024-10-22,,churned,,,,,2024-10-22
100000249,2024-10-22,,churned,,,,,2024-10-22
100000250,2024-10-22,,churned,,,,,2024-10-22
100000251,2024-10-22,,churned,,,,,2024-10-22
100000252,2024-10-22,,churned,,,,,2024-10-22
100000253,2024-10-22,,churned,,,,,2024-10-22
100000255,2024-10-22,,churned,,,,,2024-10-22
100000257,2024-10-22,,churned,,,,,2024-10-22
100000258,2024-10-22,,churned,,,,,2024-10-22
100000259,2024-10-22,,churned,,,,,2024-10-22
100000261,2025-03-16,,churned,,,,,2024-10-22
100000262,2024-10-22,,churned,,,,,2024-10-22
100000263,2024-10-22,,churned,,,,,2024-10-22
100000264,2024-10-22,,churned,,,,,2024-10-22
100000265,2024-10-22,,churned,,,,,2024-10-22
100000266,2024-10-22,,churned,,,,,2024-10-22
100000268,2024-10-22,,churned,,,,,2024-10-22
100000269,2024-12-27,,churned,,,,,2024-10-22
100000272,2024-10-22,,churned,,,,,2024-10-22
100000273,2024-10-22,,churned,,,,,2024-10-22
100000274,2024-10-22,,churned,,,,,2024-10-22
100000277,2024-10-22,,churned,,,,,2024-10-22
100000278,2024-10-22,,churned,,,,,2024-10-22
100000279,2024-10-22,,churned,,,,,2024-10-22
100000282,2024-10-22,,churned,,,,,2024-10-22
100000283,2024-10-22,,churned,,,,,2024-10-22
100000284,2024-10-22,,churned,,,,,2024-10-22
100000285,2024-12-26,,churned,,,,,2024-10-25
100000286,2024-10-22,,churned,,,,,2024-10-22
100000288,2024-10-22,,churned,,,,,2024-10-22
100000289,2025-03-18,,churned,,,,,2024-10-22
100000290,2024-10-22,,churned,,,,,2024-10-22
100000291,2024-10-22,,churned,,,,,2024-10-22
100000292,2024-10-22,,churned,,,,,2024-10-22
100000293,2024-10-22,,churned,,,,,2024-10-22
100000295,2024-10-22,,churned,,,,,2024-10-22
100000298,2024-10-22,,churned,,,,,2024-10-22
100000300,2024-10-22,,churned,,,,,2024-10-22
100000301,2025-04-28,,churned,,,,,2025-04-17
100000302,2024-10-22,,churned,,,,,2024-10-22
100000303,2024-10-22,,churned,,,,,2024-10-22
100000304,2024-10-22,,churned,,,,,2024-10-22
100000305,2024-10-22,,churned,,,,,2024-10-22
100000306,2024-10-22,,churned,,,,,2024-10-22
100000309,2024-10-22,,churned,,,,,2024-10-22
100000310,2024-10-22,,churned,,,,,2024-10-22
100000311,2024-10-22,,churned,,,,,2024-10-22
100000312,2024-10-22,,churned,,,,,2024-10-22
100000313,2024-10-22,,churned,,,,,2024-10-22
100000315,2024-10-22,,churned,,,,,2024-10-22
100000316,2025-06-13,,churned,,,,,2024-10-22
100000317,2025-04-07,,churned,,,,,2024-10-22
100000318,2025-02-08,,churned,,,,,2024-10-22
100000320,2024-10-22,,churned,,,,,2024-10-22
100000321,2024-10-22,,churned,,,,,2024-10-22
100000323,2024-10-22,,churned,,,,,2024-10-22
100000324,2024-10-22,,churned,,,,,2024-10-22
100000325,2025-05-03,,churned,,,,,2024-10-22
100000326,2025-04-18,,churned,,,,,2024-10-22
100000327,2024-10-22,,churned,,,,,2024-10-22
100000328,2024-10-22,,churned,,,,,2024-10-22
100000329,2025-01-18,,churned,,,,,2024-10-22
100000330,2024-10-22,,churned,,,,,2024-10-22
100000331,2025-01-11,,churned,,,,,2024-10-22
100000332,2024-10-22,,churned,,,,,2024-10-22
100000333,2024-10-22,,churned,,,,,2024-10-22
100000334,2024-10-22,,churned,,,,,2024-10-22
100000335,2024-10-22,,churned,,,,,2024-10-22
100000336,2024-10-22,,churned,,,,,2024-10-22
100000338,2025-03-20,,churned,,,,,2024-10-22
100000339,2024-10-22,,churned,,,,,2024-10-22
100000340,2024-10-22,,churned,,,,,2024-10-22
100000341,2024-10-22,,churned,,,,,2024-10-22
100000342,2025-05-28,,churned,,,,,2024-10-22
100000345,2025-05-29,,churned,,,,,2024-10-22
100000347,2024-10-22,,churned,,,,,2024-10-22
100000348,2025-06-10,,churned,,,,,2024-10-22
100000349,2024-10-22,,churned,,,,,2024-10-22
100000350,2024-10-22,,churned,,,,,2024-10-22
100000354,2025-05-09,,churned,,,,,2024-12-11
100000355,2025-04-17,,churned,,,,,2024-10-22
100000357,2024-10-22,,churned,,,,,2024-10-22
100000360,2024-10-22,,churned,,,,,2024-10-22
100000362,2024-10-22,,churned,,,,,2024-10-22
100000363,2024-10-22,,churned,,,,,2024-10-22
100000364,2024-10-22,,churned,,,,,2024-10-22
100000365,2024-10-22,,churned,,,,,2024-10-22
100000366,2025-06-14,,churned,,,,,2024-10-22
100000367,2024-10-22,,churned,,,,,2024-10-22
100000368,2024-10-22,,churned,,,,,2024-10-22
100000369,2025-01-11,,churned,,,,,2024-12-02
100000370,2024-10-23,,churned,,,,,2024-10-23
100000371,2024-10-23,,churned,,,,,2024-10-23
100000372,2025-02-21,,churned,,,,,2024-10-23
100000374,2025-02-08,,churned,,,,,2024-10-23
100000378,2025-03-24,,churned,,,,,2024-10-23
100000379,2024-10-23,,churned,,,,,2024-10-23
100000380,2024-10-23,,churned,,,,,2024-10-23
100000381,2024-10-23,,churned,,,,,2024-10-23
100000382,2024-10-23,,churned,,,,,2024-10-23
100000385,2024-10-23,,churned,,,,,2024-10-23
100000386,2024-10-23,,churned,,,,,2024-10-23
100000392,2025-05-08,,churned,,,,,2024-10-23
100000395,2024-12-03,,churned,,,,,2024-12-03
100000396,2025-05-30,,churned,,,,,2024-10-23
100000398,2025-03-26,,churned,,,,,2024-10-23
100000399,2025-02-25,,churned,,,,,2024-10-23
100000401,2024-10-23,,churned,,,,,2024-10-23
100000402,2025-03-05,,churned,,,,,2024-10-23
100000405,2025-04-13,,churned,,,,,2024-10-23
100000406,2024-10-23,,churned,,,,,2024-10-23
100000408,2024-10-23,,churned,,,,,2024-10-23
100000410,2024-10-23,,churned,,,,,2024-10-23
100000412,2024-10-23,,churned,,,,,2024-10-23
100000413,2024-10-23,,churned,,,,,2024-10-23
100000414,2024-10-23,,churned,,,,,2024-10-23
100000415,2025-01-10,,churned,,,,,2024-10-23
100000416,2024-10-23,,churned,,,,,2024-10-23
100000417,2025-04-20,,churned,,,,,2024-10-23
100000419,2024-10-23,,churned,,,,,2024-10-23
100000420,2024-10-23,,churned,,,,,2024-10-23
100000421,2024-10-23,,churned,,,,,2024-10-23
100000422,2024-10-23,,churned,,,,,2024-10-23
100000423,2025-05-03,,churned,,,,,2024-10-23
100000424,2024-10-23,,churned,,,,,2024-10-23
100000425,2024-10-23,,churned,,,,,2024-10-23
100000426,2025-06-15,,churned,,,,,2024-10-23
100000427,2024-10-23,,churned,,,,,2024-10-23
100000428,2025-01-06,,churned,,,,,2024-10-23
100000429,2025-05-30,,churned,,,,,2024-10-23
100000430,2025-03-22,,churned,,,,,2024-10-23
100000431,2024-10-23,,churned,,,,,2024-10-23
100000433,2024-10-23,,churned,,,,,2024-10-23
100000434,2025-02-28,,churned,,,,,2024-10-23
100000435,2024-10-23,,churned,,,,,2024-10-23
100000436,2025-02-21,,churned,,,,,2024-10-23
100000437,2024-10-23,,churned,,,,,2024-10-23
100000439,2025-02-25,,churned,,,,,2024-10-23
100000443,2025-05-16,,churned,,,,,2024-10-23
100000444,2025-05-02,,churned,,,,,2024-10-23
100000447,2024-10-23,,churned,,,,,2024-10-23
100000448,2025-04-23,,churned,,,,,2024-10-23
100000449,2025-03-18,,churned,,,,,2024-10-23
100000450,2025-03-16,,churned,,,,,2024-10-23
100000451,2025-03-20,,churned,,,,,2024-10-23
100000453,2024-10-23,,churned,,,,,2024-10-23
100000454,2025-06-15,,churned,,,,,2024-10-23
100000455,2025-05-22,,churned,,,,,2024-10-23
100000457,2024-10-24,,churned,,,,,2024-10-24
100000458,2024-10-24,,churned,,,,,2024-10-24
100000459,2025-02-16,,churned,,,,,2024-10-24
100000460,2024-10-24,,churned,,,,,2024-10-24
100000461,2024-10-24,,churned,,,,,2024-10-24
100000462,2024-10-24,,churned,,,,,2024-10-24
100000465,2024-10-24,,churned,,,,,2024-10-24
100000466,2025-04-20,,churned,,,,,2024-10-24
100000468,2024-10-24,,churned,,,,,2024-10-24
100000470,2024-10-24,,churned,,,,,2024-10-24
100000471,2024-10-24,,churned,,,,,2024-10-24
100000472,2025-02-25,,churned,,,,,2024-10-24
100000473,2025-04-08,,churned,,,,,2024-10-24
100000476,2024-10-24,,churned,,,,,2024-10-24
100000477,2024-10-24,,churned,,,,,2024-10-24
100000478,2025-03-15,,churned,,,,,2024-10-24
100000481,2025-03-23,,churned,,,,,2024-10-24
100000482,2025-05-14,,churned,,,,,2024-10-24
100000483,2025-04-09,,churned,,,,,2024-10-24
100000484,2025-02-22,,churned,,,,,2024-10-24
100000485,2024-10-24,,churned,,,,,2024-10-24
100000487,2024-10-24,,churned,,,,,2024-10-24
100000489,2024-10-24,,churned,,,,,2024-10-24
100000490,2025-03-16,,churned,,,,,2024-10-24
100000491,2024-10-24,,churned,,,,,2024-10-24
100000492,2025-04-26,,churned,,,,,2024-10-24
100000494,2024-10-24,,churned,,,,,2024-10-24
100000495,2024-10-24,,churned,,,,,2024-10-24
100000496,2024-10-24,,churned,,,,,2024-10-24
100000497,2024-10-24,,churned,,,,,2024-10-24
100000498,2025-05-27,,churned,,,,,2024-10-24
100000500,2024-10-24,,churned,,,,,2024-10-24
100000501,2025-02-02,,churned,,,,,2024-10-24
100000502,2024-10-24,,churned,,,,,2024-10-24
100000503,2025-03-01,,churned,,,,,2024-10-24
100000504,2024-10-24,,churned,,,,,2024-10-24
100000505,2024-10-24,,churned,,,,,2024-10-24
100000506,2025-03-16,,churned,,,,,2024-10-24
100000507,2024-10-24,,churned,,,,,2024-10-24
100000509,2024-10-24,,churned,,,,,2024-10-24
100000511,2024-10-24,,churned,,,,,2024-10-24
100000512,2025-02-05,,churned,,,,,2025-02-05
100000513,2025-02-02,,churned,,,,,2024-10-24
100000516,2024-10-24,,churned,,,,,2024-10-24
100000517,2025-01-05,,churned,,,,,2024-10-24
100000520,2024-10-24,,churned,,,,,2024-10-24
100000521,2025-02-22,,churned,,,,,2024-10-24
100000524,2024-10-24,,churned,,,,,2024-10-24
100000525,2024-10-24,,churned,,,,,2024-10-24
100000526,2024-10-24,,churned,,,,,2024-10-24
100000527,2024-10-24,,churned,,,,,2024-10-24
100000528,2024-10-24,,churned,,,,,2024-10-24
100000530,2024-10-24,,churned,,,,,2024-10-24
100000531,2024-10-24,,churned,,,,,2024-10-24
100000532,2024-10-24,,churned,,,,,2024-10-24
100000533,2024-10-24,,churned,,,,,2024-10-24
100000534,2025-05-20,,churned,,,,,2024-10-24
100000536,2025-04-17,,churned,,,,,2024-10-24
100000537,2024-10-24,,churned,,,,,2024-10-24
100000539,2024-10-24,,churned,,,,,2024-10-24
100000541,2024-10-24,,churned,,,,,2024-10-24
100000542,2024-10-24,,churned,,,,,2024-10-24
100000543,2024-10-24,,churned,,,,,2024-10-24
100000545,2024-10-24,,churned,,,,,2024-10-24
100000546,2024-12-28,,churned,,,,,2024-10-24
100000547,2025-06-01,,churned,,,,,2024-10-24
100000551,2024-10-24,,churned,,,,,2024-10-24
100000553,2024-10-24,,churned,,,,,2024-10-24
100000555,2024-10-24,,churned,,,,,2024-10-24
100000557,2025-04-27,,churned,,,,,2024-10-24
100000558,2024-10-24,,churned,,,,,2024-10-24
100000564,2024-10-24,,churned,,,,,2024-10-24
100000565,2024-10-24,,churned,,,,,2024-10-24
100000566,2024-10-24,,churned,,,,,2024-10-24
100000567,2025-02-23,,churned,,,,,2024-10-24
100000568,2025-03-22,,churned,,,,,2024-10-24
100000569,2024-10-24,,churned,,,,,2024-10-24
100000570,2024-10-24,,churned,,,,,2024-10-24
100000571,2025-04-15,,churned,,,,,2024-10-24
100000572,2025-04-22,,churned,,,,,2024-10-24
100000573,2024-10-24,,churned,,,,,2024-10-24
100000574,2025-03-24,,churned,,,,,2024-10-24
100000575,2024-10-24,,churned,,,,,2024-10-24
100000578,2025-03-23,,churned,,,,,2024-10-24
100000580,2024-10-24,,churned,,,,,2024-10-24
100000582,2024-10-24,,churned,,,,,2024-10-24
100000583,2025-05-21,,churned,,,,,2024-10-24
100000586,2024-10-24,,churned,,,,,2024-10-24
100000587,2024-10-24,,churned,,,,,2024-10-24
100000589,2024-10-24,,churned,,,,,2024-10-24
100000590,2024-10-24,,churned,,,,,2024-10-24
100000592,2025-05-12,,churned,,,,,2024-10-24
100000593,2024-10-24,,churned,,,,,2024-10-24
100000595,2024-10-24,,churned,,,,,2024-10-24
100000597,2025-06-11,,churned,,,,,2024-10-24
100000598,2025-05-03,,churned,,,,,2024-10-24
100000599,2024-10-24,,churned,,,,,2024-10-24
100000600,2025-04-28,,churned,,,,,2024-10-24
100000601,2025-02-23,,churned,,,,,2024-10-24
100000602,2025-01-25,,churned,,,,,2024-10-24
100000604,2025-05-10,,churned,,,,,2024-10-24
100000605,2024-12-28,,churned,,,,,2024-10-24
100000606,2024-10-24,,churned,,,,,2024-10-24
100000607,2025-03-28,,churned,,,,,2024-10-24
100000608,2024-10-24,,churned,,,,,2024-10-24
100000609,2024-10-24,,churned,,,,,2024-10-24
100000611,2024-10-24,,churned,,,,,2024-10-24
100000613,2024-10-24,,churned,,,,,2024-10-24
100000614,2024-10-24,,churned,,,,,2024-10-24
100000616,2024-10-24,,churned,,,,,2024-10-24
100000619,2024-10-24,,churned,,,,,2024-10-24
100000620,2024-10-24,,churned,,,,,2024-10-24
100000621,2025-05-16,,churned,,,,,2024-10-24
100000622,2025-04-12,,churned,,,,,2024-10-24
100000623,2025-03-03,,churned,,,,,2024-10-24
100000624,2025-05-28,,churned,,,,,2024-10-24
100000625,2025-01-04,,churned,,,,,2024-10-24
100000626,2024-10-24,,churned,,,,,2024-10-24
100000627,2025-03-02,,churned,,,,,2024-10-24
100000628,2024-10-24,,churned,,,,,2024-10-24
100000631,2024-12-26,,churned,,,,,2024-10-24
100000636,2024-10-24,,churned,,,,,2024-10-24
100000637,2025-03-06,,churned,,,,,2024-10-24
100000638,2025-03-29,,churned,,,,,2024-10-24
100000641,2024-10-24,,churned,,,,,2024-10-24
100000642,2025-01-14,,churned,,,,,2024-10-24
100000643,2025-04-13,,churned,,,,,2024-10-24
100000644,2024-10-24,,churned,,,,,2024-10-24
100000645,2024-12-30,,churned,,,,,2024-10-24
100000646,2024-10-24,,churned,,,,,2024-10-24
100000647,2024-10-24,,churned,,,,,2024-10-24
100000648,2024-10-24,,churned,,,,,2024-10-24
100000650,2024-10-24,,churned,,,,,2024-10-24
100000651,2024-10-24,,churned,,,,,2024-10-24
100000652,2024-10-24,,churned,,,,,2024-10-24
100000654,2024-10-24,,churned,,,,,2024-10-24
100000655,2024-10-24,,churned,,,,,2024-10-24
100000656,2024-10-24,,churned,,,,,2024-10-24
100000657,2024-10-24,,churned,,,,,2024-10-24
100000658,2024-10-24,,churned,,,,,2024-10-24
100000659,2024-10-24,,churned,,,,,2024-10-24
100000660,2024-10-24,,churned,,,,,2024-10-24
100000661,2024-10-24,,churned,,,,,2024-10-24
100000663,2024-12-31,,churned,,,,,2024-10-24
100000665,2024-12-27,,churned,,,,,2024-12-27
100000667,2025-06-05,,churned,,,,,2024-10-24
100000671,2024-10-24,,churned,,,,,2024-10-24
100000672,2025-04-28,,churned,,,,,2024-10-24
100000675,2025-05-16,,churned,,,,,2024-10-24
100000676,2025-05-21,,churned,,,,,2024-10-24
100000680,2024-10-24,,churned,,,,,2024-10-24
100000681,2024-10-24,,churned,,,,,2024-10-24
100000682,2024-10-24,,churned,,,,,2024-10-24
100000683,2025-02-28,,churned,,,,,2024-10-24
100000685,2024-10-24,,churned,,,,,2024-10-24
100000688,2024-10-24,,churned,,,,,2024-10-24
100000689,2025-05-28,,churned,,,,,2024-10-24
100000691,2024-10-24,,churned,,,,,2024-10-24
100000692,2025-03-26,,churned,,,,,2025-02-20
100000693,2025-04-11,,churned,,,,,2024-10-24
100000694,2025-06-20,,churned,,,,,2024-10-24
100000697,2025-06-22,,churned,,,,,2024-10-24
100000698,2024-10-24,,churned,,,,,2024-10-24
100000702,2025-01-22,,churned,,,,,2024-10-24
100000703,2024-10-24,,churned,,,,,2024-10-24
100000704,2025-03-03,,churned,,,,,2024-10-24
100000705,2024-10-24,,churned,,,,,2024-10-24
100000708,2024-10-24,,churned,,,,,2024-10-24
100000711,2025-01-14,,churned,,,,,2024-10-25
100000712,2025-03-20,,churned,,,,,2024-10-25
100000715,2024-10-25,,churned,,,,,2024-10-25
100000717,2024-10-25,,churned,,,,,2024-10-25
100000719,2025-06-13,,churned,,,,,2024-10-25
100000721,2025-06-05,,churned,,,,,2024-10-25
100000724,2024-10-25,,churned,,,,,2024-10-25
100000725,2024-10-25,,churned,,,,,2024-10-25
100000726,2025-05-01,,churned,,,,,2024-10-25
100000729,2024-12-14,,churned,,,,,2024-12-14
100000735,2024-10-25,,churned,,,,,2024-10-25
100000736,2024-10-25,,churned,,,,,2024-10-25
100000737,2025-03-23,,churned,,,,,2024-10-25
100000738,2024-10-25,,churned,,,,,2024-10-25
100000739,2024-10-25,,churned,,,,,2024-10-25
100000741,2024-10-25,,churned,,,,,2024-10-25
100000745,2024-12-11,,churned,,,,,2024-10-25
100000746,2024-10-25,,churned,,,,,2024-10-25
100000750,2025-02-12,,churned,,,,,2024-10-25
100000751,2024-10-25,,churned,,,,,2024-10-25
100000752,2024-10-25,,churned,,,,,2024-10-25
100000753,2024-10-25,,churned,,,,,2024-10-25
100000757,2024-10-25,,churned,,,,,2024-10-25
100000758,2024-10-25,,churned,,,,,2024-10-25
100000759,2025-03-11,,churned,,,,,2024-10-25
100000762,2024-10-25,,churned,,,,,2024-10-25
100000765,2024-10-25,,churned,,,,,2024-10-25
100000767,2025-05-19,,churned,,,,,2024-10-25
100000768,2024-10-25,,churned,,,,,2024-10-25
100000769,2025-05-27,,churned,,,,,2024-11-15
100000773,2024-10-25,,churned,,,,,2024-10-25
100000774,2024-10-25,,churned,,,,,2024-10-25
100000775,2024-10-25,,churned,,,,,2024-10-25
100000776,2024-10-25,,churned,,,,,2024-10-25
100000777,2024-10-25,,churned,,,,,2024-10-25
100000778,2025-05-31,,churned,,,,,2024-10-25
100000781,2025-02-23,,churned,,,,,2024-10-25
100000782,2025-05-30,,churned,,,,,2024-10-25
100000783,2024-10-25,,churned,,,,,2024-10-25
100000784,2025-05-25,,churned,,,,,2024-10-25
100000786,2024-10-25,,churned,,,,,2024-10-25
100000788,2025-06-19,,churned,,,,,2024-10-25
100000789,2024-10-25,,churned,,,,,2024-10-25
100000792,2025-06-21,,churned,,,,,2024-10-25
100000793,2024-10-25,,churned,,,,,2024-10-25
100000794,2024-10-25,,churned,,,,,2024-10-25
100000795,2025-01-19,,churned,,,,,2024-10-25
100000796,2024-10-25,,churned,,,,,2024-10-25
100000798,2025-04-08,,churned,,,,,2024-10-25
100000799,2025-05-07,,churned,,,,,2024-10-25
100000800,2024-10-25,,churned,,,,,2024-10-25
100000805,2025-01-16,,churned,,,,,2024-10-25
100000806,2024-10-25,,churned,,,,,2024-10-25
100000807,2024-10-25,,churned,,,,,2024-10-25
100000810,2025-05-16,,churned,,,,,2024-10-25
100000811,2024-10-25,,churned,,,,,2024-10-25
100000812,2025-04-11,,churned,,,,,2024-10-25
100000813,2024-10-25,,churned,,,,,2024-10-25
100000815,2025-01-11,,churned,,,,,2024-10-25
100000816,2025-05-20,,churned,,,,,2024-10-25
100000817,2024-10-25,,churned,,,,,2024-10-25
100000818,2024-10-26,,churned,,,,,2024-10-26
100000819,2025-04-26,,churned,,,,,2024-10-26
100000820,2024-10-26,,churned,,,,,2024-10-26
100000821,2024-10-26,,churned,,,,,2024-10-26
100000823,2025-06-13,,churned,,,,,2024-10-26
100000825,2024-10-26,,churned,,,,,2024-10-26
100000826,2025-06-09,,churned,,,,,2024-10-26
100000827,2024-10-26,,churned,,,,,2024-10-26
100000828,2024-10-26,,churned,,,,,2024-10-26
100000829,2024-10-26,,churned,,,,,2024-10-26
100000830,2025-02-09,,churned,,,,,2024-10-26
100000832,2024-10-26,,churned,,,,,2024-10-26
100000833,2024-10-26,,churned,,,,,2024-10-26
100000834,2025-02-02,,churned,,,,,2024-10-26
100000835,2024-10-26,,churned,,,,,2024-10-26
100000836,2025-04-27,,churned,,,,,2024-10-26
100000837,2024-10-25,,churned,,,,,2024-10-25
100000838,2025-05-22,,churned,,,,,2024-10-26
100000839,2024-10-26,,churned,,,,,2024-10-26
100000842,2025-05-25,,churned,,,,,2024-10-26
100000849,2025-06-01,,churned,,,,,2024-10-28
100000850,2025-03-29,,churned,,,,,2024-10-28
100000851,2024-10-28,,churned,,,,,2024-10-28
100000852,2024-10-28,,churned,,,,,2024-10-28
100000856,2024-10-28,,churned,,,,,2024-10-28
100000857,2024-10-28,,churned,,,,,2024-10-28
100000860,2024-10-28,,churned,,,,,2024-10-28
100000861,2024-10-28,,churned,,,,,2024-10-28
100000862,2024-10-28,,churned,,,,,2024-10-28
100000863,2024-10-28,,churned,,,,,2024-10-28
100000864,2025-02-24,,churned,,,,,2024-10-28
100000865,2025-02-18,,churned,,,,,2024-10-28
100000866,2025-04-28,,churned,,,,,2024-10-28
100000867,2025-06-15,,churned,,,,,2024-10-28
100000871,2025-05-08,,churned,,,,,2024-10-28
100000874,2025-02-02,,churned,,,,,2024-10-28
100000875,2025-03-13,,churned,,,,,2024-10-28
100000876,2024-10-28,,churned,,,,,2024-10-28
100000881,2024-10-28,,churned,,,,,2024-10-28
100000882,2024-10-28,,churned,,,,,2024-10-28
100000883,2025-02-11,,churned,,,,,2024-10-28
100000884,2024-10-28,,churned,,,,,2024-10-28
100000885,2024-10-28,,churned,,,,,2024-10-28
100000886,2024-11-15,,churned,,,,,2024-11-15
100000887,2024-10-28,,churned,,,,,2024-10-28
100000888,2025-04-25,,churned,,,,,2024-10-28
100000890,2025-01-05,,churned,,,,,2024-12-27
100000891,2025-04-29,,churned,,,,,2024-10-28
100000894,2024-10-29,,churned,,,,,2024-10-29
100000895,2025-06-19,,churned,,,,,2024-10-29
100000896,2025-03-10,,churned,,,,,2024-10-29
100000898,2025-01-07,,churned,,,,,2024-10-29
100000899,2024-10-29,,churned,,,,,2024-10-29
100000900,2024-10-29,,churned,,,,,2024-10-29
100000901,2024-10-29,,churned,,,,,2024-10-29
100000902,2025-02-19,,churned,,,,,2024-10-29
100000904,2025-03-01,,churned,,,,,2024-10-29
100000906,2025-02-20,,churned,,,,,2024-10-29
100000907,2025-06-08,,churned,,,,,2024-10-29
100000908,2025-05-02,,churned,,,,,2024-10-29
100000910,2024-10-29,,churned,,,,,2024-10-29
100000913,2024-10-29,,churned,,,,,2024-10-29
100000914,2025-06-18,,churned,,,,,2024-10-29
100000916,2025-06-03,,churned,,,,,2024-10-29
100000918,2024-10-29,,churned,,,,,2024-10-29
100000919,2024-10-29,,churned,,,,,2024-10-29
100000920,2025-02-28,,churned,,,,,2024-10-29
100000922,2024-10-29,,churned,,,,,2024-10-29
100000925,2024-10-29,,churned,,,,,2024-10-29
100000926,2025-01-21,,churned,,,,,2024-10-29
100000929,2024-10-29,,churned,,,,,2024-10-29
100000930,2024-10-29,,churned,,,,,2024-10-29
100000931,2024-10-29,,churned,,,,,2024-10-29
100000932,2025-06-07,,churned,,,,,2024-10-29
100000933,2025-06-19,,churned,,,,,2024-10-29
100000934,2025-06-11,,churned,,,,,2024-10-29
100000936,2024-10-29,,churned,,,,,2024-10-29
100000937,2025-02-12,,churned,,,,,2024-10-29
100000940,2024-10-29,,churned,,,,,2024-10-29
100000942,2025-04-19,,churned,,,,,2024-10-29
100000943,2024-10-29,,churned,,,,,2024-10-29
100000944,2025-05-06,,churned,,,,,2024-10-29
100000946,2024-10-29,,churned,,,,,2024-10-29
100000947,2025-01-11,,churned,,,,,2024-10-29
100000949,2025-06-05,,churned,,,,,2024-10-29
100000950,2025-04-28,,churned,,,,,2024-10-29
100000951,2024-10-29,,churned,,,,,2024-10-29
100000953,2024-10-29,,churned,,,,,2024-10-29
100000956,2024-10-29,,churned,,,,,2024-10-29
100000957,2025-02-26,,churned,,,,,2024-10-29
100000958,2025-02-21,,churned,,,,,2024-10-29
100000959,2024-10-29,,churned,,,,,2024-10-29
100000960,2024-10-29,,churned,,,,,2024-10-29
100000961,2024-10-29,,churned,,,,,2024-10-29
100000964,2025-04-06,,churned,,,,,2024-10-29
100000966,2025-02-24,,churned,,,,,2024-10-29
100000967,2025-06-14,,churned,,,,,2024-10-29
100000968,2025-06-10,,churned,,,,,2024-10-29
100000970,2024-10-29,,churned,,,,,2024-10-29
100000973,2024-10-29,,churned,,,,,2024-10-29
100000974,2024-10-29,,churned,,,,,2024-10-29
100000976,2025-02-24,,churned,,,,,2024-10-29
100000977,2024-12-11,,churned,,,,,2024-10-29
100000978,2025-02-22,,churned,,,,,2024-10-29
100000979,2025-02-12,,churned,,,,,2024-10-29
100000980,2025-06-12,,churned,,,,,2024-10-29
100000984,2024-10-29,,churned,,,,,2024-10-29
100000985,2024-10-29,,churned,,,,,2024-10-29
100000986,2025-01-20,,churned,,,,,2024-10-29
100000989,2025-05-17,,churned,,,,,2024-10-29
100000990,2025-06-01,,churned,,,,,2024-10-29
100000993,2025-02-05,,churned,,,,,2024-11-20
100000996,2025-06-10,,churned,,,,,2024-10-29
100000997,2024-10-29,,churned,,,,,2024-10-29
100001001,2024-10-29,,churned,,,,,2024-10-29
100001002,2024-10-29,,churned,,,,,2024-10-29
100001003,2025-02-09,,churned,,,,,2024-10-29
100001011,2024-10-29,,churned,,,,,2024-10-29
100001013,2024-10-29,,churned,,,,,2024-10-29
100001014,2024-10-29,,churned,,,,,2024-10-29
100001017,2025-04-02,,churned,,,,,2024-10-29
100001018,2024-10-29,,churned,,,,,2024-10-29
100001021,2025-06-21,,churned,,,,,2024-10-29
100001022,2024-10-29,,churned,,,,,2024-10-29
100001024,2024-10-29,,churned,,,,,2024-10-29
100001026,2025-03-20,,churned,,,,,2024-10-29
100001028,2024-10-29,,churned,,,,,2024-10-29
100001030,2025-06-19,,churned,,,,,2024-10-29
100001033,2024-10-29,,churned,,,,,2024-10-29
100001036,2024-10-29,,churned,,,,,2024-10-29
100001037,2024-10-29,,churned,,,,,2024-10-29
100001041,2024-10-29,,churned,,,,,2024-10-29
100001042,2024-10-29,,churned,,,,,2024-10-29
100001045,2025-01-11,,churned,,,,,2024-10-29
100001047,2024-10-29,,churned,,,,,2024-10-29
100001049,2024-12-26,,churned,,,,,2024-10-29
100001050,2024-10-29,,churned,,,,,2024-10-29
100001051,2024-10-29,,churned,,,,,2024-10-29
100001052,2024-10-29,,churned,,,,,2024-10-29
100001054,2024-10-30,,churned,,,,,2024-10-30
100001056,2025-01-27,,churned,,,,,2024-10-30
100001057,2024-10-30,,churned,,,,,2024-10-30
100001059,2024-10-30,,churned,,,,,2024-10-30
100001060,2024-10-30,,churned,,,,,2024-10-30
100001061,2024-10-30,,churned,,,,,2024-10-30
100001062,2025-02-14,,churned,,,,,2024-10-30
100001064,2024-10-30,,churned,,,,,2024-10-30
100001069,2025-02-13,,churned,,,,,2024-10-30
100001070,2025-06-03,,churned,,,,,2025-04-27
100001071,2024-10-30,,churned,,,,,2024-10-30
100001072,2024-10-30,,churned,,,,,2024-10-30
100001073,2024-10-30,,churned,,,,,2024-10-30
100001079,2024-10-30,,churned,,,,,2024-10-30
100001080,2024-10-30,,churned,,,,,2024-10-30
100001082,2024-10-30,,churned,,,,,2024-10-30
100001083,2024-10-30,,churned,,,,,2024-10-30
100001084,2024-10-30,,churned,,,,,2024-10-30
100001085,2024-12-27,,churned,,,,,2024-10-30
100001086,2024-10-30,,churned,,,,,2024-10-30
100001087,2024-10-30,,churned,,,,,2024-10-30
100001088,2025-03-20,,churned,,,,,2024-10-30
100001089,2024-10-30,,churned,,,,,2024-10-30
100001090,2024-10-30,,churned,,,,,2024-10-30
100001091,2025-03-08,,churned,,,,,2024-10-30
100001093,2024-10-30,,churned,,,,,2024-10-30
100001094,2025-06-04,,churned,,,,,2024-10-30
100001095,2024-10-30,,churned,,,,,2024-10-30
100001096,2025-05-10,,churned,,,,,2024-10-30
100001098,2025-03-27,,churned,,,,,2024-10-30
100001099,2024-10-30,,churned,,,,,2024-10-30
100001101,2024-10-30,,churned,,,,,2024-10-30
100001102,2025-06-07,,churned,,,,,2024-10-30
100001103,2025-06-13,,churned,,,,,2024-10-30
100001106,2024-11-01,,churned,,,,,2024-11-01
100001107,2024-11-01,,churned,,,,,2024-11-01
100001108,2025-06-15,,churned,,,,,2024-11-01
100001109,2025-01-06,,churned,,,,,2024-11-01
100001111,2024-11-01,,churned,,,,,2024-11-01
100001112,2024-11-01,,churned,,,,,2024-11-01
100001113,2024-11-01,,churned,,,,,2024-11-01
100001117,2025-05-28,,churned,,,,,2024-11-01
100001118,2024-11-01,,churned,,,,,2024-11-01
100001120,2024-11-01,,churned,,,,,2024-11-01
100001121,2025-01-05,,churned,,,,,2024-11-01
100001122,2024-11-01,,churned,,,,,2024-11-01
100001124,2024-11-01,,churned,,,,,2024-11-01
100001126,2024-11-01,,churned,,,,,2024-11-01
100001130,2024-11-01,,churned,,,,,2024-11-01
100001132,2024-11-01,,churned,,,,,2024-11-01
100001133,2024-12-30,,churned,,,,,2024-11-01
100001134,2024-11-01,,churned,,,,,2024-11-01
100001136,2024-11-01,,churned,,,,,2024-11-01
100001137,2024-11-01,,churned,,,,,2024-11-01
100001138,2025-04-29,,churned,,,,,2024-11-01
100001139,2025-05-23,,churned,,,,,2024-11-20
100001140,2025-01-12,,churned,,,,,2024-11-01
100001141,2025-03-17,,churned,,,,,2024-11-01
100001142,2025-01-16,,churned,,,,,2024-11-01
100001143,2024-11-01,,churned,,,,,2024-11-01
100001146,2024-11-01,,churned,,,,,2024-11-01
100001147,2025-06-01,,churned,,,,,2024-11-01
100001150,2024-11-01,,churned,,,,,2024-11-01
100001152,2025-04-26,,churned,,,,,2024-11-01
100001155,2025-01-09,,churned,,,,,2024-11-01
100001157,2025-05-15,,churned,,,,,2024-11-01
100001161,2024-11-01,,churned,,,,,2024-11-01
100001163,2024-11-01,,churned,,,,,2024-11-01
100001165,2025-05-27,,churned,,,,,2024-11-01
100001168,2024-11-01,,churned,,,,,2024-11-01
100001169,2024-11-01,,churned,,,,,2024-11-01
100001170,2025-04-11,,churned,,,,,2024-11-01
100001172,2025-05-30,,churned,,,,,2024-11-01
100001175,2025-06-16,,churned,,,,,2024-11-01
100001176,2025-06-05,,churned,,,,,2024-11-01
100001178,2024-11-01,,churned,,,,,2024-11-01
100001180,2025-03-03,,churned,,,,,2024-11-01
100001181,2025-01-15,,churned,,,,,2024-11-01
100001184,2025-02-28,,churned,,,,,2024-11-01
100001187,2024-11-01,,churned,,,,,2024-11-01
100001188,2024-12-27,,churned,,,,,2024-11-01
100001189,2025-01-03,,churned,,,,,2024-11-01
100001190,2024-11-01,,churned,,,,,2024-11-01
100001192,2024-11-01,,churned,,,,,2024-11-01
100001195,2024-11-01,,churned,,,,,2024-11-01
100001198,2025-05-04,,churned,,,,,2024-11-01
100001199,2025-03-20,,churned,,,,,2024-11-20
100001201,2024-11-01,,churned,,,,,2024-11-01
100001203,2024-11-01,,churned,,,,,2024-11-01
100001204,2024-12-11,,churned,,,,,2024-11-01
100001205,2024-11-01,,churned,,,,,2024-11-01
100001207,2025-04-30,,churned,,,,,2024-11-01
100001209,2024-11-01,,churned,,,,,2024-11-01
100001212,2024-11-01,,churned,,,,,2024-11-01
100001215,2024-11-01,,churned,,,,,2024-11-01
100001216,2024-11-01,,churned,,,,,2024-11-01
100001217,2025-04-05,,churned,,,,,2024-11-01
100001218,2025-05-26,,churned,,,,,2024-11-01
100001219,2025-03-28,,churned,,,,,2024-11-01
100001221,2025-03-27,,churned,,,,,2024-11-01
100001223,2024-11-01,,churned,,,,,2024-11-01
100001225,2025-03-13,,churned,,,,,2024-11-01
100001229,2024-11-01,,churned,,,,,2024-11-01
100001230,2025-02-25,,churned,,,,,2024-11-01
100001232,2025-02-25,,churned,,,,,2024-11-01
100001234,2024-11-15,,churned,,,,,2024-11-15
100001235,2025-06-13,,churned,,,,,2024-11-01
100001236,2025-01-14,,churned,,,,,2024-11-01
100001237,2024-11-01,,churned,,,,,2024-11-01
100001239,2024-11-01,,churned,,,,,2024-11-01
100001242,2024-12-31,,churned,,,,,2024-11-01
100001248,2024-11-04,,churned,,,,,2024-11-04
100001249,2025-05-14,,churned,,,,,2024-11-04
100001250,2025-03-16,,churned,,,,,2024-11-04
100001255,2024-11-04,,churned,,,,,2024-11-04
100001257,2025-05-30,,churned,,,,,2024-11-04
100001258,2024-11-04,,churned,,,,,2024-11-04
100001259,2024-11-04,,churned,,,,,2024-11-04
100001260,2024-11-04,,churned,,,,,2024-11-04
100001263,2024-11-05,,churned,,,,,2024-11-05
100001265,2025-04-19,,churned,,,,,2024-11-05
100001266,2024-11-05,,churned,,,,,2024-11-05
100001267,2024-11-05,,churned,,,,,2024-11-05
100001268,2025-06-04,,churned,,,,,2024-11-05
100001269,2025-04-29,,churned,,,,,2024-11-05
100001270,2024-11-05,,churned,,,,,2024-11-05
100001274,2025-06-02,,churned,,,,,2024-11-05
100001278,2024-11-05,,churned,,,,,2024-11-05
100001279,2024-11-05,,churned,,,,,2024-11-05
100001280,2025-02-11,,churned,,,,,2024-11-05
100001282,2025-05-30,,churned,,,,,2024-10-25
100001283,2024-11-05,,churned,,,,,2024-11-05
100001284,2025-02-21,,churned,,,,,2024-11-05
100001285,2024-11-05,,churned,,,,,2024-11-05
100001286,2024-11-05,,churned,,,,,2024-11-05
100001288,2025-04-21,,churned,,,,,2024-11-05
100001289,2025-06-16,,churned,,,,,2024-11-05
100001291,2024-11-05,,churned,,,,,2024-11-05
100001293,2024-11-05,,churned,,,,,2024-11-05
100001294,2025-04-17,,churned,,,,,2024-11-05
100001295,2024-11-05,,churned,,,,,2024-11-05
100001296,2025-02-23,,churned,,,,,2024-11-05
100001297,2024-12-09,,churned,,,,,2024-11-05
100001298,2024-11-05,,churned,,,,,2024-11-05
100001299,2024-11-05,,churned,,,,,2024-11-05
100001300,2024-11-05,,churned,,,,,2024-11-05
100001302,2025-06-06,,churned,,,,,2024-11-05
100001303,2025-04-26,,churned,,,,,2024-11-05
100001305,2025-04-09,,churned,,,,,2024-11-05
100001307,2024-11-05,,churned,,,,,2024-11-05
100001308,2024-11-05,,churned,,,,,2024-11-05
100001309,2025-04-18,,churned,,,,,2024-11-05
100001310,2024-11-05,,churned,,,,,2024-11-05
100001311,2024-11-05,,churned,,,,,2024-11-05
100001312,2025-03-25,,churned,,,,,2024-11-05
100001316,2024-11-05,,churned,,,,,2024-11-05
100001318,2024-11-05,,churned,,,,,2024-11-05
100001319,2024-12-27,,churned,,,,,2024-11-05
100001321,2025-05-15,,churned,,,,,2024-11-05
100001324,2025-02-23,,churned,,,,,2024-11-05
100001327,2024-11-05,,churned,,,,,2024-11-05
100001330,2025-01-15,,churned,,,,,2024-11-05
100001331,2024-11-05,,churned,,,,,2024-11-05
100001332,2025-04-13,,churned,,,,,2024-11-05
100001334,2025-06-01,,churned,,,,,2024-11-05
100001336,2024-11-05,,churned,,,,,2024-11-05
100001339,2024-11-05,,churned,,,,,2024-11-05
100001341,2025-06-09,,churned,,,,,2024-11-05
100001342,2024-11-05,,churned,,,,,2024-11-05
100001343,2024-11-05,,churned,,,,,2024-11-05
100001344,2025-01-11,,churned,,,,,2024-11-05
100001345,2024-11-05,,churned,,,,,2024-11-05
100001347,2024-11-05,,churned,,,,,2024-11-05
100001348,2025-03-22,,churned,,,,,2024-11-05
100001349,2025-02-19,,churned,,,,,2024-11-05
100001350,2024-11-05,,churned,,,,,2024-11-05
100001351,2024-11-05,,churned,,,,,2024-11-05
100001352,2025-02-21,,churned,,,,,2024-11-05
100001353,2025-04-26,,churned,,,,,2024-11-05
100001354,2024-11-05,,churned,,,,,2024-11-05
100001355,2024-11-05,,churned,,,,,2024-11-05
100001356,2024-11-05,,churned,,,,,2024-11-05
100001357,2025-04-06,,churned,,,,,2024-11-05
100001361,2024-11-05,,churned,,,,,2024-11-05
100001363,2025-03-24,,churned,,,,,2024-11-05
100001364,2024-11-05,,churned,,,,,2024-11-05
100001370,2024-11-06,,churned,,,,,2024-11-06
100001371,2024-11-06,,churned,,,,,2024-11-06
100001373,2025-05-30,,churned,,,,,2024-11-06
100001374,2024-11-06,,churned,,,,,2024-11-06
100001375,2024-11-06,,churned,,,,,2024-11-06
100001376,2024-11-06,,churned,,,,,2024-11-06
100001377,2024-11-06,,churned,,,,,2024-11-06
100001380,2025-02-18,,churned,,,,,2024-11-06
100001381,2025-03-01,,churned,,,,,2024-11-06
100001382,2024-11-06,,churned,,,,,2024-11-06
100001383,2024-11-06,,churned,,,,,2024-11-06
100001384,2024-11-06,,churned,,,,,2024-11-06
100001386,2024-11-06,,churned,,,,,2024-11-06
100001388,2024-11-06,,churned,,,,,2024-11-06
100001389,2025-03-06,,churned,,,,,2024-11-06
100001392,2024-11-06,,churned,,,,,2024-11-06
100001394,2024-12-30,,churned,,,,,2024-11-06
100001395,2024-11-06,,churned,,,,,2024-11-06
100001397,2024-11-06,,churned,,,,,2024-11-06
100001398,2024-11-06,,churned,,,,,2024-11-06
100001401,2025-06-12,,churned,,,,,2024-11-06
100001403,2025-06-21,,churned,,,,,2024-11-06
100001406,2024-11-06,,churned,,,,,2024-11-06
100001409,2024-11-06,,churned,,,,,2024-11-06
100001410,2025-02-20,,churned,,,,,2024-11-06
100001413,2025-01-20,,churned,,,,,2024-11-06
100001415,2025-05-21,,churned,,,,,2024-11-06
100001416,2025-05-26,,churned,,,,,2024-11-06
100001417,2025-05-30,,churned,,,,,2024-11-06
100001419,2024-11-06,,churned,,,,,2024-11-06
100001421,2024-11-06,,churned,,,,,2024-11-06
100001422,2025-05-29,,churned,,,,,2024-11-06
100001423,2024-11-06,,churned,,,,,2024-11-06
100001424,2025-03-07,,churned,,,,,2024-11-06
100001425,2024-11-06,,churned,,,,,2024-11-06
100001428,2024-11-06,,churned,,,,,2024-11-06
100001429,2025-06-07,,churned,,,,,2024-11-06
100001431,2024-11-06,,churned,,,,,2024-11-06
100001432,2024-11-06,,churned,,,,,2024-11-06
100001434,2024-11-06,,churned,,,,,2024-11-06
100001435,2025-05-11,,churned,,,,,2024-11-06
100001437,2025-06-01,,churned,,,,,2024-11-06
100001439,2024-11-06,,churned,,,,,2024-11-06
100001440,2024-11-06,,churned,,,,,2024-11-06
100001441,2025-02-09,,churned,,,,,2024-11-06
100001443,2025-06-19,,churned,,,,,2024-11-06
100001444,2024-11-06,,churned,,,,,2024-11-06
100001445,2024-11-06,,churned,,,,,2024-11-06
100001446,2024-11-06,,churned,,,,,2024-11-06
100001447,2024-11-07,,churned,,,,,2024-11-07
100001448,2025-02-26,,churned,,,,,2024-11-07
100001449,2024-11-07,,churned,,,,,2024-11-07
100001450,2025-02-22,,churned,,,,,2024-11-07
100001451,2024-11-07,,churned,,,,,2024-11-07
100001452,2024-11-07,,churned,,,,,2024-11-07
100001453,2024-11-07,,churned,,,,,2024-11-07
100001454,2024-11-07,,churned,,,,,2024-11-07
100001455,2024-12-30,,churned,,,,,2024-11-07
100001457,2024-11-07,,churned,,,,,2024-11-07
100001463,2025-01-04,,churned,,,,,2024-11-08
100001464,2024-11-08,,churned,,,,,2024-11-08
100001465,2025-06-07,,churned,,,,,2024-11-08
100001467,2025-05-02,,churned,,,,,2024-11-08
100001468,2025-06-13,,churned,,,,,2024-11-08
100001469,2025-06-18,,churned,,,,,2024-11-08
100001470,2024-11-08,,churned,,,,,2024-11-08
100001471,2025-02-08,,churned,,,,,2024-11-08
100001473,2024-11-08,,churned,,,,,2024-11-08
100001474,2024-11-08,,churned,,,,,2024-11-08
100001475,2024-11-08,,churned,,,,,2024-11-08
100001476,2025-01-22,,churned,,,,,2024-11-08
100001480,2024-11-08,,churned,,,,,2024-11-08
100001482,2024-11-08,,churned,,,,,2024-11-08
100001483,2025-06-12,,churned,,,,,2024-11-08
100001484,2024-11-08,,churned,,,,,2024-11-08
100001485,2025-06-07,,churned,,,,,2024-11-08
100001486,2024-11-08,,churned,,,,,2024-11-08
100001487,2025-05-26,,churned,,,,,2024-11-08
100001489,2024-11-08,,churned,,,,,2024-11-08
100001490,2024-11-08,,churned,,,,,2024-11-08
100001492,2024-11-08,,churned,,,,,2024-11-08
100001493,2025-02-08,,churned,,,,,2024-11-08
100001494,2025-05-03,,churned,,,,,2024-11-08
100001498,2024-11-08,,churned,,,,,2024-11-08
100001500,2025-05-25,,churned,,,,,2024-11-08
100001501,2024-11-08,,churned,,,,,2024-11-08
100001502,2024-11-08,,churned,,,,,2024-11-08
100001503,2024-11-08,,churned,,,,,2024-11-08
100001507,2025-04-15,,churned,,,,,2024-11-08
100001509,2024-11-08,,churned,,,,,2024-11-08
100001510,2024-11-08,,churned,,,,,2024-11-08
100001511,2024-11-08,,churned,,,,,2024-11-08
100001514,2024-11-08,,churned,,,,,2024-11-08
100001516,2024-11-08,,churned,,,,,2024-11-08
100001517,2025-06-22,,churned,,,,,2024-11-08
100001518,2024-11-08,,churned,,,,,2024-11-08
100001519,2024-11-08,,churned,,,,,2024-11-08
100001520,2024-11-08,,churned,,,,,2024-11-08
100001522,2024-11-08,,churned,,,,,2024-11-08
100001523,2024-11-08,,churned,,,,,2024-11-08
100001527,2025-04-30,,churned,,,,,2024-11-08
100001528,2025-03-28,,churned,,,,,2024-11-08
100001529,2024-11-08,,churned,,,,,2024-11-08
100001530,2025-06-22,,churned,,,,,2024-11-08
100001534,2024-12-02,,churned,,,,,2024-11-08
100001535,2025-05-18,,churned,,,,,2024-11-08
100001536,2024-11-08,,churned,,,,,2024-11-08
100001537,2025-02-26,,churned,,,,,2024-11-08
100001538,2024-11-08,,churned,,,,,2024-11-08
100001540,2025-04-11,,churned,,,,,2024-11-08
100001541,2024-11-08,,churned,,,,,2024-11-08
100001542,2024-11-08,,churned,,,,,2024-11-08
100001543,2024-11-10,,churned,,,,,2024-11-10
100001544,2025-06-18,,churned,,,,,2024-11-10
100001545,2024-11-10,,churned,,,,,2024-11-10
100001546,2024-11-10,,churned,,,,,2024-11-10
100001547,2024-11-10,,churned,,,,,2024-11-10
100001549,2024-12-07,,churned,,,,,2024-11-10
100001550,2024-11-10,,churned,,,,,2024-11-10
100001551,2024-11-10,,churned,,,,,2024-11-10
100001552,2025-02-09,,churned,,,,,2024-11-10
100001556,2025-05-11,,churned,,,,,2024-11-10
100001558,2024-11-10,,churned,,,,,2024-11-10
100001560,2024-11-10,,churned,,,,,2024-11-10
100001561,2024-11-10,,churned,,,,,2024-11-10
100001564,2025-05-12,,churned,,,,,2024-11-10
100001566,2024-11-10,,churned,,,,,2024-11-10
100001567,2025-06-02,,churned,,,,,2024-11-10
100001568,2024-11-10,,churned,,,,,2024-11-10
100001571,2024-11-10,,churned,,,,,2024-11-10
100001572,2025-02-15,,churned,,,,,2024-11-10
100001574,2025-02-10,,churned,,,,,2024-11-10
100001576,2024-11-10,,churned,,,,,2024-11-10
100001577,2025-03-19,,churned,,,,,2024-11-10
100001579,2025-02-23,,churned,,,,,2024-11-10
100001580,2024-11-10,,churned,,,,,2024-11-10
100001584,2024-11-10,,churned,,,,,2024-11-10
100001587,2025-03-15,,churned,,,,,2024-11-10
100001588,2024-11-10,,churned,,,,,2024-11-10
100001589,2024-11-10,,churned,,,,,2024-11-10
100001590,2024-11-10,,churned,,,,,2024-11-10
100001592,2025-05-20,,churned,,,,,2024-11-10
100001596,2025-04-14,,churned,,,,,2024-11-10
100001597,2025-04-12,,churned,,,,,2024-11-10
100001598,2024-11-10,,churned,,,,,2024-11-10
100001600,2024-11-10,,churned,,,,,2024-11-10
100001601,2024-11-10,,churned,,,,,2024-11-10
100001603,2024-11-10,,churned,,,,,2024-11-10
100001604,2025-06-13,,churned,,,,,2024-11-10
100001605,2024-11-10,,churned,,,,,2024-11-10
100001608,2025-04-17,,churned,,,,,2024-11-12
100001609,2024-11-12,,churned,,,,,2024-11-12
100001610,2024-11-12,,churned,,,,,2024-11-12
100001613,2025-05-29,,churned,,,,,2024-11-12
100001614,2025-06-16,,churned,,,,,2024-11-12
100001615,2025-05-04,,churned,,,,,2024-11-12
100001616,2025-04-10,,churned,,,,,2024-11-12
100001617,2024-11-12,,churned,,,,,2024-11-12
100001620,2024-11-12,,churned,,,,,2024-11-12
100001621,2024-11-12,,churned,,,,,2024-11-12
100001623,2025-03-03,,churned,,,,,2024-11-12
100001625,2025-05-29,,churned,,,,,2024-11-12
100001626,2024-11-12,,churned,,,,,2024-11-12
100001627,2024-11-12,,churned,,,,,2024-11-12
100001628,2025-06-13,,churned,,,,,2024-11-12
100001630,2025-05-28,,churned,,,,,2024-11-12
100001631,2024-11-12,,churned,,,,,2024-11-12
100001632,2024-11-12,,churned,,,,,2024-11-12
100001634,2025-05-10,,churned,,,,,2024-11-12
100001637,2025-01-17,,churned,,,,,2024-11-12
100001639,2025-06-12,,churned,,,,,2024-11-12
100001640,2024-11-12,,churned,,,,,2024-11-12
100001641,2025-02-19,,churned,,,,,2024-11-12
100001643,2024-11-12,,churned,,,,,2024-11-12
100001645,2024-11-12,,churned,,,,,2024-11-12
100001647,2024-11-12,,churned,,,,,2024-11-12
100001649,2024-11-12,,churned,,,,,2024-11-12
100001651,2025-05-18,,churned,,,,,2025-01-10
100001652,2024-11-12,,churned,,,,,2024-11-12
100001653,2024-11-12,,churned,,,,,2024-11-12
100001654,2024-11-12,,churned,,,,,2024-11-12
100001658,2025-01-22,,churned,,,,,2024-11-13
100001660,2024-11-13,,churned,,,,,2024-11-13
100001661,2025-03-22,,churned,,,,,2024-11-13
100001662,2025-01-23,,churned,,,,,2024-11-13
100001663,2025-03-09,,churned,,,,,2024-11-13
100001664,2025-06-20,,churned,,,,,2024-11-13
100001666,2024-11-13,,churned,,,,,2024-11-13
100001667,2024-11-13,,churned,,,,,2024-11-13
100001668,2025-01-11,,churned,,,,,2024-11-13
100001671,2024-11-13,,churned,,,,,2024-11-13
100001672,2024-12-31,,churned,,,,,2024-11-13
100001674,2024-12-27,,churned,,,,,2024-12-27
100001675,2025-01-10,,churned,,,,,2024-11-13
100001677,2024-11-13,,churned,,,,,2024-11-13
100001678,2025-06-06,,churned,,,,,2024-11-13
100001679,2024-12-29,,churned,,,,,2024-11-13
100001680,2024-12-26,,churned,,,,,2024-11-20
100001681,2025-06-18,,churned,,,,,2024-11-13
100001682,2025-04-27,,churned,,,,,2024-11-13
100001684,2024-11-13,,churned,,,,,2024-11-13
100001685,2025-05-17,,churned,,,,,2024-11-13
100001688,2024-11-13,,churned,,,,,2024-11-13
100001689,2025-01-16,,churned,,,,,2024-11-13
100001691,2025-02-24,,churned,,,,,2024-11-13
100001692,2024-11-13,,churned,,,,,2024-11-13
100001693,2024-11-13,,churned,,,,,2024-11-13
100001694,2024-11-13,,churned,,,,,2024-11-13
100001696,2025-03-30,,churned,,,,,2024-11-13
100001697,2025-06-02,,churned,,,,,2024-11-13
100001698,2025-06-12,,churned,,,,,2024-11-13
100001699,2024-11-13,,churned,,,,,2024-11-13
100001701,2025-05-04,,churned,,,,,2024-11-13
100001703,2024-11-13,,churned,,,,,2024-11-13
100001704,2025-05-11,,churned,,,,,2024-11-13
100001705,2024-11-13,,churned,,,,,2024-11-13
100001706,2024-11-13,,churned,,,,,2024-11-13
100001707,2025-06-20,,churned,,,,,2024-11-13
100001708,2025-02-08,,churned,,,,,2024-11-13
100001709,2024-11-13,,churned,,,,,2024-11-13
100001711,2024-11-13,,churned,,,,,2024-11-13
100001712,2024-11-13,,churned,,,,,2024-11-13
100001714,2024-11-13,,churned,,,,,2024-11-13
100001716,2025-06-03,,churned,,,,,2024-11-13
100001717,2024-11-13,,churned,,,,,2024-11-13
100001719,2024-11-13,,churned,,,,,2024-11-13
100001720,2024-11-13,,churned,,,,,2024-11-13
100001722,2025-05-20,,churned,,,,,2024-11-13
100001724,2024-11-13,,churned,,,,,2024-11-13
100001730,2024-11-13,,churned,,,,,2024-11-13
100001731,2025-04-29,,churned,,,,,2024-11-13
100001732,2024-11-13,,churned,,,,,2024-11-13
100001733,2024-11-13,,churned,,,,,2024-11-13
100001734,2025-05-25,,churned,,,,,2024-11-13
100001737,2024-11-13,,churned,,,,,2024-11-13
100001739,2024-12-30,,churned,,,,,2024-11-13
100001740,2025-05-07,,churned,,,,,2024-11-13
100001743,2025-05-02,,churned,,,,,2024-11-13
100001745,2025-02-26,,churned,,,,,2024-12-07
100001746,2024-11-13,,churned,,,,,2024-11-13
100001747,2025-03-21,,churned,,,,,2024-11-13
100001748,2025-04-20,,churned,,,,,2024-11-13
100001749,2024-11-13,,churned,,,,,2024-11-13
100001752,2025-05-24,,churned,,,,,2024-11-13
100001754,2025-05-27,,churned,,,,,2024-11-13
100001755,2025-04-12,,churned,,,,,2024-11-13
100001757,2024-11-13,,churned,,,,,2024-11-13
100001758,2024-11-13,,churned,,,,,2024-11-13
100001759,2024-11-13,,churned,,,,,2024-11-13
100001761,2025-01-10,,churned,,,,,2024-11-13
100001763,2025-05-28,,churned,,,,,2024-11-13
100001764,2025-06-07,,churned,,,,,2024-11-13
100001767,2024-11-13,,churned,,,,,2024-11-13
100001770,2024-11-13,,churned,,,,,2024-11-13
100001772,2024-11-13,,churned,,,,,2024-11-13
100001773,2024-11-13,,churned,,,,,2024-11-13
100001776,2025-02-16,,churned,,,,,2024-11-13
100001777,2024-11-13,,churned,,,,,2024-11-13
100001779,2025-02-01,,churned,,,,,2024-11-13
100001782,2025-01-22,,churned,,,,,2024-11-13
100001783,2025-02-01,,churned,,,,,2024-11-13
100001784,2024-11-13,,churned,,,,,2024-11-13
100001785,2025-04-08,,churned,,,,,2024-11-13
100001787,2024-11-13,,churned,,,,,2024-11-13
100001788,2025-06-21,,churned,,,,,2024-11-13
100001789,2025-05-21,,churned,,,,,2024-11-13
100001790,2024-11-13,,churned,,,,,2024-11-13
100001792,2024-11-13,,churned,,,,,2024-11-13
100001793,2025-03-17,,churned,,,,,2024-11-13
100001796,2025-05-17,,churned,,,,,2024-11-13
100001800,2024-11-13,,churned,,,,,2024-11-13
100001802,2025-05-21,,churned,,,,,2024-11-13
100001803,2025-06-11,,churned,,,,,2024-11-13
100001804,2024-11-13,,churned,,,,,2024-11-13
100001806,2025-03-09,,churned,,,,,2024-11-13
100001807,2024-11-13,,churned,,,,,2024-11-13
100001808,2025-04-29,,churned,,,,,2025-01-15
100001809,2025-03-17,,churned,,,,,2024-11-13
100001811,2025-06-13,,churned,,,,,2024-11-13
100001812,2024-11-13,,churned,,,,,2024-11-13
100001813,2024-11-13,,churned,,,,,2024-11-13
100001814,2025-03-19,,churned,,,,,2024-11-13
100001815,2024-11-13,,churned,,,,,2024-11-13
100001817,2024-11-13,,churned,,,,,2024-11-13
100001819,2025-03-11,,churned,,,,,2024-11-13
100001820,2025-04-28,,churned,,,,,2024-11-13
100001822,2025-01-08,,churned,,,,,2024-11-13
100001823,2024-11-13,,churned,,,,,2024-11-13
100001824,2025-04-26,,churned,,,,,2024-11-13
100001825,2024-11-13,,churned,,,,,2024-11-13
100001829,2025-03-25,,churned,,,,,2024-11-13
100001830,2024-11-13,,churned,,,,,2024-11-13
100001831,2025-06-15,,churned,,,,,2024-11-13
100001834,2025-02-26,,churned,,,,,2024-11-13
100001836,2024-11-13,,churned,,,,,2024-11-13
100001837,2024-11-13,,churned,,,,,2024-11-13
100001838,2024-11-13,,churned,,,,,2024-11-13
100001839,2024-12-31,,churned,,,,,2024-11-13
100001841,2024-11-13,,churned,,,,,2024-11-13
100001842,2024-11-13,,churned,,,,,2024-11-13
100001845,2024-11-13,,churned,,,,,2024-11-13
100001846,2024-11-13,,churned,,,,,2024-11-13
100001847,2025-05-20,,churned,,,,,2024-11-13
100001848,2024-11-13,,churned,,,,,2024-11-13
100001849,2024-12-07,,churned,,,,,2024-11-13
100001853,2024-11-13,,churned,,,,,2024-11-13
100001854,2024-11-13,,churned,,,,,2024-11-13
100001855,2024-11-13,,churned,,,,,2024-11-13
100001857,2024-11-13,,churned,,,,,2024-11-13
100001859,2024-11-13,,churned,,,,,2024-11-13
100001860,2024-11-13,,churned,,,,,2024-11-13
100001862,2024-11-13,,churned,,,,,2024-11-13
100001863,2024-11-13,,churned,,,,,2024-11-13
100001864,2025-01-21,,churned,,,,,2024-11-13
100001865,2025-02-20,,churned,,,,,2024-12-27
100001868,2024-11-13,,churned,,,,,2024-11-13
100001871,2025-04-18,,churned,,,,,2024-11-13
100001873,2025-05-15,,churned,,,,,2024-10-22
100001875,2025-05-02,,churned,,,,,2024-11-13
100001879,2025-03-23,,churned,,,,,2024-11-13
100001881,2024-11-13,,churned,,,,,2024-11-13
100001884,2024-11-13,,churned,,,,,2024-11-13
100001885,2025-06-18,,churned,,,,,2024-11-13
100001886,2024-11-13,,churned,,,,,2024-11-13
100001887,2025-01-10,,churned,,,,,2024-11-13
100001888,2024-11-13,,churned,,,,,2024-11-13
100001891,2025-03-02,,churned,,,,,2024-11-13
100001892,2025-04-25,,churned,,,,,2024-11-13
100001893,2025-01-13,,churned,,,,,2024-11-13
100001895,2025-05-11,,churned,,,,,2024-11-13
100001897,2024-11-13,,churned,,,,,2024-11-13
100001903,2024-11-15,,churned,,,,,2024-11-15
100001907,2025-02-12,,churned,,,,,2024-11-15
100001908,2025-05-02,,churned,,,,,2024-11-15
100001909,2024-11-15,,churned,,,,,2024-11-15
100001910,2025-03-18,,churned,,,,,2024-11-15
100001913,2025-04-22,,churned,,,,,2024-11-20
100001915,2025-05-24,,churned,,,,,2024-11-20
100001921,2025-03-21,,churned,,,,,2024-11-22
100001923,2025-05-31,,churned,,,,,2024-11-22
100001927,2025-03-09,,churned,,,,,2024-11-22
100001931,2025-05-19,,churned,,,,,2024-11-22
100001932,2025-05-03,,churned,,,,,2024-11-22
100001935,2025-04-22,,churned,,,,,2024-11-22
100001937,2025-03-26,,churned,,,,,2024-11-22
100001938,2025-03-30,,churned,,,,,2024-11-22
100001940,2025-05-20,,churned,,,,,2024-11-22
100001942,2025-06-05,,churned,,,,,2024-11-22
100001944,2024-12-02,,churned,,,,,2024-12-02
100001945,2025-05-24,,churned,,,,,2024-12-02
100001947,2025-05-16,,churned,,,,,2024-12-02
100001948,2024-12-02,,churned,,,,,2024-12-02
100001949,2024-12-14,,churned,,,,,2024-12-14
100001950,2025-05-17,,churned,,,,,2024-12-02
100001955,2025-02-23,,churned,,,,,2024-12-02
100001957,2024-12-02,,churned,,,,,2024-12-02
100001958,2025-04-02,,churned,,,,,2024-12-02
100001960,2025-05-10,,churned,,,,,2024-12-03
100001961,2024-12-03,,churned,,,,,2024-12-03
100001962,2025-03-24,,churned,,,,,2024-12-03
100001964,2025-02-09,,churned,,,,,2024-12-03
100001970,2025-05-15,,churned,,,,,2024-12-03
100001971,2024-12-03,,churned,,,,,2024-12-03
100001972,2024-12-03,,churned,,,,,2024-12-03
100001973,2025-06-22,,churned,,,,,2024-12-03
100001975,2025-02-04,,churned,,,,,2025-02-04
100001979,2025-05-28,,churned,,,,,2024-12-03
100001981,2025-04-19,,churned,,,,,2024-12-03
100001986,2025-04-13,,churned,,,,,2024-12-04
100001987,2024-12-04,,churned,,,,,2024-12-04
100001989,2025-04-29,,churned,,,,,2024-12-04
100001990,2025-01-06,,churned,,,,,2024-12-04
100001991,2025-03-02,,churned,,,,,2024-12-04
100001994,2024-12-04,,churned,,,,,2024-12-04
100001996,2025-03-05,,churned,,,,,2024-12-04
100001997,2025-06-15,,churned,,,,,2024-12-04
100001998,2025-04-17,,churned,,,,,2024-12-26
100001999,2025-03-13,,churned,,,,,2024-12-05
100002000,2025-03-26,,churned,,,,,2024-12-05
100002001,2024-12-05,,churned,,,,,2024-12-05
100002002,2024-12-05,,churned,,,,,2024-12-05
100002006,2025-03-05,,churned,,,,,2025-02-26
100002007,2024-12-05,,churned,,,,,2024-12-05
100002008,2025-05-03,,churned,,,,,2024-12-05
100002010,2025-04-29,,churned,,,,,2024-12-05
100002016,2025-04-16,,churned,,,,,2024-12-07
100002019,2025-01-04,,churned,,,,,2024-12-07
100002020,2025-04-03,,churned,,,,,2024-12-07
100002022,2025-03-10,,churned,,,,,2024-12-07
100002025,2025-05-05,,churned,,,,,2024-12-07
100002026,2025-01-03,,churned,,,,,2024-12-07
100002027,2025-06-09,,churned,,,,,2024-12-07
100002029,2025-06-14,,churned,,,,,2024-12-08
100002033,2024-12-08,,churned,,,,,2024-12-08
100002035,2025-04-30,,churned,,,,,2024-12-08
100002036,2025-02-09,,churned,,,,,2024-12-08
100002037,2025-04-27,,churned,,,,,2024-12-09
100002038,2025-06-16,,churned,,,,,2024-12-09
100002040,2025-05-05,,churned,,,,,2024-12-09
100002043,2025-05-24,,churned,,,,,2024-12-09
100002044,2024-12-09,,churned,,,,,2024-12-09
100002045,2025-01-25,,churned,,,,,2024-12-09
100002046,2025-04-23,,churned,,,,,2024-12-09
100002049,2025-06-10,,churned,,,,,2024-12-09
100002051,2024-12-09,,churned,,,,,2024-12-09
100002052,2024-12-09,,churned,,,,,2024-12-09
100002056,2025-05-29,,churned,,,,,2024-12-11
100002059,2025-02-27,,churned,,,,,2024-12-11
100002061,2025-02-24,,churned,,,,,2025-02-24
100002062,2025-05-01,,churned,,,,,2024-12-11
100002063,2025-04-16,,churned,,,,,2024-12-11
100002065,2025-04-20,,churned,,,,,2025-04-13
100002067,2025-04-06,,churned,,,,,2024-12-11
100002068,2025-02-19,,churned,,,,,2024-12-11
100002070,2024-12-11,,churned,,,,,2024-12-11
100002073,2025-05-26,,churned,,,,,2024-12-11
100002075,2025-01-20,,churned,,,,,2025-01-20
100002076,2024-12-11,,churned,,,,,2024-12-11
100002077,2025-02-22,,churned,,,,,2024-12-11
100002078,2025-03-07,,churned,,,,,2024-12-13
100002079,2025-04-28,,churned,,,,,2024-12-13
100002080,2025-05-04,,churned,,,,,2024-12-13
100002082,2025-01-26,,churned,,,,,2024-12-13
100002083,2025-03-24,,churned,,,,,2025-01-17
100002084,2025-01-18,,churned,,,,,2024-12-13
100002085,2025-04-04,,churned,,,,,2024-12-13
100002086,2025-06-18,,churned,,,,,2024-12-13
100002088,2025-06-20,,churned,,,,,2024-12-13
100002090,2024-12-13,,churned,,,,,2024-12-13
100002091,2024-12-13,,churned,,,,,2024-12-13
100002093,2025-02-08,,churned,,,,,2024-12-14
100002094,2025-04-26,,churned,,,,,2024-12-14
100002095,2025-06-11,,churned,,,,,2024-12-14
100002097,2025-01-24,,churned,,,,,2025-01-22
100002113,2024-12-20,,churned,,,,,2024-12-20
100002116,2025-05-03,,churned,,,,,2024-12-20
100002117,2024-12-29,,churned,,,,,2024-12-20
100002121,2025-03-04,,churned,,,,,2024-12-20
100002122,2025-03-08,,churned,,,,,2024-12-20
100002123,2025-01-18,,churned,,,,,2024-12-20
100002125,2025-03-28,,churned,,,,,2024-12-20
100002127,2025-01-02,,churned,,,,,2024-12-20
100002131,2025-01-02,,churned,,,,,2024-12-23
100002132,2025-01-09,,churned,,,,,2024-12-23
100002133,2025-05-12,,churned,,,,,2024-12-23
100002136,2025-05-26,,churned,,,,,2024-12-23
100002139,2024-12-23,,churned,,,,,2024-12-23
100002140,2024-12-23,,churned,,,,,2024-12-23
100002145,2025-03-09,,churned,,,,,2024-12-23
100002147,2025-06-15,,churned,,,,,2024-12-23
100002150,2025-04-17,,churned,,,,,2024-12-26
100002151,2025-05-27,,churned,,,,,2024-12-26
100002153,2025-03-20,,churned,,,,,2024-12-27
100002159,2025-05-25,,churned,,,,,2024-12-27
100002160,2025-01-04,,churned,,,,,2024-12-28
100002163,2025-01-11,,churned,,,,,2024-12-28
100002168,2025-01-02,,churned,,,,,2024-12-29
100002171,2025-05-31,,churned,,,,,2024-12-29
100002174,2024-12-31,,churned,,,,,2024-12-30
100002176,2024-12-30,,churned,,,,,2024-12-30
100002183,2025-01-04,,churned,,,,,2024-12-31
100002190,2025-01-02,,churned,,,,,2025-01-02
100002192,2025-01-10,,churned,,,,,2025-01-02
100002195,2025-01-03,,churned,,,,,2025-01-03
100002202,2025-02-02,,churned,,,,,2025-01-04
100002204,2025-05-05,,churned,,,,,2025-01-04
100002205,2025-03-28,,churned,,,,,2025-01-04
100002207,2025-04-13,,churned,,,,,2025-01-05
100002210,2025-06-22,,churned,,,,,2025-01-05
100002214,2025-01-05,,churned,,,,,2025-01-05
100002219,2025-02-18,,churned,,,,,2025-01-06
100002220,2025-01-09,,churned,,,,,2025-01-06
100002223,2025-01-06,,churned,,,,,2025-01-06
100002224,2025-04-14,,churned,,,,,2025-01-06
100002227,2025-02-14,,churned,,,,,2025-01-06
100002230,2025-01-07,,churned,,,,,2025-01-07
100002232,2025-02-03,,churned,,,,,2025-01-07
100002233,2025-01-07,,churned,,,,,2025-01-07
100002234,2025-01-10,,churned,,,,,2025-01-07
100002235,2025-01-10,,churned,,,,,2025-01-07
100002236,2025-01-17,,churned,,,,,2025-01-07
100002237,2025-01-15,,churned,,,,,2025-01-13
100002238,2025-05-07,,churned,,,,,2025-01-08
100002240,2025-01-10,,churned,,,,,2025-01-08
100002242,2025-02-05,,churned,,,,,2025-01-09
100002243,2025-01-11,,churned,,,,,2025-01-09
100002244,2025-06-11,,churned,,,,,2025-01-09
100002245,2025-01-13,,churned,,,,,2025-01-09
100002247,2025-04-20,,churned,,,,,2025-01-09
100002249,2025-06-21,,churned,,,,,2025-03-21
100002251,2025-03-08,,churned,,,,,2025-01-10
100002253,2025-01-20,,churned,,,,,2025-01-20
100002254,2025-01-10,,churned,,,,,2025-01-10
100002255,2025-04-03,,churned,,,,,2025-01-10
100002256,2025-01-17,,churned,,,,,2025-01-10
100002258,2025-04-19,,churned,,,,,2025-01-11
100002259,2025-01-11,,churned,,,,,2025-01-11
100002260,2025-01-11,,churned,,,,,2025-01-11
100002262,2025-01-19,,churned,,,,,2025-01-11
100002267,2025-06-08,,churned,,,,,2025-01-11
100002269,2025-05-10,,churned,,,,,2025-01-11
100002270,2025-01-16,,churned,,,,,2025-01-12
100002273,2025-03-08,,churned,,,,,2025-01-12
100002274,2025-04-05,,churned,,,,,2025-01-12
100002275,2025-04-27,,churned,,,,,2025-01-12
100002276,2025-04-22,,churned,,,,,2025-01-12
100002278,2025-06-12,,churned,,,,,2025-01-13
100002280,2025-01-15,,churned,,,,,2025-01-13
100002283,2025-02-26,,churned,,,,,2025-01-14
100002285,2025-05-05,,churned,,,,,2025-01-14
100002286,2025-06-07,,churned,,,,,2025-01-14
100002287,2025-01-14,,churned,,,,,2025-01-14
100002288,2025-05-30,,churned,,,,,2025-01-15
100002289,2025-02-06,,churned,,,,,2025-01-15
100002291,2025-01-15,,churned,,,,,2025-01-15
100002292,2025-03-12,,churned,,,,,2025-01-16
100002293,2025-05-13,,churned,,,,,2025-01-16
100002296,2025-01-24,,churned,,,,,2025-01-16
100002297,2025-02-27,,churned,,,,,2025-01-17
100002299,2025-03-11,,churned,,,,,2025-01-17
100002300,2025-05-06,,churned,,,,,2025-01-17
100002302,2025-06-02,,churned,,,,,2025-01-18
100002308,2025-01-18,,churned,,,,,2025-01-18
100002312,2025-05-24,,churned,,,,,2025-01-18
100002313,2025-02-01,,churned,,,,,2025-01-18
100002314,2025-04-17,,churned,,,,,2025-01-19
100002315,2025-06-02,,churned,,,,,2025-01-19
100002317,2025-01-25,,churned,,,,,2025-01-19
100002318,2025-02-08,,churned,,,,,2025-01-19
100002321,2025-04-08,,churned,,,,,2025-01-19
100002323,2025-01-19,,churned,,,,,2025-01-19
100002324,2025-01-19,,churned,,,,,2025-01-19
100002325,2025-02-10,,churned,,,,,2025-01-19
100002326,2025-03-14,,churned,,,,,2025-01-19
100002329,2025-05-18,,churned,,,,,2025-01-20
100002333,2025-01-20,,churned,,,,,2025-01-20
100002334,2025-01-20,,churned,,,,,2025-01-20
100002339,2025-01-21,,churned,,,,,2025-01-21
100002340,2025-06-05,,churned,,,,,2025-01-21
100002341,2025-05-09,,churned,,,,,2025-01-22
100002343,2025-01-24,,churned,,,,,2025-01-22
100002347,2025-05-16,,churned,,,,,2025-01-22
100002349,2025-01-22,,churned,,,,,2025-01-22
100002353,2025-01-23,,churned,,,,,2025-01-23
100002354,2025-01-27,,churned,,,,,2025-01-23
100002356,2025-02-26,,churned,,,,,2025-01-23
100002357,2025-01-23,,churned,,,,,2025-01-23
100002358,2025-06-13,,churned,,,,,2025-01-23
100002359,2025-05-26,,churned,,,,,2025-01-24
100002364,2025-02-14,,churned,,,,,2025-01-24
100002365,2025-06-06,,churned,,,,,2025-01-24
100002366,2025-03-02,,churned,,,,,2025-01-25
100002367,2025-01-25,,churned,,,,,2025-01-25
100002368,2025-02-13,,churned,,,,,2025-01-25
100002369,2025-01-25,,churned,,,,,2025-01-25
100002371,2025-06-14,,churned,,,,,2025-01-25
100002372,2025-01-25,,churned,,,,,2025-01-25
100002373,2025-02-22,,churned,,,,,2025-01-25
100002376,2025-01-25,,churned,,,,,2025-01-25
100002377,2025-01-25,,churned,,,,,2025-01-25
100002379,2025-02-09,,churned,,,,,2025-01-26
100002381,2025-05-04,,churned,,,,,2025-01-26
100002382,2025-03-01,,churned,,,,,2025-01-26
100002383,2025-02-08,,churned,,,,,2025-01-26
100002384,2025-05-17,,churned,,,,,2025-01-26
100002387,2025-01-31,,churned,,,,,2025-01-27
100002388,2025-02-19,,churned,,,,,2025-01-27
100002390,2025-01-27,,churned,,,,,2025-01-27
100002391,2025-01-27,,churned,,,,,2025-01-27
100002392,2025-02-23,,churned,,,,,2025-01-27
100002393,2025-01-27,,churned,,,,,2025-01-27
100002394,2025-02-01,,churned,,,,,2025-01-27
100002395,2025-01-27,,churned,,,,,2025-01-27
100002398,2025-01-27,,churned,,,,,2025-01-27
100002399,2025-02-26,,churned,,,,,2025-01-28
100002402,2025-06-03,,churned,,,,,2025-01-30
100002403,2025-02-01,,churned,,,,,2025-01-30
100002404,2025-05-12,,churned,,,,,2025-05-12
100002409,2025-02-07,,churned,,,,,2025-01-30
100002411,2025-03-24,,churned,,,,,2025-01-31
100002413,2025-01-31,,churned,,,,,2025-01-31
100002414,2025-01-31,,churned,,,,,2025-01-31
100002415,2025-01-31,,churned,,,,,2025-01-31
100002417,2025-02-01,,churned,,,,,2025-02-01
100002418,2025-02-01,,churned,,,,,2025-02-01
100002420,2025-02-01,,churned,,,,,2025-02-01
100002422,2025-04-18,,churned,,,,,2025-02-01
100002423,2025-02-01,,churned,,,,,2025-02-01
100002424,2025-02-01,,churned,,,,,2025-02-01
100002425,2025-02-01,,churned,,,,,2025-02-01
100002426,2025-06-21,,churned,,,,,2025-02-01
100002427,2025-06-15,,churned,,,,,2025-06-01
100002428,2025-04-17,,churned,,,,,2025-02-01
100002429,2025-04-20,,churned,,,,,2025-04-19
100002430,2025-02-16,,churned,,,,,2025-02-01
100002431,2025-04-13,,churned,,,,,2025-02-02
100002432,2025-05-04,,churned,,,,,2025-02-02
100002433,2025-02-15,,churned,,,,,2025-02-02
100002434,2025-02-02,,churned,,,,,2025-02-02
100002435,2025-02-21,,churned,,,,,2025-02-21
100002436,2025-02-02,,churned,,,,,2025-02-02
100002440,2025-02-02,,churned,,,,,2025-02-02
100002445,2025-02-03,,churned,,,,,2025-02-03
100002446,2025-06-16,,churned,,,,,2025-02-03
100002449,2025-02-13,,churned,,,,,2025-02-03
100002450,2025-02-03,,churned,,,,,2025-02-03
100002456,2025-02-14,,churned,,,,,2025-02-04
100002457,2025-02-04,,churned,,,,,2025-02-04
100002459,2025-03-24,,churned,,,,,2025-02-04
100002464,2025-02-05,,churned,,,,,2025-02-05
100002469,2025-02-05,,churned,,,,,2025-02-05
100002470,2025-03-05,,churned,,,,,2024-10-25
100002471,2025-02-25,,churned,,,,,2025-02-15
100002472,2025-03-25,,churned,,,,,2025-02-06
100002475,2025-06-15,,churned,,,,,2024-11-01
100002476,2025-03-24,,churned,,,,,2025-02-07
100002477,2025-05-23,,churned,,,,,2025-02-07
100002480,2025-05-10,,churned,,,,,2025-02-07
100002482,2025-02-15,,churned,,,,,2025-02-08
100002485,2025-02-16,,churned,,,,,2025-02-08
100002486,2025-02-08,,churned,,,,,2025-02-08
100002489,2025-05-24,,churned,,,,,2025-02-09
100002493,2025-02-09,,churned,,,,,2025-02-09
100002494,2025-05-20,,churned,,,,,2025-02-09
100002497,2025-02-09,,churned,,,,,2025-02-09
100002498,2025-02-09,,churned,,,,,2025-02-09
100002499,2025-03-09,,churned,,,,,2024-10-25
100002507,2025-02-10,,churned,,,,,2025-02-10
100002508,2025-05-17,,churned,,,,,2025-02-10
100002511,2025-05-29,,churned,,,,,2025-02-10
100002514,2025-06-16,,churned,,,,,2025-02-11
100002519,2025-06-04,,churned,,,,,2025-02-11
100002520,2025-02-18,,churned,,,,,2025-02-11
100002521,2025-04-23,,churned,,,,,2025-02-11
100002522,2025-02-11,,churned,,,,,2025-02-11
100002523,2025-04-06,,churned,,,,,2025-02-11
100002526,2025-02-15,,churned,,,,,2025-02-12
100002527,2025-02-15,,churned,,,,,2025-02-12
100002528,2025-06-08,,churned,,,,,2025-02-12
100002529,2025-02-13,,churned,,,,,2025-02-12
100002537,2025-02-13,,churned,,,,,2025-02-13
100002538,2025-06-17,,churned,,,,,2025-02-13
100002540,2025-04-30,,churned,,,,,2025-02-13
100002542,2025-05-06,,churned,,,,,2025-02-14
100002543,2025-05-05,,churned,,,,,2025-02-14
100002546,2025-04-10,,churned,,,,,2025-02-14
100002548,2025-05-08,,churned,,,,,2025-02-14
100002550,2025-02-15,,churned,,,,,2025-02-15
100002552,2025-02-15,,churned,,,,,2025-02-15
100002554,2025-02-16,,churned,,,,,2025-02-15
100002558,2025-02-15,,churned,,,,,2025-02-15
100002562,2025-04-19,,churned,,,,,2025-02-15
100002569,2025-04-21,,churned,,,,,2025-02-16
100002572,2025-03-12,,churned,,,,,2025-02-17
100002573,2025-05-04,,churned,,,,,2025-02-17
100002574,2025-02-17,,churned,,,,,2025-02-17
100002577,2025-04-15,,churned,,,,,2025-02-17
100002580,2025-03-27,,churned,,,,,2025-02-17
100002581,2025-04-26,,churned,,,,,2025-02-18
100002585,2025-02-19,,churned,,,,,2025-02-18
100002586,2025-03-20,,churned,,,,,2025-02-18
100002587,2025-06-12,,churned,,,,,2025-02-19
100002588,2025-02-19,,churned,,,,,2025-02-19
100002589,2025-02-19,,churned,,,,,2025-02-19
100002591,2025-02-19,,churned,,,,,2025-02-19
100002592,2025-02-19,,churned,,,,,2025-02-19
100002593,2025-02-19,,churned,,,,,2025-02-19
100002594,2025-02-19,,churned,,,,,2025-02-19
100002595,2025-02-20,,churned,,,,,2025-02-20
100002596,2025-02-20,,churned,,,,,2025-02-20
100002597,2025-06-20,,churned,,,,,2024-11-12
100002602,2025-02-20,,churned,,,,,2025-02-20
100002605,2025-04-08,,churned,,,,,2025-02-20
100002607,2025-02-20,,churned,,,,,2025-02-20
100002611,2025-02-21,,churned,,,,,2025-02-21
100002612,2025-05-29,,churned,,,,,2025-02-21
100002614,2025-02-21,,churned,,,,,2025-02-21
100002615,2025-02-21,,churned,,,,,2025-02-21
100002616,2025-04-02,,churned,,,,,2025-02-22
100002618,2025-02-22,,churned,,,,,2025-02-22
100002619,2025-02-22,,churned,,,,,2025-02-22
100002620,2025-02-22,,churned,,,,,2025-02-22
100002628,2025-03-07,,churned,,,,,2025-02-23
100002629,2025-04-22,,churned,,,,,2025-02-23
100002633,2025-02-23,,churned,,,,,2025-02-23
100002635,2025-04-27,,churned,,,,,2025-04-21
100002636,2025-06-21,,churned,,,,,2025-02-23
100002639,2025-02-24,,churned,,,,,2025-02-24
100002640,2025-02-24,,churned,,,,,2025-02-24
100002641,2025-05-01,,churned,,,,,2025-02-24
100002642,2025-02-24,,churned,,,,,2025-02-24
100002644,2025-02-24,,churned,,,,,2025-02-24
100002647,2025-05-04,,churned,,,,,2025-02-25
100002648,2025-05-30,,churned,,,,,2025-02-25
100002652,2025-02-25,,churned,,,,,2025-02-25
100002653,2025-04-16,,churned,,,,,2025-02-26
100002654,2025-02-27,,churned,,,,,2025-02-26
100002655,2025-02-28,,churned,,,,,2025-02-26
100002659,2025-02-27,,churned,,,,,2025-02-27
100002661,2025-03-01,,churned,,,,,2025-02-27
100002664,2025-06-07,,churned,,,,,2025-02-28
100002665,2025-04-20,,churned,,,,,2025-02-28
100002667,2025-02-28,,churned,,,,,2025-02-28
100002669,2025-03-01,,churned,,,,,2025-03-01
100002670,2025-04-19,,churned,,,,,2025-03-01
100002671,2025-03-01,,churned,,,,,2025-03-01
100002672,2025-03-14,,churned,,,,,2025-03-01
100002673,2025-03-20,,churned,,,,,2025-03-01
100002680,2025-03-02,,churned,,,,,2025-03-02
100002682,2025-03-02,,churned,,,,,2025-03-02
100002684,2025-06-03,,churned,,,,,2025-03-03
100002685,2025-06-03,,churned,,,,,2025-03-03
100002686,2025-05-25,,churned,,,,,2025-03-03
100002687,2025-05-19,,churned,,,,,2025-03-04
100002690,2025-06-16,,churned,,,,,2025-03-04
100002691,2025-03-06,,churned,,,,,2025-03-05
100002693,2025-03-16,,churned,,,,,2025-03-06
100002694,2025-03-09,,churned,,,,,2025-03-05
100002695,2025-05-27,,churned,,,,,2025-03-05
100002697,2025-03-05,,churned,,,,,2025-03-05
100002698,2025-05-03,,churned,,,,,2025-03-05
100002699,2025-03-20,,churned,,,,,2025-03-05
100002700,2025-04-03,,churned,,,,,2025-03-05
100002701,2025-04-22,,churned,,,,,
100002703,2025-04-21,,churned,,,,,2025-03-06
100002704,2025-04-04,,churned,,,,,2025-03-06
100002705,2025-05-13,,churned,,,,,2025-03-06
100002706,2025-03-06,,churned,,,,,2025-03-06
100002707,2025-03-06,,churned,,,,,2025-03-06
100002709,2025-03-08,,churned,,,,,2025-03-06
100002711,2025-03-06,,churned,,,,,2025-03-06
100002713,2025-03-06,,churned,,,,,2025-03-06
100002714,2025-03-06,,churned,,,,,2025-03-06
100002715,2025-05-21,,churned,,,,,2025-03-07
100002716,2025-06-12,,churned,,,,,2025-03-10
100002717,2025-04-22,,churned,,,,,
100002718,2025-03-07,,churned,,,,,2025-03-07
100002719,2025-03-07,,churned,,,,,2025-03-07
100002720,2025-04-22,,churned,,,,,
100002721,2025-04-22,,churned,,,,,
100002722,2025-03-12,,churned,,,,,2025-03-07
100002723,2025-03-07,,churned,,,,,2025-03-07
100002727,2025-03-08,,churned,,,,,2025-03-08
100002728,2025-03-11,,churned,,,,,2025-03-08
100002729,2025-03-12,,churned,,,,,2025-03-08
100002732,2025-03-20,,churned,,,,,2025-03-09
100002734,2025-03-14,,churned,,,,,2025-03-09
100002735,2025-05-14,,churned,,,,,2025-03-09
100002737,2025-03-09,,churned,,,,,2025-03-09
100002738,2025-03-21,,churned,,,,,2025-03-10
100002739,2025-03-10,,churned,,,,,2025-03-10
100002740,2025-04-17,,churned,,,,,2025-03-10
100002743,2025-03-11,,churned,,,,,2025-03-11
100002744,2025-03-19,,churned,,,,,2025-03-11
100002746,2025-03-15,,churned,,,,,2025-03-12
100002749,2025-03-16,,churned,,,,,2025-03-14
100002750,2025-05-12,,churned,,,,,2025-03-12
100002752,2025-06-15,,churned,,,,,2025-03-12
100002754,2025-06-06,,churned,,,,,2025-03-13
100002756,2025-03-13,,churned,,,,,2025-03-13
100002760,2025-03-13,,churned,,,,,2025-03-13
100002761,2025-04-20,,churned,,,,,2025-03-13
100002762,2025-03-14,,churned,,,,,2025-03-14
100002763,2025-06-22,,churned,,,,,2025-03-14
100002764,2025-03-14,,churned,,,,,2025-03-14
100002765,2025-03-21,,churned,,,,,2025-03-14
100002767,2025-04-10,,churned,,,,,2025-03-14
100002768,2025-04-04,,churned,,,,,2025-03-14
100002769,2025-04-01,,churned,,,,,2025-03-14
100002770,2025-05-27,,churned,,,,,2025-03-14
100002774,2025-05-14,,churned,,,,,2025-03-14
100002776,2025-03-22,,churned,,,,,2025-03-13
100002778,2025-04-26,,churned,,,,,2025-03-15
100002779,2025-05-17,,churned,,,,,2025-03-15
100002780,2025-06-13,,churned,,,,,2025-03-15
100002782,2025-06-15,,churned,,,,,2025-03-15
100002783,2025-03-15,,churned,,,,,2025-03-15
100002784,2025-04-05,,churned,,,,,2025-03-15
100002785,2025-06-19,,churned,,,,,2025-03-16
100002786,2025-05-10,,churned,,,,,2025-03-16
100002788,2025-03-16,,churned,,,,,2025-03-16
100002789,2025-05-12,,churned,,,,,2025-03-16
100002792,2025-06-08,,churned,,,,,2025-03-16
100002793,2025-04-12,,churned,,,,,2025-03-16
100002795,2025-03-28,,churned,,,,,2025-03-17
100002797,2025-03-17,,churned,,,,,2025-03-17
100002798,2025-03-22,,churned,,,,,2025-03-17
100002799,2025-03-20,,churned,,,,,2025-03-17
100002800,2025-03-19,,churned,,,,,2025-03-17
100002801,2025-04-08,,churned,,,,,2025-03-17
100002803,2025-03-18,,churned,,,,,2025-03-17
100002805,2025-05-06,,churned,,,,,2025-03-17
100002807,2025-03-18,,churned,,,,,2025-03-18
100002808,2025-04-24,,churned,,,,,
100002810,2025-03-26,,churned,,,,,2025-03-18
100002812,2025-05-12,,churned,,,,,2025-03-18
100002813,2025-03-18,,churned,,,,,2025-03-18
100002814,2025-03-19,,churned,,,,,2025-03-19
100002816,2025-03-19,,churned,,,,,2025-03-19
100002817,2025-04-15,,churned,,,,,2025-03-19
100002819,2025-03-19,,churned,,,,,2025-03-19
100002820,2025-03-21,,churned,,,,,2025-03-19
100002825,2025-03-20,,churned,,,,,2025-03-20
100002826,2025-03-20,,churned,,,,,2025-03-20
100002827,2025-04-02,,churned,,,,,2025-03-20
100002828,2025-04-10,,churned,,,,,2025-03-20
100002829,2025-03-21,,churned,,,,,2025-03-20
100002830,2025-03-20,,churned,,,,,2025-03-20
100002831,2025-03-20,,churned,,,,,2025-03-20
100002835,2025-01-19,,churned,,,,,2024-12-26
100002836,2025-03-22,,churned,,,,,2025-03-22
100002837,2025-03-22,,churned,,,,,2025-03-22
100002842,2025-06-07,,churned,,,,,2025-03-22
100002843,2025-03-28,,churned,,,,,2025-03-22
100002844,2025-03-22,,churned,,,,,2025-03-22
100002846,2025-03-23,,churned,,,,,2025-03-23
100002847,2025-03-23,,churned,,,,,2025-03-23
100002848,2025-03-23,,churned,,,,,2025-03-23
100002850,2025-03-23,,churned,,,,,2025-03-23
100002853,2025-04-29,,churned,,,,,2025-03-23
100002855,2025-03-27,,churned,,,,,2025-03-23
100002859,2025-03-27,,churned,,,,,2025-03-24
100002860,2025-03-24,,churned,,,,,2025-03-24
100002861,2025-05-14,,churned,,,,,2025-03-24
100002863,2025-03-29,,churned,,,,,2025-03-25
100002864,2025-03-28,,churned,,,,,2025-03-25
100002866,2025-03-26,,churned,,,,,2025-03-26
100002867,2025-03-26,,churned,,,,,2025-03-26
100002868,2025-03-27,,churned,,,,,2025-03-26
100002869,2025-03-26,,churned,,,,,2025-03-26
100002871,2025-04-01,,churned,,,,,2025-03-27
100002872,2025-03-29,,churned,,,,,2025-03-27
100002874,2025-03-28,,churned,,,,,2025-03-28
100002875,2025-06-08,,churned,,,,,2025-03-28
100002877,2025-05-23,,churned,,,,,2025-03-28
100002881,2025-03-29,,churned,,,,,2025-03-29
100002882,2025-03-29,,churned,,,,,2025-03-29
100002883,2025-05-25,,churned,,,,,2025-03-29
100002884,2025-04-27,,churned,,,,,2025-03-29
100002885,2025-03-29,,churned,,,,,2025-03-29
100002890,2025-03-29,,churned,,,,,2025-03-29
100002891,2025-03-30,,churned,,,,,2025-03-30
100002892,2025-05-26,,churned,,,,,2025-05-26
100002893,2025-04-22,,churned,,,,,2025-03-30
100002894,2025-03-30,,churned,,,,,2025-03-30
100002895,2025-03-30,,churned,,,,,2025-03-30
100002896,2025-06-22,,churned,,,,,2025-03-30
100002898,2025-04-03,,churned,,,,,2025-03-30
100002899,2025-04-09,,churned,,,,,2025-03-30
100002900,2025-06-01,,churned,,,,,2025-03-30
100002901,2025-05-24,,churned,,,,,2025-03-30
100002902,2025-04-09,,churned,,,,,2025-03-30
100002903,2025-04-05,,churned,,,,,2025-03-30
100002907,2025-03-31,,churned,,,,,2025-03-31
100002908,2025-04-04,,churned,,,,,2025-03-31
100002909,2025-03-31,,churned,,,,,2025-03-31
100002913,2025-03-31,,churned,,,,,2025-03-31
100002914,2025-03-31,,churned,,,,,2025-03-31
100002915,2025-03-31,,churned,,,,,2025-03-31
100002916,2025-06-07,,churned,,,,,2025-03-31
100002919,2025-05-05,,churned,,,,,
100002920,2025-04-01,,churned,,,,,2025-04-01
100002921,2025-04-01,,churned,,,,,2025-04-01
100002923,2025-04-11,,churned,,,,,2025-04-02
100002924,2025-05-12,,churned,,,,,2025-04-02
100002925,2025-05-28,,churned,,,,,2025-04-02
100002926,2025-05-21,,churned,,,,,2025-04-02
100002929,2025-04-29,,churned,,,,,2025-04-03
100002932,2025-04-03,,churned,,,,,2025-04-03
100002934,2025-04-03,,churned,,,,,2025-04-03
100002936,2025-05-12,,churned,,,,,2025-04-03
100002937,2025-04-03,,churned,,,,,2025-04-03
100002938,2025-04-14,,churned,,,,,2025-04-04
100002939,2025-05-30,,churned,,,,,2025-04-04
100002941,2025-04-04,,churned,,,,,2025-04-04
100002943,2025-04-24,,churned,,,,,2025-04-04
100002944,2025-05-05,,churned,,,,,2025-04-04
100002945,2025-04-04,,churned,,,,,2025-04-04
100002946,2025-04-12,,churned,,,,,2025-04-06
100002947,2025-04-08,,churned,,,,,2025-04-04
100002949,2025-04-15,,churned,,,,,2025-04-04
100002952,2025-04-08,,churned,,,,,2025-04-05
100002953,2025-04-10,,churned,,,,,2025-04-05
100002954,2025-04-05,,churned,,,,,2025-04-05
100002955,2025-04-05,,churned,,,,,2025-04-05
100002957,2025-04-19,,churned,,,,,2025-04-05
100002958,2025-04-19,,churned,,,,,2025-04-05
100002959,2025-04-05,,churned,,,,,2025-04-05
100002960,2025-04-17,,churned,,,,,2025-04-05
100002961,2025-04-13,,churned,,,,,2025-04-05
100002962,2025-04-10,,churned,,,,,2025-04-05
100002963,2025-04-08,,churned,,,,,2025-04-08
100002965,2025-04-08,,churned,,,,,2025-04-06
100002966,2025-06-15,,churned,,,,,2025-04-06
100002968,2025-04-06,,churned,,,,,2025-04-06
100002969,2025-04-06,,churned,,,,,2025-04-06
100002970,2025-04-06,,churned,,,,,2025-04-06
100002973,2025-04-07,,churned,,,,,2025-04-07
100002974,2025-04-10,,churned,,,,,2025-04-10
100002975,2025-04-07,,churned,,,,,2025-04-07
100002977,2025-04-12,,churned,,,,,2025-04-08
100002978,2025-04-10,,churned,,,,,2025-04-08
100002979,2025-04-12,,churned,,,,,2025-04-08
100002981,2025-04-11,,churned,,,,,2025-04-08
100002982,2025-05-28,,churned,,,,,2025-04-08
100002984,2025-05-20,,churned,,,,,2024-10-21
100002985,2025-04-11,,churned,,,,,2025-04-11
100002986,2025-04-09,,churned,,,,,2025-04-09
100002988,2025-04-09,,churned,,,,,2025-04-09
100002989,2025-04-09,,churned,,,,,2025-04-09
100002992,2025-05-18,,churned,,,,,2025-04-10
100002993,2025-04-10,,churned,,,,,2025-04-10
100002994,2025-04-14,,churned,,,,,2025-04-10
100002996,2025-04-11,,churned,,,,,2025-04-10
100002998,2025-05-29,,churned,,,,,2025-04-10
100003002,2025-04-18,,churned,,,,,2025-04-11
100003010,2025-04-11,,churned,,,,,2025-04-11
100003016,2025-04-12,,churned,,,,,2025-04-12
100003019,2025-04-12,,churned,,,,,2025-04-12
100003020,2025-04-12,,churned,,,,,2025-04-12
100003021,2025-05-16,,churned,,,,,2025-04-12
100003028,2025-04-15,,churned,,,,,2025-04-12
100003030,2025-04-13,,churned,,,,,2025-04-13
100003031,2025-05-24,,churned,,,,,2025-04-13
100003032,2025-04-13,,churned,,,,,2025-04-13
100003033,2025-04-21,,churned,,,,,2025-04-13
100003035,2025-05-16,,churned,,,,,2025-04-13
100003036,2025-04-13,,churned,,,,,2025-04-13
100003040,2025-04-13,,churned,,,,,2025-04-13
100003041,2025-04-14,,churned,,,,,2025-04-14
100003042,2025-04-14,,churned,,,,,2025-04-14
100003044,2025-06-08,,churned,,,,,2025-04-14
100003045,2025-05-28,,churned,,,,,2025-04-14
100003046,2025-04-15,,churned,,,,,2025-04-15
100003047,2025-05-05,,churned,,,,,2025-04-15
100003048,2025-04-26,,churned,,,,,2025-04-15
100003049,2025-04-15,,churned,,,,,2025-04-15
100003051,2025-05-13,,churned,,,,,2025-04-16
100003052,2025-04-16,,churned,,,,,2025-04-16
100003054,2025-04-17,,churned,,,,,2025-04-12
100003056,2025-04-16,,churned,,,,,2025-04-16
100003057,2025-04-17,,churned,,,,,2025-04-17
100003058,2025-04-17,,churned,,,,,2025-04-17
100003061,2025-06-07,,churned,,,,,2025-04-17
100003062,2025-04-18,,churned,,,,,2025-04-17
100003063,2025-04-17,,churned,,,,,2025-04-17
100003064,2025-04-18,,churned,,,,,2025-04-18
100003065,2025-04-19,,churned,,,,,2025-04-18
100003066,2025-04-18,,churned,,,,,2025-04-18
100003067,2025-04-18,,churned,,,,,2025-04-18
100003071,2025-04-18,,churned,,,,,2025-04-18
100003074,2025-05-01,,churned,,,,,2025-04-18
100003076,2025-04-19,,churned,,,,,2025-04-19
100003078,2025-04-19,,churned,,,,,2025-04-19
100003079,2025-04-19,,churned,,,,,2025-04-19
100003081,2025-04-19,,churned,,,,,2025-04-19
100003082,2025-04-19,,churned,,,,,2025-04-19
100003083,2025-04-20,,churned,,,,,2025-04-20
100003084,2025-04-19,,churned,,,,,2025-04-19
100003088,2025-04-19,,churned,,,,,2025-04-19
100003089,2025-04-19,,churned,,,,,2025-04-19
100003091,2025-04-19,,churned,,,,,2025-04-19
100003092,2025-04-19,,churned,,,,,2025-04-19
100003093,2025-04-19,,churned,,,,,2025-04-19
100003094,2025-05-05,,churned,,,,,2025-04-20
100003096,2025-04-20,,churned,,,,,2025-04-20
100003101,2025-04-21,,churned,,,,,2025-04-21
100003102,2025-05-29,,churned,,,,,2025-04-21
100003103,2025-05-12,,churned,,,,,2025-05-05
100003104,2025-04-23,,churned,,,,,2025-04-22
100003105,2025-04-22,,churned,,,,,2025-04-22
100003106,2025-04-23,,churned,,,,,2025-04-22
100003107,2025-05-29,,churned,,,,,2025-04-22
100003108,2025-04-22,,churned,,,,,2025-04-22
100003109,2025-04-30,,churned,,,,,2025-04-22
100003111,2025-05-07,,churned,,,,,2025-04-22
100003119,2025-04-23,,churned,,,,,2025-04-23
100003120,2025-04-23,,churned,,,,,2025-04-23
100003121,2025-04-23,,churned,,,,,2025-04-23
100003122,2025-05-01,,churned,,,,,2025-04-23
100003123,2025-04-24,,churned,,,,,2025-04-24
100003124,2025-05-06,,churned,,,,,2025-04-24
100003125,2025-04-24,,churned,,,,,2025-04-24
100003126,2025-04-26,,churned,,,,,2025-04-24
100003127,2025-04-24,,churned,,,,,2025-04-24
100003128,2025-04-24,,churned,,,,,2025-04-24
100003132,2025-04-24,,churned,,,,,2025-04-24
100003135,2025-06-21,,churned,,,,,2025-04-25
100003139,2025-04-25,,churned,,,,,2025-04-25
100003140,2025-04-25,,churned,,,,,2025-04-25
100003142,2025-04-25,,churned,,,,,2025-04-25
100003144,2025-05-20,,churned,,,,,2025-04-25
100003145,2025-06-06,,churned,,,,,2025-04-25
100003146,2025-04-26,,churned,,,,,2025-04-25
100003148,2025-06-05,,churned,,,,,2025-04-26
100003150,2025-04-26,,churned,,,,,2025-04-26
100003153,2025-04-26,,churned,,,,,2025-04-26
100003156,2025-04-27,,churned,,,,,2025-04-27
100003158,2025-06-06,,churned,,,,,2025-04-27
100003161,2025-04-28,,churned,,,,,2025-04-28
100003162,2025-04-28,,churned,,,,,2025-04-28
100003164,2025-05-01,,churned,,,,,2025-04-28
100003165,2025-04-29,,churned,,,,,2025-04-29
100003166,2025-04-29,,churned,,,,,2025-04-29
100003167,2025-04-29,,churned,,,,,2025-04-29
100003169,2025-06-06,,churned,,,,,
100003170,2025-06-06,,churned,,,,,
100003171,2025-06-06,,churned,,,,,
100003172,2025-04-30,,churned,,,,,2025-04-30
100003173,2025-04-30,,churned,,,,,2025-04-30
100003174,2025-06-11,,churned,,,,,2025-04-30
100003176,2025-05-02,,churned,,,,,2025-04-30
100003177,2025-06-19,,churned,,,,,2025-04-30
100003178,2025-04-30,,churned,,,,,2025-04-30
100003179,2025-06-03,,churned,,,,,2025-04-30
100003183,2025-05-01,,churned,,,,,2025-05-01
100003185,2025-05-01,,churned,,,,,2025-05-01
100003187,2025-05-05,,churned,,,,,2025-05-05
100003190,2025-05-01,,churned,,,,,2025-05-01
100003191,2025-06-13,,churned,,,,,2025-05-01
100003192,2025-05-24,,churned,,,,,2025-05-01
100003193,2025-05-02,,churned,,,,,2025-05-01
100003194,2025-05-05,,churned,,,,,2025-05-02
100003195,2025-06-21,,churned,,,,,2025-05-03
100003198,2025-05-02,,churned,,,,,2025-05-02
100003200,2025-06-20,,churned,,,,,2025-05-02
100003205,2025-05-03,,churned,,,,,2025-05-03
100003206,2025-05-03,,churned,,,,,2025-05-03
100003210,2025-05-03,,churned,,,,,2025-05-03
100003212,2025-05-19,,churned,,,,,2025-05-19
100003213,2025-05-09,,churned,,,,,2025-05-03
100003214,2025-06-01,,churned,,,,,2025-05-03
100003218,2025-05-04,,churned,,,,,2025-05-04
100003219,2025-05-04,,churned,,,,,2025-05-04
100003221,2025-05-05,,churned,,,,,2025-05-04
100003222,2025-05-07,,churned,,,,,2025-05-04
100003223,2025-05-04,,churned,,,,,2025-05-04
100003224,2025-05-04,,churned,,,,,2025-05-04
100003225,2025-05-11,,churned,,,,,2025-05-11
100003226,2025-05-05,,churned,,,,,2025-05-04
100003228,2025-06-03,,churned,,,,,2025-05-05
100003230,2025-05-06,,churned,,,,,2025-05-05
100003231,2025-05-05,,churned,,,,,2025-05-05
100003232,2025-05-05,,churned,,,,,2025-05-05
100003233,2025-05-05,,churned,,,,,2025-05-05
100003234,2025-05-05,,churned,,,,,2025-05-05
100003235,2025-05-05,,churned,,,,,2025-05-05
100003236,2025-05-05,,churned,,,,,2025-05-05
100003238,2025-05-14,,churned,,,,,2025-05-14
100003240,2025-05-15,,churned,,,,,2025-05-06
100003244,2025-05-06,,churned,,,,,2025-05-06
100003248,2025-05-30,,churned,,,,,2025-05-22
100003249,2025-06-16,,churned,,,,,2025-05-07
100003250,2025-05-24,,churned,,,,,2025-05-07
100003251,2025-05-08,,churned,,,,,2025-05-08
100003252,2025-06-17,,churned,,,,,2025-05-09
100003253,2025-05-09,,churned,,,,,2025-05-09
100003255,2025-06-20,,churned,,,,,2025-05-09
100003257,2025-05-09,,churned,,,,,2025-05-09
100003260,2025-05-10,,churned,,,,,2025-05-10
100003263,2025-05-10,,churned,,,,,2025-05-10
100003264,2025-06-16,,churned,,,,,2025-06-16
100003267,2025-05-11,,churned,,,,,2025-05-11
100003269,2025-05-24,,churned,,,,,2025-05-11
100003270,2025-05-11,,churned,,,,,2025-05-11
100003271,2025-05-11,,churned,,,,,2025-05-11
100003273,2025-06-22,,churned,,,,,2025-05-11
100003275,2025-05-12,,churned,,,,,2025-05-12
100003277,2025-06-21,,churned,,,,,2025-05-11
100003279,2025-05-12,,churned,,,,,2025-05-12
100003280,2025-05-12,,churned,,,,,2025-05-12
100003281,2025-05-12,,churned,,,,,2025-05-12
100003283,2025-05-20,,churned,,,,,2025-05-12
100003285,2025-05-12,,churned,,,,,2025-05-12
100003286,2025-05-12,,churned,,,,,2025-05-12
100003289,2025-06-10,,churned,,,,,2025-05-13
100003290,2025-06-03,,churned,,,,,2025-05-13
100003291,2025-05-13,,churned,,,,,2025-05-13
100003292,2025-05-13,,churned,,,,,2025-05-13
100003294,2025-05-13,,churned,,,,,2025-05-13
100003298,2025-05-17,,churned,,,,,2025-05-14
100003300,2025-05-27,,churned,,,,,2025-05-14
100003302,2025-05-19,,churned,,,,,2025-05-16
100003303,2025-06-21,,churned,,,,,2025-05-16
100003304,2025-06-21,,churned,,,,,2025-05-16
100003309,2025-05-25,,churned,,,,,2025-05-17
100003310,2025-05-17,,churned,,,,,2025-05-17
100003311,2025-05-18,,churned,,,,,2025-05-18
100003313,2025-06-04,,churned,,,,,2025-05-18
100003314,2025-05-31,,churned,,,,,2025-05-18
100003316,2025-05-28,,churned,,,,,2025-05-18
100003318,2025-06-14,,churned,,,,,2025-05-18
100003320,2025-06-01,,churned,,,,,2025-05-18
100003322,2025-05-18,,churned,,,,,2025-05-18
100003323,2025-05-26,,churned,,,,,2025-05-18
100003327,2025-05-19,,churned,,,,,2025-05-19
100003329,2025-05-22,,churned,,,,,2025-05-22
100003330,2025-05-20,,churned,,,,,2025-05-20
100003331,2025-05-20,,churned,,,,,2025-05-20
100003333,2025-06-02,,churned,,,,,2025-05-20
100003334,2025-05-22,,churned,,,,,2025-05-21
100003335,2025-05-21,,churned,,,,,2025-05-21
100003340,2025-05-29,,churned,,,,,2025-05-22
100003341,2025-05-28,,churned,,,,,2025-05-22
100003342,2025-05-31,,churned,,,,,2025-05-22
100003343,2025-05-23,,churned,,,,,2025-05-22
100003344,2025-05-22,,churned,,,,,2025-05-22
100003346,2025-05-23,,churned,,,,,2025-05-23
100003347,2025-05-23,,churned,,,,,2025-05-23
100003348,2025-06-10,,churned,,,,,2025-05-23
100003351,2025-05-24,,churned,,,,,2025-05-24
100003352,2025-06-11,,churned,,,,,2025-05-24
100003357,2025-05-25,,churned,,,,,2025-05-25
100003359,2025-06-15,,churned,,,,,2025-05-25
100003360,2025-05-25,,churned,,,,,2025-05-25
100003362,2025-05-25,,churned,,,,,2025-05-25
100003363,2025-05-25,,churned,,,,,2025-05-25
100003365,2025-05-25,,churned,,,,,2025-05-25
100003367,2025-05-25,,churned,,,,,2025-05-25
100003368,2025-05-31,,churned,,,,,2025-05-25
100003369,2025-05-30,,churned,,,,,2025-05-25
100003370,2025-05-29,,churned,,,,,2025-05-25
100003372,2025-05-28,,churned,,,,,2025-05-26
100003374,2025-05-26,,churned,,,,,2025-05-26
100003376,2025-06-11,,churned,,,,,2025-05-27
100003378,2025-05-27,,churned,,,,,2025-05-27
100003379,2025-05-27,,churned,,,,,2025-05-27
100003381,2025-06-07,,churned,,,,,2025-05-27
100003385,2025-06-09,,churned,,,,,2025-05-27
100003389,2025-05-28,,churned,,,,,2025-05-28
100003394,2025-05-29,,churned,,,,,2025-05-29
100003395,2025-06-10,,churned,,,,,2025-01-18
100003396,2025-05-29,,churned,,,,,2025-05-29
100003397,2025-06-02,,churned,,,,,2025-05-29
100003400,2025-06-08,,churned,,,,,2025-05-29
100003401,2025-06-03,,churned,,,,,2025-05-30
100003403,2025-05-30,,churned,,,,,2025-05-30
100003404,2025-05-30,,churned,,,,,2025-05-30
100003405,2025-05-30,,churned,,,,,2025-05-30
100003410,2025-05-31,,churned,,,,,2025-05-31
100003414,2025-06-04,,churned,,,,,2025-05-31
100003415,2025-05-31,,churned,,,,,2025-05-31
100003417,2025-06-10,,churned,,,,,2025-06-01
100003418,2025-06-07,,churned,,,,,2025-06-01
100003419,2025-06-01,,churned,,,,,2025-06-01
100003420,2025-06-03,,churned,,,,,2025-06-01
100003423,2025-06-01,,churned,,,,,2025-06-01
100003425,2025-06-02,,churned,,,,,2025-06-02
100003428,2025-06-03,,churned,,,,,2025-06-02
100003430,2025-06-03,,churned,,,,,2025-06-02
100003437,2025-06-04,,churned,,,,,2025-06-04
100003438,2025-06-04,,churned,,,,,2025-06-04
100003441,2025-06-04,,churned,,,,,2025-06-04
100003442,2025-06-09,,churned,,,,,2025-06-04
100003443,2025-06-06,,churned,,,,,2025-06-05
100003444,2025-06-05,,churned,,,,,2024-10-29
100003445,2025-06-05,,churned,,,,,2025-06-05
100003449,2025-06-05,,churned,,,,,2025-06-05
100003452,2025-06-07,,churned,,,,,2025-06-06
100003453,2025-06-17,,churned,,,,,2025-06-06
100003457,2025-06-14,,churned,,,,,2025-06-06
100003460,2025-06-07,,churned,,,,,2025-06-07
100003461,2025-06-17,,churned,,,,,2025-06-07
100003464,2025-06-07,,churned,,,,,2025-06-07
100003466,2025-06-15,,churned,,,,,2025-06-07
100003468,2025-06-07,,churned,,,,,2025-06-07
100003471,2025-06-07,,churned,,,,,2025-06-07
100003473,2025-06-15,,churned,,,,,2025-06-08
100003474,2025-06-14,,churned,,,,,2025-06-08
100003475,2025-06-14,,churned,,,,,2025-06-08
100003476,2025-06-08,,churned,,,,,2025-06-08
100003481,2025-06-08,,churned,,,,,2025-06-08
100003483,2025-06-08,,churned,,,,,2025-06-08
100003487,2025-06-09,,churned,,,,,2025-06-09
100003488,2025-06-09,,churned,,,,,2025-06-09
100003492,2025-06-09,,churned,,,,,2025-06-09
100003493,2025-06-17,,churned,,,,,2025-05-25
100003494,2025-06-10,,churned,,,,,2025-06-10
100003495,2025-06-14,,churned,,,,,2025-06-10
100003496,2025-06-20,,churned,,,,,2025-06-20
100003497,2025-06-10,,churned,,,,,2025-06-10
100003499,2025-06-10,,churned,,,,,2025-06-10
100003500,2025-06-12,,churned,,,,,2025-06-10
100003502,2025-06-11,,churned,,,,,2025-06-11
100003503,2025-06-11,,churned,,,,,2025-06-11
100003505,2025-06-11,,churned,,,,,2025-06-11
100003507,2025-06-11,,churned,,,,,2025-06-11
100003509,2025-06-11,,churned,,,,,2025-06-11
100003511,2025-06-12,,churned,,,,,2025-06-12
100003512,2025-06-12,,churned,,,,,2025-06-12
100003513,2025-06-12,,churned,,,,,2025-06-12
100003514,2025-06-12,,churned,,,,,2025-06-12
100003515,2025-06-16,,churned,,,,,2025-06-12
100003516,2025-06-12,,churned,,,,,2025-06-12
100003517,2025-06-12,,churned,,,,,2025-06-12
100003520,2025-06-13,,churned,,,,,2025-06-13
100003521,2025-06-13,,churned,,,,,2025-06-13
100003523,2025-06-13,,churned,,,,,2025-06-13
100003525,2025-06-13,,churned,,,,,2025-06-13
100003529,2025-06-13,,churned,,,,,2025-06-13
100003532,2025-06-14,,churned,,,,,2025-06-14
100003536,2025-06-14,,churned,,,,,2025-06-14
100003537,2025-06-14,,churned,,,,,2025-06-14
100003543,2025-06-15,,churned,,,,,2025-06-15
100003550,2025-06-15,,churned,,,,,2025-06-15
100003553,2025-06-15,,churned,,,,,2025-06-15
100003554,2025-06-21,,churned,,,,,2025-06-15
100003559,2025-06-16,,churned,,,,,2025-06-16
100003565,2025-06-18,,churned,,,,,2025-06-18
100003566,2025-06-18,,churned,,,,,2025-06-18
100003569,2025-06-18,,churned,,,,,2025-06-18
100003570,2025-06-20,,churned,,,,,2025-06-18
100003571,2025-06-18,,churned,,,,,2025-06-18
100003573,2025-06-19,,churned,,,,,2025-06-19
100003579,2025-06-20,,churned,,,,,2025-06-20
100003581,2025-06-20,,churned,,,,,2025-06-20
100003593,2025-06-22,,churned,,,,,2025-06-22
100003595,2025-06-22,,churned,,,,,2025-06-22
100003597,2025-06-22,,churned,,,,,2025-06-22
100003599,2025-06-22,,churned,,,,,2025-06-22
